,open,high,low,close,volume
2023-01-01 00:00:00,16518.50746516066,16539.034598839306,16491.29187454049,16510.57173719445,663.7799149668086
2023-01-01 00:15:00,16501.453055452934,16563.66952224133,16443.92871513718,16506.795016580978,836.6976177251877
2023-01-01 00:30:00,16504.345466767645,16525.17448692605,16469.04452075352,16492.961208079614,868.094614152014
2023-01-01 00:45:00,16489.388683809808,16519.653731475977,16461.96130029942,16497.512085658134,587.4236765284091
2023-01-01 01:00:00,16502.523393282514,16515.60581037687,16448.671771532234,16497.038957630124,1468.6744937243495
2023-01-01 01:15:00,16502.475089282194,16539.945960428315,16455.817095599945,16481.14514500966,564.7220869421117
2023-01-01 01:30:00,16480.48421170093,16536.334527662584,16475.182745786435,16521.610318553223,1998.6421836435895
2023-01-01 01:45:00,16524.57521104856,16584.750307937076,16503.75813376335,16544.091840898356,1403.836339960263
2023-01-01 02:00:00,16537.787905875826,16613.331299238507,16531.626662365346,16546.61131307826,665.8401874828126
2023-01-01 02:15:00,16546.833137667065,16546.833137667065,16454.033512178103,16501.234761206837,1136.9836802580849
2023-01-01 02:30:00,16503.041990551188,16503.041990551188,16414.813697262107,16486.2979285009,594.9732768957501
2023-01-01 02:45:00,16489.369168676916,16495.10773179675,16465.640707344737,16482.50900377388,1469.2961284489731
2023-01-01 03:00:00,16483.90978256027,16537.74710907438,16420.363341574477,16468.19713907968,767.5826892565253
2023-01-01 03:15:00,16467.689724210315,16506.751951040238,16441.469045216614,16462.92118463489,733.4935679572482
2023-01-01 03:30:00,16458.199841843354,16505.827957782207,16419.919927842064,16448.717171418415,722.607082867149
2023-01-01 03:45:00,16451.63290740661,16501.32868987303,16417.99972618994,16442.034887527905,1307.8764780681229
2023-01-01 04:00:00,16447.252849999928,16472.114819893774,16416.902152502284,16436.82001982004,769.232752395231
2023-01-01 04:15:00,16427.85759703363,16456.836369324206,16359.649686681138,16436.391763043375,541.8253912285721
2023-01-01 04:30:00,16424.727120002277,16478.274639932544,16403.260638919775,16417.02520958185,868.2164282276372
2023-01-01 04:45:00,16411.48683776328,16445.803713877936,16407.30335415702,16422.525460392513,944.904144161249
2023-01-01 05:00:00,16436.81876781635,16457.777104875677,16385.37246170872,16408.29371656599,600.0841942662174
2023-01-01 05:15:00,16409.479884786786,16418.18938688677,16360.194291411904,16387.16204832611,627.9629745025885
2023-01-01 05:30:00,16384.475126267014,16384.475126267014,16335.721667002024,16367.863291368922,575.1582963066819
2023-01-01 05:45:00,16367.90453853091,16378.595958450633,16343.308773729823,16365.88707892242,1197.6242174877311
2023-01-01 06:00:00,16357.306268810202,16408.869012097537,16357.306268810202,16376.383876479962,832.0956162690862
2023-01-01 06:15:00,16377.913548544682,16414.1124458808,16333.750538568482,16374.749704925403,1642.9383680020171
2023-01-01 06:30:00,16372.030887158466,16421.02694753293,16372.030887158466,16387.163831273978,573.0944770279133
2023-01-01 06:45:00,16383.006956884352,16449.601110499203,16375.735278070766,16399.141255370974,1168.88132318103
2023-01-01 07:00:00,16410.887205735242,16451.0351842807,16406.337133608675,16419.74414742033,666.5567096173945
2023-01-01 07:15:00,16422.441484075174,16447.122892031868,16383.887134408917,16427.276342487043,694.1550534895456
2023-01-01 07:30:00,16435.022605733768,16435.022605733768,16366.784955312381,16420.069282660388,743.1652099775257
2023-01-01 07:45:00,16418.46393614848,16456.03431697667,16416.969488327395,16434.815150355145,578.3754512620659
2023-01-01 08:00:00,16442.307451122637,16447.35818919807,16415.68663855391,16426.9712189416,743.7113028952183
2023-01-01 08:15:00,16419.104105128336,16474.968200798885,16389.446828450873,16405.556060052946,916.0164401131156
2023-01-01 08:30:00,16404.257429911882,16460.064893897335,16365.648642276368,16437.592257905355,914.9174568281977
2023-01-01 08:45:00,16428.5376250019,16475.974187572527,16428.5376250019,16451.842763382614,783.3327753826762
2023-01-01 09:00:00,16446.384337162803,16490.932947136593,16413.37591443488,16476.54075247829,1319.344275947292
2023-01-01 09:15:00,16478.76788672289,16517.230987316463,16426.324411922556,16468.113161672587,1429.8065736050303
2023-01-01 09:30:00,16469.06192770829,16479.25397838537,16428.880639580213,16452.36930709911,671.3365671807006
2023-01-01 09:45:00,16448.01110064105,16476.617123237516,16426.305500414885,16463.136000533646,563.3089451621028
2023-01-01 10:00:00,16464.955757811265,16496.55423667981,16431.675483473802,16473.008160911268,558.1438348376886
2023-01-01 10:15:00,16474.99118808035,16476.113509679286,16438.60395067759,16462.02855896095,1065.4596867342982
2023-01-01 10:30:00,16457.666575233074,16484.056239946847,16432.37849754433,16458.617708287406,889.0674407716921
2023-01-01 10:45:00,16462.697389846267,16526.72230303798,16460.334836796374,16474.603768998022,1510.6825588134677
2023-01-01 11:00:00,16478.960935033036,16479.894690704543,16442.653316603835,16459.52452672026,1265.4619256238025
2023-01-01 11:15:00,16464.873894376393,16468.45023241371,16400.995334505766,16434.112440267643,1097.190715742328
2023-01-01 11:30:00,16423.551809841978,16450.79325301503,16368.196126465376,16440.191254072754,1858.1495663447274
2023-01-01 11:45:00,16440.628478613144,16440.88336153478,16378.07191914539,16422.693634140076,722.9651897552525
2023-01-01 12:00:00,16420.022551714315,16471.347993368974,16418.968085335895,16429.214308184964,1479.8409810798294
2023-01-01 12:15:00,16431.196536804484,16510.984664471758,16419.1956860919,16436.98705093971,572.6022963056777
2023-01-01 12:30:00,16435.947958019315,16448.789896924198,16344.513518883487,16404.27579432827,1675.9652988086402
2023-01-01 12:45:00,16398.314181559548,16429.713039157316,16341.952230647703,16405.301501981565,617.1266152358218
2023-01-01 13:00:00,16395.155683218516,16476.05493099793,16390.273159058383,16441.79877184702,799.7792970017135
2023-01-01 13:15:00,16445.98804639005,16489.411744801953,16386.15354753163,16404.65717020562,1233.5308292938003
2023-01-01 13:30:00,16408.697049877894,16445.06818724056,16359.626291257435,16425.063673191617,811.0608229001929
2023-01-01 13:45:00,16424.335840145282,16424.335840145282,16349.253432552805,16402.769227383887,1553.280697152867
2023-01-01 14:00:00,16403.659184502874,16425.83480391094,16380.452847567232,16391.40031477808,1227.887605616438
2023-01-01 14:15:00,16388.120746812336,16410.419991186376,16332.394093798304,16389.995734183452,1329.8183356121478
2023-01-01 14:30:00,16386.185460239478,16386.185460239478,16311.988003112412,16360.54801464642,874.6865294363967
2023-01-01 14:45:00,16362.105088281744,16387.343182068413,16332.64801106041,16368.251221191273,604.2544513177564
2023-01-01 15:00:00,16369.975216033185,16419.622701357694,16355.284958147053,16370.040093135096,745.4838425989997
2023-01-01 15:15:00,16363.818327197796,16392.263493886403,16308.644755471581,16367.568567748944,509.71936789970607
2023-01-01 15:30:00,16368.81256253737,16412.09041505225,16313.616901335712,16365.540041557517,508.0943524343789
2023-01-01 15:45:00,16365.379236791754,16395.74909780589,16328.785681885525,16372.487679421729,1120.5761364128361
2023-01-01 16:00:00,16370.993128632987,16389.440384789814,16324.964942416122,16376.222945797452,609.1506970128416
2023-01-01 16:15:00,16366.037145231816,16433.28985153012,16342.946577338736,16395.48471028485,1043.598106438622
2023-01-01 16:30:00,16392.21485002837,16412.6694066282,16345.30127672235,16392.216507654244,1539.8271557453775
2023-01-01 16:45:00,16383.603228906975,16405.87324606369,16364.592686714966,16393.696101526344,549.2599660780378
2023-01-01 17:00:00,16392.581253764558,16458.045200662495,16359.233930031756,16381.924754675847,911.8972167401851
2023-01-01 17:15:00,16381.20801419254,16440.45691187151,16333.363445109018,16391.87449192906,610.514965021215
2023-01-01 17:30:00,16389.599995890338,16446.702323737238,16369.150003902301,16403.663892419583,1129.4604601125586
2023-01-01 17:45:00,16403.897715821207,16469.017224721523,16403.897715821207,16424.864591231868,855.6462055123751
2023-01-01 18:00:00,16423.25495685341,16514.49738946109,16423.25495685341,16445.765199275862,694.1379707585156
2023-01-01 18:15:00,16447.968348427486,16478.277843623342,16400.710842664987,16425.257416835062,617.8108317832051
2023-01-01 18:30:00,16427.806399469817,16453.898323691425,16404.174163960102,16440.633498330575,626.8630022714002
2023-01-01 18:45:00,16436.603456604647,16460.57977441375,16414.78092259879,16442.21430513622,852.874837037431
2023-01-01 19:00:00,16444.681335635647,16494.583294358938,16444.681335635647,16479.282315878827,1481.23927772498
2023-01-01 19:15:00,16477.57495677399,16511.163602068307,16459.3102708621,16486.594205882255,599.4688276559174
2023-01-01 19:30:00,16485.688214082347,16542.876847071806,16474.46106304596,16515.021694395356,706.0829518739582
2023-01-01 19:45:00,16526.911876307444,16565.461365027124,16454.339907106216,16512.773474827667,649.5950164360171
2023-01-01 20:00:00,16507.648775514437,16545.612730642843,16470.404548831415,16518.82932711526,690.9660522798889
2023-01-01 20:15:00,16515.929214028696,16552.062277010096,16494.233686998305,16511.592398969296,844.4699381262341
2023-01-01 20:30:00,16517.878514432352,16543.652436275323,16471.310633771405,16513.42680415234,569.7167967359741
2023-01-01 20:45:00,16508.291128418445,16562.830050307326,16503.569936108146,16530.14169234561,1091.4367751141817
2023-01-01 21:00:00,16532.74459941363,16539.06693798773,16469.720178157713,16521.392967163745,560.078752246738
2023-01-01 21:15:00,16513.02309292322,16565.23410728807,16513.02309292322,16549.88830935428,625.0649847773867
2023-01-01 21:30:00,16551.763182480838,16580.27077226974,16532.283373515853,16549.810553507705,518.5422946945665
2023-01-01 21:45:00,16551.17351312594,16578.726719328,16538.93436400462,16554.7944709955,635.6519521025688
2023-01-01 22:00:00,16550.40999923795,16550.40999923795,16515.652086967453,16535.06367370744,1728.9159364630423
2023-01-01 22:15:00,16546.311451567,16583.84584429547,16515.387387007027,16546.656149797698,1034.488617698765
2023-01-01 22:30:00,16545.58436641484,16570.576050792406,16542.882545282202,16559.06657360802,646.4691193296337
2023-01-01 22:45:00,16559.20934234172,16592.026728053486,16536.55389029402,16565.589331198265,536.7188824822101
2023-01-01 23:00:00,16566.383023263712,16612.11738064846,16531.62651760505,16558.03912149521,613.05151507005
2023-01-01 23:15:00,16553.991084000194,16597.43425242498,16519.23252162476,16552.88805855337,2025.0256942498522
2023-01-01 23:30:00,16552.710508845088,16569.208704023342,16535.468863966278,16551.88626094708,533.699263555049
2023-01-01 23:45:00,16555.860966129578,16588.200147873875,16532.48229658907,16572.236948257152,598.1525564808653
2023-01-02 00:00:00,16582.228060756883,16602.191913721887,16571.08208849506,16581.05232103538,542.8556977691896
2023-01-02 00:15:00,16578.362608024774,16626.910947135035,16545.998056904104,16579.20228800072,840.6170083772606
2023-01-02 00:30:00,16581.566836251623,16586.05155867999,16531.265847076378,16574.49829581112,1147.868973246921
2023-01-02 00:45:00,16572.15983786841,16574.777412980988,16452.341197371235,16529.874602074306,1427.2431753077835
2023-01-02 01:00:00,16526.93956092791,16533.129343323086,16455.810464551127,16520.98230558392,1004.5532564551594
2023-01-02 01:15:00,16514.387413761375,16547.770170970707,16488.770342566757,16522.87461444573,627.7627033869328
2023-01-02 01:30:00,16532.425434201774,16532.425434201774,16499.12959357258,16510.401807732367,2442.7052003483263
2023-01-02 01:45:00,16505.63901756824,16549.4135318283,16423.80772746428,16489.350365282473,1061.8678924102412
2023-01-02 02:00:00,16496.69031693946,16549.166529880225,16478.10491657886,16507.76134312299,964.2665261920856
2023-01-02 02:15:00,16505.828663536195,16567.983247602286,16504.35404519056,16514.656000857638,541.1089240240591
2023-01-02 02:30:00,16514.791478334093,16546.279557048285,16507.50426136565,16523.58916487724,685.4547056745497
2023-01-02 02:45:00,16524.640444107954,16545.966013620764,16493.235455509082,16515.915380330007,866.7874286725685
2023-01-02 03:00:00,16517.46599265947,16545.945227772212,16474.145104275176,16532.67290881038,1319.5424757638689
2023-01-02 03:15:00,16531.623381582165,16544.591464088357,16505.2319125923,16522.80152428302,846.5098666073181
2023-01-02 03:30:00,16524.872256696875,16562.010462120725,16490.6295331791,16522.598191514666,1598.8324751297985
2023-01-02 03:45:00,16519.537575582624,16568.256983907682,16498.505584475286,16525.536567903564,590.1707560076406
2023-01-02 04:00:00,16521.33050751135,16571.0099356876,16512.168576255226,16531.705792879715,519.162982331625
2023-01-02 04:15:00,16538.612310856373,16590.87365490713,16483.131830285616,16542.961724385284,1333.5339025758988
2023-01-02 04:30:00,16544.62675927524,16578.820394863138,16538.116877436736,16549.963891625826,1274.6982571865856
2023-01-02 04:45:00,16550.689490502074,16584.51763755084,16550.689490502074,16564.32517525428,889.8974979709947
2023-01-02 05:00:00,16553.508521963282,16597.71879148185,16545.782757316894,16571.110955888475,621.5637252423847
2023-01-02 05:15:00,16565.380646154117,16610.845307160253,16538.244078167525,16581.724281666353,632.0142107269119
2023-01-02 05:30:00,16578.40999765541,16609.88625311195,16544.572539619083,16574.159476324312,1251.977738656811
2023-01-02 05:45:00,16578.004706566287,16578.004706566287,16544.550472635456,16562.98086079217,965.8481420055673
2023-01-02 06:00:00,16564.1367817257,16598.321855046812,16522.792852904826,16575.165784300047,679.9390662382212
2023-01-02 06:15:00,16576.304571699115,16642.930417385433,16572.674302414518,16603.6396437595,1243.7103067195014
2023-01-02 06:30:00,16603.425959499422,16608.204513416455,16556.774115542237,16582.953173765607,1107.7327056906258
2023-01-02 06:45:00,16591.973130708568,16591.973130708568,16555.495407505507,16571.637779117667,1200.628332914505
2023-01-02 07:00:00,16568.766451031435,16604.9287594992,16550.059034988026,16563.60306526653,1633.1976012253385
2023-01-02 07:15:00,16566.429900613282,16571.351842804856,16494.58394156538,16548.687597035747,615.9252763167553
2023-01-02 07:30:00,16551.631556577726,16551.631556577726,16494.38092000938,16532.06477804041,1406.826532997888
2023-01-02 07:45:00,16528.387024229454,16535.935870912446,16469.57527201201,16525.06807382261,918.1522689619601
2023-01-02 08:00:00,16523.120077424748,16534.882752382327,16502.61868440373,16516.619636896034,940.0826692218867
2023-01-02 08:15:00,16518.419252251882,16557.971996706423,16498.87125323566,16519.90074059072,1050.430838121001
2023-01-02 08:30:00,16510.291339183488,16545.371953720925,16497.377928215177,16534.622728008842,782.5970194115898
2023-01-02 08:45:00,16536.65756080354,16582.03757648516,16529.42326542561,16549.219260453578,1109.3487029368303
2023-01-02 09:00:00,16546.888087539097,16628.972769830718,16546.888087539097,16574.193906746856,1357.3709981926709
2023-01-02 09:15:00,16575.34667764417,16598.07230346457,16522.1011064573,16585.198066562254,906.0359815703541
2023-01-02 09:30:00,16587.30535870327,16674.175281791002,16565.113113583735,16600.43970969304,842.9744065845501
2023-01-02 09:45:00,16602.126031868684,16630.970569098026,16599.13746425392,16612.465456035607,867.8600540470313
2023-01-02 10:00:00,16618.414872322242,16671.133627892792,16552.97303460541,16628.706810894815,1164.4936280782322
2023-01-02 10:15:00,16632.210170495924,16665.39730261097,16551.410176728805,16639.15145289718,670.476053464695
2023-01-02 10:30:00,16639.060622353372,16722.025337990577,16628.785827889802,16656.12627966974,929.503813777407
2023-01-02 10:45:00,16659.87269838902,16679.67997322041,16603.345960413128,16661.121549356325,735.2417294410196
2023-01-02 11:00:00,16666.36098588583,16669.46011539801,16620.529570900646,16630.91614896976,726.054042288067
2023-01-02 11:15:00,16627.20698933966,16629.985454333077,16599.035004919147,16615.864213443867,869.6962393675884
2023-01-02 11:30:00,16627.966515551805,16646.702991256734,16573.739270488448,16609.327117531753,526.5447157276107
2023-01-02 11:45:00,16620.943619307433,16631.925088923534,16509.235967801458,16606.274826133835,697.6395705799962
2023-01-02 12:00:00,16607.504534908505,16657.299926762927,16607.504534908505,16634.981876789767,1111.2885308103178
2023-01-02 12:15:00,16638.14283733845,16678.96691447136,16597.35792125793,16625.57980596517,1223.7304542844208
2023-01-02 12:30:00,16626.54608407019,16630.473971756124,16592.458128972954,16614.928583408928,556.3595935777018
2023-01-02 12:45:00,16617.281781717138,16619.177261521047,16574.723093619235,16597.80120487263,1204.5672630050437
2023-01-02 13:00:00,16605.030422332566,16649.818107196865,16581.1504708767,16620.177619742703,905.0287446965924
2023-01-02 13:15:00,16617.624734318975,16690.64485652249,16585.59793397337,16637.20860236227,1168.2281830351822
2023-01-02 13:30:00,16630.425412306835,16663.61607746402,16609.247520778823,16639.567533398644,509.2046620414054
2023-01-02 13:45:00,16642.25819012439,16642.25819012439,16589.63593358462,16607.80259646818,824.6262580852592
2023-01-02 14:00:00,16608.287051369476,16688.008391347666,16608.287051369476,16631.73698412721,767.9441069280269
2023-01-02 14:15:00,16630.34366816009,16690.14966453918,16609.483244429972,16624.4628330366,784.3489274101153
2023-01-02 14:30:00,16614.73378923718,16646.521167557505,16593.265906758617,16632.16202068307,1027.8739960348703
2023-01-02 14:45:00,16639.35406254413,16639.734478644838,16599.666207117443,16623.007595000916,578.1280943929232
2023-01-02 15:00:00,16631.316360700497,16631.316360700497,16520.481302299857,16592.976765079038,919.5638027080148
2023-01-02 15:15:00,16592.290341433338,16648.61270419658,16580.215630148778,16596.88363660295,789.548257713186
2023-01-02 15:30:00,16593.35184706008,16595.475427205536,16541.257656530714,16584.18092596206,811.9583298418145
2023-01-02 15:45:00,16580.98477215008,16603.199661004895,16560.57896363818,16587.286344631513,666.3824422850348
2023-01-02 16:00:00,16592.87481823009,16650.554712670033,16581.896606683567,16595.937249871065,630.9132507423642
2023-01-02 16:15:00,16600.38662457705,16630.490195691895,16572.134698604612,16600.025339767348,574.4660341434651
2023-01-02 16:30:00,16604.10811553888,16619.30416233405,16515.347844849006,16591.629448716547,764.4984350624195
2023-01-02 16:45:00,16598.989678406408,16602.387749059926,16552.88068133965,16587.3715957567,855.742761227291
2023-01-02 17:00:00,16581.17736079461,16611.637996406844,16567.492637321448,16595.247876127214,1269.476258329282
2023-01-02 17:15:00,16587.148989846282,16625.430726328595,16553.533174696156,16608.536662198265,542.0603183917435
2023-01-02 17:30:00,16606.723593238126,16652.14542149463,16606.723593238126,16638.47901075483,1079.3060359825467
2023-01-02 17:45:00,16644.70233141271,16656.778868353063,16583.890320623053,16641.956125089135,643.4016281536595
2023-01-02 18:00:00,16648.438947777613,16686.148274714877,16640.90714758048,16658.440577906866,719.4886119804153
2023-01-02 18:15:00,16657.53304683023,16672.584519401837,16646.050060290614,16656.665453580896,1150.830740343218
2023-01-02 18:30:00,16663.37662008077,16700.350233326368,16607.385993463336,16647.40920894231,643.2794607198055
2023-01-02 18:45:00,16649.049277055838,16669.00067993513,16607.719524333435,16652.37887302248,673.2527464170043
2023-01-02 19:00:00,16651.42244308806,16651.42244308806,16615.105022673284,16637.91305491145,579.38012905427
2023-01-02 19:15:00,16645.610471955846,16645.610471955846,16575.21986122528,16623.200026869552,3526.402324742257
2023-01-02 19:30:00,16624.76761788019,16660.938353570844,16591.359979412307,16612.552483616473,1261.1492922168086
2023-01-02 19:45:00,16612.018303526696,16679.28018924375,16594.61422544571,16608.507254391614,629.8172552833535
2023-01-02 20:00:00,16611.577177864052,16646.950070739746,16560.034783337273,16604.073489668746,1051.2516838922716
2023-01-02 20:15:00,16614.021012702102,16708.658453976997,16613.741324190523,16643.864387351055,964.7950835731643
2023-01-02 20:30:00,16639.325508772527,16654.66310564561,16589.34210988916,16640.276557375935,670.276115931249
2023-01-02 20:45:00,16643.924409862437,16684.00170554705,16592.882537227506,16632.39410045522,1812.403188156136
2023-01-02 21:00:00,16630.187299298537,16651.60853274638,16609.633483495,16623.660196443783,628.93918708055
2023-01-02 21:15:00,16626.401432623083,16689.564170125417,16601.949265824278,16627.627104500956,611.4772289363382
2023-01-02 21:30:00,16635.778908728724,16659.618370269527,16622.00762647863,16636.551978785516,1187.7135057451083
2023-01-02 21:45:00,16643.757990014383,16643.757990014383,16590.820394961112,16625.04139350919,1183.5905420407553
2023-01-02 22:00:00,16623.629130451496,16644.080998888283,16607.36998549081,16631.853072919952,708.5874636054506
2023-01-02 22:15:00,16635.654643759524,16715.920976674537,16628.68957284229,16671.019209926082,1124.3683471859003
2023-01-02 22:30:00,16676.417147869844,16676.417147869844,16616.45141561841,16646.9022886756,783.0770746263277
2023-01-02 22:45:00,16641.779847297188,16667.465115326515,16630.43548837842,16651.65298128598,526.6976987131835
2023-01-02 23:00:00,16656.581160457667,16695.115008752855,16642.9137365538,16664.54859417626,565.1147196394611
2023-01-02 23:15:00,16667.54241832955,16737.173157757665,16657.148904188532,16691.560617817227,659.8921377469521
2023-01-02 23:30:00,16686.52624622976,16691.319769498044,16642.986662237705,16675.987034471604,873.1097716884346
2023-01-02 23:45:00,16670.0689196432,16707.356920136575,16639.806323552955,16679.762070550834,569.964378239746
2023-01-03 00:00:00,16675.046863675263,16709.692738846916,16661.348898972657,16682.736234495707,509.63909875080515
2023-01-03 00:15:00,16683.85237914632,16697.069855743674,16613.59611034502,16667.79080725127,1262.9717694780097
2023-01-03 00:30:00,16669.564942295277,16704.236466796512,16635.220900418637,16688.30931095089,686.9485189516832
2023-01-03 00:45:00,16687.33268483605,16744.001625463894,16676.472572661147,16693.44385566658,1822.8790082712928
2023-01-03 01:00:00,16694.795950312793,16745.38997921672,16683.819524634375,16711.2371627069,771.5297857694289
2023-01-03 01:15:00,16714.866480508965,16749.35450884237,16646.555907825412,16686.10472064644,819.8822634206579
2023-01-03 01:30:00,16688.371940597295,16713.464058860463,16638.603871430896,16677.766204176594,588.7566020910248
2023-01-03 01:45:00,16677.85812390192,16700.127121924263,16662.125426372266,16682.843030680873,786.9435374901143
2023-01-03 02:00:00,16684.50662781927,16709.57290666316,16668.754602354784,16697.858178988183,672.6728130481414
2023-01-03 02:15:00,16688.377997023825,16730.902153504743,16688.377997023825,16713.759841231404,574.4657214657107
2023-01-03 02:30:00,16708.561679652597,16723.771295259477,16683.03386775662,16711.670640926633,559.8460326934176
2023-01-03 02:45:00,16703.501346736994,16797.488813480504,16703.501346736994,16727.440367072126,670.2021114297984
2023-01-03 03:00:00,16725.514216700572,16818.370365257495,16707.536791329763,16738.92248371671,583.3076639844635
2023-01-03 03:15:00,16742.090278932843,16742.090278932843,16679.904803157227,16724.191713260443,1110.641102511521
2023-01-03 03:30:00,16724.28418929446,16742.33554462917,16657.1143537429,16726.45842063515,1705.268789609409
2023-01-03 03:45:00,16721.626350959687,16805.86532512215,16715.37995060595,16734.897364354536,711.0930348645826
2023-01-03 04:00:00,16727.74582229883,16786.47299959369,16690.24016093171,16725.041297231375,553.1016280130298
2023-01-03 04:15:00,16718.771085104825,16722.636941192286,16671.381247907542,16708.12766640822,1166.1341547906459
2023-01-03 04:30:00,16711.076968365345,16783.245509354558,16687.07449233635,16731.096232654945,2276.7111195824823
2023-01-03 04:45:00,16730.566125410714,16792.18163780494,16730.566125410714,16748.42080292998,705.0522724768354
2023-01-03 05:00:00,16752.88401285531,16780.929300595875,16726.597131403145,16770.133302418653,686.1671457563017
2023-01-03 05:15:00,16771.340620388422,16849.764106356823,16728.316871296658,16788.775155635518,1731.9534550121623
2023-01-03 05:30:00,16778.393909419665,16790.958458359462,16746.900084911922,16767.348502452664,647.4935615180971
2023-01-03 05:45:00,16762.57208323838,16829.538686211185,16743.200950623548,16799.33326095154,909.867185140459
2023-01-03 06:00:00,16787.910924942356,16842.855051799444,16692.520644157026,16775.53196280403,587.90737248933
2023-01-03 06:15:00,16775.243034566814,16815.994727390065,16705.9180463122,16797.302256800627,618.439235664236
2023-01-03 06:30:00,16797.500744948928,16831.836064856296,16729.42301710648,16816.783910347538,1010.5196308288436
2023-01-03 06:45:00,16815.655621685048,16841.71795023984,16805.934460951074,16822.83365754763,2578.911040520804
2023-01-03 07:00:00,16810.938620839785,16896.985282572656,16810.938620839785,16854.419326045074,854.3846816415138
2023-01-03 07:15:00,16851.70827730244,16883.17875380901,16827.494569837407,16854.310334956568,1473.1837989373007
2023-01-03 07:30:00,16857.712087061773,16857.712087061773,16796.254134933126,16831.879125739197,1144.3199116474696
2023-01-03 07:45:00,16826.335838103354,16851.05485423886,16807.075926856345,16833.454177276417,597.7195635912421
2023-01-03 08:00:00,16831.32286301604,16903.38151445333,16819.446339046306,16852.25128807398,1211.7076847150552
2023-01-03 08:15:00,16853.852826100352,16857.137800835266,16801.3771669904,16843.486392767267,624.593055574775
2023-01-03 08:30:00,16848.514523775124,16869.21873514571,16795.922743678246,16848.323802741033,600.7843089661591
2023-01-03 08:45:00,16846.31295067186,16870.861557949,16824.94232691686,16836.88370140263,737.656131886337
2023-01-03 09:00:00,16838.16562787434,16871.832918061456,16794.39064182974,16844.059633215198,1001.2061336121747
2023-01-03 09:15:00,16847.07356623247,16862.23966206462,16778.870772681912,16847.18629630822,982.0393495533391
2023-01-03 09:30:00,16845.945786504453,16874.03786239179,16823.917448984117,16839.076966639845,672.4705037032548
2023-01-03 09:45:00,16843.369488992335,16863.012791197612,16823.296856445722,16844.920655040314,951.6854906094593
2023-01-03 10:00:00,16848.963633817806,16930.869873195068,16815.734023883677,16866.76060241866,1092.3641449836323
2023-01-03 10:15:00,16862.154666657374,16902.810557594683,16829.54552863317,16859.546168237055,1207.3849581981074
2023-01-03 10:30:00,16856.89566086968,16879.63212677747,16784.85641678254,16832.739220676496,728.1474858449706
2023-01-03 10:45:00,16835.07012086497,16890.24205458772,16821.301696081453,16847.5148936455,624.9937808752076
2023-01-03 11:00:00,16850.802877902726,16903.661107420965,16850.802877902726,16872.6687519236,974.6250871208979
2023-01-03 11:15:00,16881.00629688705,16918.085150136794,16815.287896701997,16853.337139791085,858.2899684198319
2023-01-03 11:30:00,16861.770767248243,16937.525321268015,16841.210201836082,16888.973266871784,1778.5987128993902
2023-01-03 11:45:00,16898.887061568395,16942.9781184994,16795.865270820654,16887.52313174365,1111.2447816064898
2023-01-03 12:00:00,16881.54754093104,16924.02061416735,16864.493663994745,16892.062833377568,632.4965921457598
2023-01-03 12:15:00,16900.52565815795,16934.198400419078,16882.603313655465,16904.188025651332,668.2402499439328
2023-01-03 12:30:00,16911.881229557846,16911.881229557846,16836.98678303462,16874.63082308213,707.696794092314
2023-01-03 12:45:00,16871.781512019465,16946.302094309765,16851.999506614506,16871.547638756772,916.5913318379578
2023-01-03 13:00:00,16875.148111287286,16912.15111898434,16849.366849989718,16864.547096683033,701.8654608324385
2023-01-03 13:15:00,16866.55101193629,16903.727548225303,16858.90850142579,16885.085087833864,799.7195772025034
2023-01-03 13:30:00,16880.22592117807,16910.57157406978,16845.164869561024,16888.267858710395,872.3674712765379
2023-01-03 13:45:00,16900.698414996754,16900.698414996754,16838.599665140755,16881.825260605394,593.3701221995149
2023-01-03 14:00:00,16882.17357294387,16907.815907710843,16857.89671166334,16883.647174306323,566.5433652958824
2023-01-03 14:15:00,16875.232891555483,16875.232891555483,16832.3587455815,16857.13397934841,1094.982070203777
2023-01-03 14:30:00,16856.90831745372,16856.90831745372,16752.124392240024,16820.884926890973,1649.1735238950162
2023-01-03 14:45:00,16821.409358859568,16860.93664574873,16821.409358859568,16844.7468943527,675.1583158512445
2023-01-03 15:00:00,16843.680768387778,16867.71894445928,16808.745142686912,16844.880301568017,770.9651659194575
2023-01-03 15:15:00,16847.75156399741,16893.470130909904,16817.092308486222,16852.54077022825,899.5816617127513
2023-01-03 15:30:00,16852.155165011667,16874.19631572926,16828.331222817375,16856.671709234226,525.5576012928234
2023-01-03 15:45:00,16856.675026146488,16874.554585253027,16827.151443866802,16853.55914682047,633.0433176478824
2023-01-03 16:00:00,16852.802665356077,16890.721690420003,16814.279418221788,16846.31030969085,1644.9904252705578
2023-01-03 16:15:00,16855.347525398425,16919.75780259747,16828.658265770977,16857.423619415815,1254.4363172923515
2023-01-03 16:30:00,16857.20536179554,16871.810566230728,16808.64158660208,16856.69527568194,851.8346799845607
2023-01-03 16:45:00,16850.432012720077,16850.432012720077,16808.671850750365,16832.22765940176,751.5417529443731
2023-01-03 17:00:00,16826.513714457607,16857.38220036876,16807.043393500924,16834.349767112446,925.6838915758348
2023-01-03 17:15:00,16826.87940340878,16879.502696517826,16789.0613784809,16823.679934011576,705.4716215325432
2023-01-03 17:30:00,16814.388302452735,16852.7612274818,16791.42518005828,16820.007512762917,1181.3445361579097
2023-01-03 17:45:00,16821.59349450003,16827.81973822558,16791.618377796494,16816.016029947426,661.2552541762534
2023-01-03 18:00:00,16816.907126045702,16879.52102004903,16789.98456722617,16817.880823680145,1000.1737430384151
2023-01-03 18:15:00,16821.949639179795,16876.75763424511,16779.088249487253,16829.198101105794,610.4084284260699
2023-01-03 18:30:00,16824.60428446477,16849.56808347936,16756.15651633174,16836.610214938635,678.6246592543725
2023-01-03 18:45:00,16839.41717802708,16875.18366778059,16774.262431962037,16826.606480619874,1379.5922525407807
2023-01-03 19:00:00,16824.443052521565,16829.917114781594,16789.695637859375,16813.37096052549,828.4208999145139
2023-01-03 19:15:00,16807.607463711,16843.829198136063,16807.607463711,16832.780631378497,596.1626921014703
2023-01-03 19:30:00,16830.38267851736,16887.86262413691,16821.023462565718,16840.9450825298,878.5224894435926
2023-01-03 19:45:00,16837.23486990728,16869.790452527373,16812.076380657287,16831.642633606203,540.1226455532776
2023-01-03 20:00:00,16829.167719252742,16830.691955420923,16795.44638135649,16813.670473094066,819.7443592508072
2023-01-03 20:15:00,16812.31382315947,16832.150439583136,16751.799878168502,16819.30173084827,568.1519337936505
2023-01-03 20:30:00,16823.85043037764,16823.85043037764,16746.918369916675,16801.40790842772,721.6893674553106
2023-01-03 20:45:00,16803.20404354368,16828.95074195916,16774.93040753273,16792.949297071773,678.1194077079076
2023-01-03 21:00:00,16791.33327451768,16821.63126258339,16765.614695529002,16800.122341970604,835.8258827342946
2023-01-03 21:15:00,16804.44730591532,16835.550495268482,16748.555498272224,16782.914309309268,1093.2322690444114
2023-01-03 21:30:00,16784.461247525956,16812.1112751973,16776.676533496815,16788.09440891093,937.5884701243627
2023-01-03 21:45:00,16785.442697881583,16809.914148727257,16771.104885077948,16783.150774787817,747.1930429657319
2023-01-03 22:00:00,16777.750217652043,16788.43882603344,16758.384114832537,16771.464739858173,1414.2736732028818
2023-01-03 22:15:00,16777.604297761005,16812.25811592968,16726.201106538905,16766.085015311328,652.1863557402918
2023-01-03 22:30:00,16760.39739329939,16782.68927279313,16750.13302448864,16770.17123972567,686.5057489489039
2023-01-03 22:45:00,16770.406947116564,16813.424147883732,16698.48467584034,16762.352348040615,812.2825579318547
2023-01-03 23:00:00,16759.86936600151,16787.40318229388,16748.44875645476,16766.877217926405,605.0673299887272
2023-01-03 23:15:00,16775.21534570616,16812.781602635605,16740.956430634444,16766.713132589975,669.2975324104576
2023-01-03 23:30:00,16770.30296327061,16795.120147116115,16720.957726397213,16756.729096543295,642.2750504545373
2023-01-03 23:45:00,16754.167973690302,16813.91289688179,16696.162750265103,16749.380913206274,776.5713165632515
2023-01-04 00:00:00,16742.51001459304,16765.363449528544,16734.804099408717,16752.262406318845,661.6223090084009
2023-01-04 00:15:00,16755.101449546084,16770.332769600016,16705.82753490588,16738.398240466813,974.0379590776204
2023-01-04 00:30:00,16735.657697167637,16781.843368567388,16672.44490986727,16752.493678367184,1114.2500990892288
2023-01-04 00:45:00,16749.88867635466,16781.550714078774,16693.404077432333,16743.497683455807,599.0193104571568
2023-01-04 01:00:00,16742.892588692266,16747.51836908807,16665.628830702397,16722.766831588502,855.8994113914349
2023-01-04 01:15:00,16725.2695256437,16781.732066782395,16722.81196907169,16750.427979976343,1253.8412205652203
2023-01-04 01:30:00,16753.144913520766,16789.276412826865,16750.671021262136,16763.0235230586,620.4567824407876
2023-01-04 01:45:00,16763.87211507911,16811.173946467672,16747.219556532873,16782.401995265373,649.6878207423189
2023-01-04 02:00:00,16785.321895875753,16847.85246333107,16758.597179633587,16774.39352119042,1108.8981207019947
2023-01-04 02:15:00,16763.643326232785,16790.963001866192,16701.66278201725,16754.25000927501,1075.6845518577638
2023-01-04 02:30:00,16761.909875034296,16761.909875034296,16652.204743029266,16744.358517363893,876.5782157911033
2023-01-04 02:45:00,16743.865282866394,16773.133272532756,16707.782157771242,16730.80602285344,663.1020247682964
2023-01-04 03:00:00,16736.449176921975,16767.507834163447,16687.01960213994,16724.18521239156,1182.2508590766752
2023-01-04 03:15:00,16717.947910448253,16736.012502780733,16660.37525758943,16698.919561153773,1187.4954921340732
2023-01-04 03:30:00,16696.26415198035,16696.26415198035,16619.26398664868,16661.75276970342,653.9069927600132
2023-01-04 03:45:00,16665.893135425278,16674.615990274542,16646.895840930476,16663.0408067972,537.4717548895635
2023-01-04 04:00:00,16663.910964608676,16682.604052597824,16613.97876934651,16669.83817990766,774.8915711466959
2023-01-04 04:15:00,16669.816130609524,16721.1802563905,16669.816130609524,16689.55869247892,625.7015508771099
2023-01-04 04:30:00,16687.796593280287,16713.508654680678,16650.481502392722,16693.99817001218,514.6952528222397
2023-01-04 04:45:00,16692.106396448322,16692.65943477179,16612.471909529922,16665.854987768456,1319.749480457817
2023-01-04 05:00:00,16668.77299797495,16691.43560753238,16653.367837431437,16680.1203680091,619.1473688748008
2023-01-04 05:15:00,16681.04978239808,16725.497619155958,16639.851781579862,16675.840982366786,676.4244603993973
2023-01-04 05:30:00,16676.81758818424,16698.91041391645,16666.03465033297,16686.457600661673,757.5145802700562
2023-01-04 05:45:00,16681.86865921448,16715.587823887832,16661.105179477603,16688.124731897788,992.8989160354935
2023-01-04 06:00:00,16682.70932010977,16701.454063202895,16618.505767420767,16682.857461888514,856.867484985189
2023-01-04 06:15:00,16676.98163212047,16686.673681898636,16565.91064428255,16669.299155365174,932.6510009065801
2023-01-04 06:30:00,16673.081248604187,16681.99059795928,16643.77424393843,16667.920617507625,649.5353186991334
2023-01-04 06:45:00,16671.27392873614,16671.27392873614,16620.193214987707,16642.787019381893,614.2859809905833
2023-01-04 07:00:00,16637.089746882437,16664.171355724127,16612.675383079666,16645.994894941596,1279.1998696518222
2023-01-04 07:15:00,16641.75190239928,16670.38030516721,16633.630203731034,16653.66859348048,533.3591569628288
2023-01-04 07:30:00,16657.619651314926,16700.473780966997,16600.615532269636,16645.54806039118,957.4265584153474
2023-01-04 07:45:00,16639.831470202786,16698.23748481495,16628.77155375932,16655.41589920388,1376.6259789072046
2023-01-04 08:00:00,16658.493734429067,16685.799475617223,16641.34200992783,16658.115881680806,985.4541310954419
2023-01-04 08:15:00,16659.450698138586,16703.61736835128,16659.450698138586,16691.446609793686,860.1238927969667
2023-01-04 08:30:00,16690.310200678814,16779.84359214443,16690.310200678814,16716.11157151236,709.4504070316917
2023-01-04 08:45:00,16720.101130224037,16731.928760972623,16705.042052985205,16720.622799570727,1291.9441920898657
2023-01-04 09:00:00,16713.573013101908,16771.41051517173,16713.573013101908,16727.957821332842,639.6555680778132
2023-01-04 09:15:00,16728.74949028931,16761.180322487857,16703.421382793054,16718.298135614503,789.8062396214845
2023-01-04 09:30:00,16708.526697252673,16771.455895668907,16708.526697252673,16747.692720588788,799.6521330318351
2023-01-04 09:45:00,16753.49249988679,16801.49442338605,16703.947536082796,16736.74997233559,612.8409105779092
2023-01-04 10:00:00,16740.424076391027,16740.424076391027,16677.8820792932,16704.369926460848,871.5657176186598
2023-01-04 10:15:00,16709.423269698193,16725.49227678906,16690.654263557444,16712.763901930703,672.0117921178725
2023-01-04 10:30:00,16712.264370047174,16765.059115200424,16672.094478075596,16742.21479946912,799.6116899073653
2023-01-04 10:45:00,16738.675755392498,16782.052890868647,16718.43301733471,16747.94225860847,589.901853791186
2023-01-04 11:00:00,16744.498616073426,16785.02774366586,16679.557690331385,16744.223334710758,1082.5099190543576
2023-01-04 11:15:00,16741.053613048836,16781.60821616079,16732.20939947473,16752.5424253872,771.9309176114143
2023-01-04 11:30:00,16752.494851523083,16797.756806125446,16718.107798898294,16747.00721977133,601.7797894693124
2023-01-04 11:45:00,16744.66389138345,16746.621119521715,16721.552430125008,16734.590106990643,882.6034660372336
2023-01-04 12:00:00,16738.761477068256,16770.712745564855,16710.63363418994,16733.423494474337,547.1944497607941
2023-01-04 12:15:00,16732.11511403549,16825.39204154102,16688.41922233754,16745.621267656592,624.0066157504201
2023-01-04 12:30:00,16741.848258200323,16763.380651292908,16705.43692174571,16738.607775118464,531.5053612425609
2023-01-04 12:45:00,16744.8355380101,16760.62983151025,16712.510797092506,16745.23126817107,528.7660671266747
2023-01-04 13:00:00,16746.422049434175,16787.74302592341,16676.552657213902,16729.50856715396,707.5537294585553
2023-01-04 13:15:00,16729.990328769964,16754.90152432539,16681.881056045328,16720.07637737061,1191.387031969609
2023-01-04 13:30:00,16720.19129123378,16720.19129123378,16689.43458406523,16704.869634840365,577.3034761619334
2023-01-04 13:45:00,16710.05429125249,16749.74365164677,16623.266031321346,16692.56998594284,585.6378858470896
2023-01-04 14:00:00,16694.703652521872,16712.423877916637,16648.89768678883,16664.167720286525,697.9932246925005
2023-01-04 14:15:00,16664.774326909144,16680.235467319744,16634.441643737624,16668.530626802374,612.7399382243033
2023-01-04 14:30:00,16668.419315646777,16702.28525248391,16615.887979811796,16671.07568227983,539.7608825604606
2023-01-04 14:45:00,16671.20155791588,16695.1294492909,16622.293612295558,16677.040513079453,918.6317646575262
2023-01-04 15:00:00,16675.439468341876,16758.617987753125,16664.610064230714,16702.837641759976,747.8554779632098
2023-01-04 15:15:00,16702.333691461263,16721.673336838827,16660.886010420472,16690.587007094957,1045.2551711903698
2023-01-04 15:30:00,16697.061090938623,16727.609674253945,16658.877199317172,16683.646785396744,812.2314077287867
2023-01-04 15:45:00,16687.3354352776,16687.3354352776,16612.122197380686,16666.45851737155,624.3544466624274
2023-01-04 16:00:00,16658.61196901899,16739.332763444872,16611.955874469077,16686.221917334922,675.0953622306848
2023-01-04 16:15:00,16683.8543421802,16683.8543421802,16583.451906623253,16652.608290018416,893.8566525916561
2023-01-04 16:30:00,16644.199538294568,16732.486197817736,16644.199538294568,16677.489218422274,977.0579525500299
2023-01-04 16:45:00,16688.325836790824,16755.596887174885,16676.34505713828,16691.230431108295,951.8786151707517
2023-01-04 17:00:00,16684.35286189204,16719.38716181324,16668.224715749795,16689.248308301976,618.9983956316509
2023-01-04 17:15:00,16684.583682368608,16684.583682368608,16641.03545011599,16664.473111240975,1711.729348968376
2023-01-04 17:30:00,16668.410991117216,16693.953010880534,16576.59755906963,16655.232995861137,635.5894910105567
2023-01-04 17:45:00,16655.850941113535,16706.127400569574,16624.279813809066,16671.169943248584,818.3737658412837
2023-01-04 18:00:00,16665.988690100665,16689.324985326763,16632.72732842731,16663.623493623,763.7912465213115
2023-01-04 18:15:00,16669.65657312905,16669.65657312905,16606.24565399497,16653.260322493363,541.6451990648252
2023-01-04 18:30:00,16646.493562407264,16726.432114327967,16646.08794693989,16682.42332170965,905.091206065532
2023-01-04 18:45:00,16685.63579445286,16729.1339608872,16659.016295480742,16680.067358355867,699.6298878178951
2023-01-04 19:00:00,16679.15871527848,16694.401190762594,16602.066441390278,16671.638776635536,1086.0846489769285
2023-01-04 19:15:00,16672.251399883568,16720.882727382188,16653.14133346563,16676.32863330181,609.0720602788897
2023-01-04 19:30:00,16675.100966959664,16723.184414755324,16663.152882544113,16685.873502764298,640.9165418519783
2023-01-04 19:45:00,16684.679087084773,16694.96981405837,16630.43045426137,16669.652720012913,715.4191051809025
2023-01-04 20:00:00,16664.432972699284,16709.80964938431,16641.792951035884,16658.662340315685,708.5574796394079
2023-01-04 20:15:00,16662.14590808323,16679.333874811255,16650.69951634323,16665.344262345687,1182.8889193158143
2023-01-04 20:30:00,16664.12385775965,16706.37598232996,16622.44930670118,16654.83710424931,765.9919006003599
2023-01-04 20:45:00,16659.14240675756,16659.14240675756,16605.0955429663,16637.388157801397,557.1640512651262
2023-01-04 21:00:00,16634.507928834882,16664.184309973978,16627.320861810073,16651.704523666067,743.098870704385
2023-01-04 21:15:00,16651.813126342233,16654.060278053534,16605.528880041602,16617.47550498738,1013.3572705999421
2023-01-04 21:30:00,16618.394022539596,16680.62593817203,16592.05068190947,16634.6371857195,864.9899133384163
2023-01-04 21:45:00,16635.061002180035,16649.844708234883,16596.122957171377,16631.47731005124,1261.9132347016723
2023-01-04 22:00:00,16635.65819465997,16661.131443240873,16597.446318453978,16641.694871051735,591.0043119421935
2023-01-04 22:15:00,16636.261629897097,16669.289710782832,16610.240283261355,16650.357270453067,1215.7929102947676
2023-01-04 22:30:00,16647.486276067648,16719.109784868448,16647.486276067648,16667.84947049755,731.6271186250301
2023-01-04 22:45:00,16665.319461883963,16724.812468961103,16638.997446542635,16689.14116061128,1535.3359692838644
2023-01-04 23:00:00,16696.77749409629,16731.93696070685,16666.360323646146,16682.89886300636,873.3091100818374
2023-01-04 23:15:00,16667.384121248484,16715.45739351729,16619.084221518566,16670.875626906967,731.7122485727251
2023-01-04 23:30:00,16672.635472031136,16735.292540964965,16669.669683190106,16683.070284664787,613.1063402726478
2023-01-04 23:45:00,16680.212000836058,16714.659501828057,16609.742588831676,16681.059428547105,880.9724287731422
2023-01-05 00:00:00,16678.13478097994,16712.44277367828,16675.4814873261,16700.23055419107,926.9889797208405
2023-01-05 00:15:00,16704.518735412166,16740.393528831286,16668.23181667322,16711.807215095934,820.4461464693019
2023-01-05 00:30:00,16716.047078260668,16735.34764054918,16643.636096681104,16714.769200391434,647.3814457964979
2023-01-05 00:45:00,16710.22347688284,16740.236781772048,16679.435021031946,16713.997899446258,941.1208551824076
2023-01-05 01:00:00,16710.63945320975,16742.98235467289,16710.63945320975,16730.11528445941,1180.026837576619
2023-01-05 01:15:00,16727.95738803832,16826.23783072995,16698.641293415636,16731.84330890637,612.6220079541297
2023-01-05 01:30:00,16729.137454435247,16732.991193672104,16662.008672900207,16717.762366841016,981.1832254164542
2023-01-05 01:45:00,16720.293737628224,16720.293737628224,16633.791767992956,16685.368081310487,649.2047422027832
2023-01-05 02:00:00,16684.354578318536,16719.54730566032,16637.864782112865,16683.08532760173,1163.1829689426456
2023-01-05 02:15:00,16681.600154562508,16715.849500662403,16652.645032372093,16670.713345822882,677.2984896522934
2023-01-05 02:30:00,16669.6339651875,16723.341608803017,16669.6339651875,16691.09445208095,772.1911356210526
2023-01-05 02:45:00,16685.091667645855,16733.329606499912,16617.776479586577,16687.00650584042,542.1263424187005
2023-01-05 03:00:00,16686.834574328845,16738.096212149703,16652.154971618904,16696.863529140155,556.9807510353573
2023-01-05 03:15:00,16701.00217402708,16702.38457777768,16627.20535628461,16681.212981849716,641.3043933818558
2023-01-05 03:30:00,16678.57172957508,16719.120862143376,16651.693334395266,16696.042071345124,922.6868025769995
2023-01-05 03:45:00,16696.773931199663,16717.980250146175,16682.49653222263,16693.67909034926,569.8575657215042
2023-01-05 04:00:00,16692.780782004225,16780.91769526121,16692.780782004225,16718.489842845043,782.8365647127832
2023-01-05 04:15:00,16714.46189324527,16753.20774404289,16696.579698797494,16728.51641221554,1273.7365904820986
2023-01-05 04:30:00,16742.855354608157,16760.140119928066,16691.01591947931,16733.636367471332,662.4484354033659
2023-01-05 04:45:00,16732.9968341255,16766.651242104475,16689.220309581946,16746.687842016476,738.9447220674031
2023-01-05 05:00:00,16745.071717069684,16804.280745790533,16686.211233287875,16738.860616840375,1137.5050503508044
2023-01-05 05:15:00,16739.28216310271,16768.933807623867,16669.8367627108,16722.507135417214,760.9336084331408
2023-01-05 05:30:00,16724.47705534129,16748.377654004264,16624.659007608752,16709.588713310935,633.9466430552579
2023-01-05 05:45:00,16714.636980572643,16740.567577126505,16608.94579631959,16717.08779869303,1448.5611588346856
2023-01-05 06:00:00,16716.691716923346,16764.94161896329,16665.508578118955,16748.91418760559,892.0428332084198
2023-01-05 06:15:00,16755.886888623198,16776.980617060246,16750.97000449176,16761.388017041758,978.2034391687054
2023-01-05 06:30:00,16768.542145125517,16838.205500047025,16767.375433303423,16784.684393974294,658.6143087357659
2023-01-05 06:45:00,16774.341675941698,16806.77219716906,16774.341675941698,16793.37231336389,544.0235080246678
2023-01-05 07:00:00,16803.23798045176,16835.590915580193,16772.540936078512,16785.654081522924,604.3919065252855
2023-01-05 07:15:00,16783.731343191583,16817.512363798374,16726.762026934644,16789.076240742466,867.3507250990617
2023-01-05 07:30:00,16792.78816212536,16817.71699349833,16708.79312567257,16776.123994232377,965.3320097209794
2023-01-05 07:45:00,16774.14732391086,16810.595063181412,16771.659746512876,16792.837750580857,566.8107344969516
2023-01-05 08:00:00,16794.30444871955,16840.534149867497,16732.51726821422,16808.759766224084,1424.7351060415629
2023-01-05 08:15:00,16808.374908094196,16841.031970817363,16803.206012532864,16815.50372917941,639.0521988388635
2023-01-05 08:30:00,16815.323755299632,16822.093285549476,16737.430064094788,16802.797508633255,791.092448414746
2023-01-05 08:45:00,16805.66479170685,16822.351928917225,16753.034969700602,16798.172559195424,675.4070742885233
2023-01-05 09:00:00,16800.884749770863,16828.284860046493,16790.597064322817,16814.074217466547,708.4364800798527
2023-01-05 09:15:00,16816.868104561298,16867.414659495316,16816.868104561298,16832.779300058046,604.5955435424493
2023-01-05 09:30:00,16824.8223407426,16837.16969765385,16790.176211203314,16819.126804992142,1015.2477232335611
2023-01-05 09:45:00,16807.42233576374,16856.726093133653,16789.6233076519,16841.384079492822,682.7407673069863
2023-01-05 10:00:00,16842.650192034456,16911.613352045093,16814.78564207377,16834.55988965064,551.9372560278008
2023-01-05 10:15:00,16839.820009206207,16850.23356475609,16787.618812817196,16822.208577577636,781.6891609872911
2023-01-05 10:30:00,16820.856251197063,16873.25675428272,16820.856251197063,16856.134929034644,718.2522162129885
2023-01-05 10:45:00,16860.764323988795,16871.565277765647,16785.58830304193,16854.585224027072,522.6611297373278
2023-01-05 11:00:00,16862.27344323948,16877.601205896844,16776.556236643024,16853.17141613866,757.8800922909455
2023-01-05 11:15:00,16847.655519141827,16850.47038402885,16818.150414876178,16828.472429910253,969.0985184909426
2023-01-05 11:30:00,16830.437736587053,16951.440347566633,16783.950052623655,16863.817339922618,1642.0005446813352
2023-01-05 11:45:00,16867.008389387676,16920.162000667846,16850.29593408861,16872.898207747417,553.4595358144718
2023-01-05 12:00:00,16872.006117523124,16918.395525680407,16858.430290876226,16871.53203674077,516.569384419112
2023-01-05 12:15:00,16877.503055251298,16877.503055251298,16839.01529488241,16862.696881546883,560.1577006770584
2023-01-05 12:30:00,16862.478412368473,16952.234411469155,16862.478412368473,16890.902713150375,863.6813665643746
2023-01-05 12:45:00,16897.670899572702,16926.800847874245,16882.070413469784,16909.432214714678,735.5683505329338
2023-01-05 13:00:00,16898.66032086158,16912.762057348846,16826.928601959455,16899.52144715984,722.9843058790568
2023-01-05 13:15:00,16894.089114838785,16908.489843220552,16879.079260248513,16894.416695689382,777.0868654590276
2023-01-05 13:30:00,16893.10759781,16947.64114784555,16840.982432513185,16890.595869607158,593.3868823167095
2023-01-05 13:45:00,16886.75750181282,16925.625670665133,16876.67046402,16894.481600051167,1177.926773381964
2023-01-05 14:00:00,16894.76429071093,16923.94297753319,16877.81360300756,16902.55161699971,607.2563462369651
2023-01-05 14:15:00,16908.772084217115,16957.755251202645,16887.9627570541,16901.90303817652,891.5494046297435
2023-01-05 14:30:00,16908.385569985272,16974.622101334826,16860.26615104182,16886.206582041254,1672.9113986178645
2023-01-05 14:45:00,16878.162387222583,16919.822883410023,16856.25410398947,16897.042718724573,1229.1719727131567
2023-01-05 15:00:00,16892.00836522342,16920.589523966653,16824.44212439069,16897.505713943523,1102.5770186639597
2023-01-05 15:15:00,16906.074803001673,16914.285217804423,16819.69973029355,16902.839143907582,781.8316308654693
2023-01-05 15:30:00,16902.76259130919,16931.762252090757,16902.76259130919,16920.720008041775,2098.316046834667
2023-01-05 15:45:00,16924.34618460912,16946.078688060024,16885.700088991936,16916.68848628174,668.8273403821382
2023-01-05 16:00:00,16913.521993169816,16974.285942593207,16899.874297430215,16917.090652957406,784.5187495174393
2023-01-05 16:15:00,16908.92899913817,16966.924831683802,16893.892194777723,16917.771338534472,539.0242286825644
2023-01-05 16:30:00,16910.395304151123,16937.898065889174,16892.568374005845,16918.728968891195,522.62891270789
2023-01-05 16:45:00,16918.464909012517,16955.17389317354,16907.16140944305,16938.301728781564,701.6825319948296
2023-01-05 17:00:00,16938.407437912218,16949.88380589443,16902.70730479521,16936.414862583893,930.9201634955238
2023-01-05 17:15:00,16933.230794334988,16979.917636616505,16923.35711603254,16946.38282346548,613.6594208630896
2023-01-05 17:30:00,16943.965254379214,16972.361215031742,16864.162090373356,16948.893874961956,569.20818419311
2023-01-05 17:45:00,16946.778533455163,16965.385809817388,16921.482923634187,16946.373763805816,519.1563831354713
2023-01-05 18:00:00,16954.874193037285,16972.200824217605,16920.216162359207,16957.338806327014,541.3316133274951
2023-01-05 18:15:00,16956.995341440976,17013.66238182612,16920.471005300416,16947.70176487789,715.6758230200039
2023-01-05 18:30:00,16947.64340700172,16959.24291277033,16905.656697344177,16944.84409360113,644.9729322877396
2023-01-05 18:45:00,16948.577572924627,16957.748836575327,16907.555862811958,16943.39425118128,811.4595292062304
2023-01-05 19:00:00,16950.252569264496,17049.164448488482,16902.94048310594,16976.76519827484,663.7151249845442
2023-01-05 19:15:00,16976.563617901134,16997.36388995101,16925.57302052627,16947.51656123712,593.2956605492727
2023-01-05 19:30:00,16948.227497299627,16992.472247279864,16947.279597055393,16960.092367462334,641.0833872672495
2023-01-05 19:45:00,16958.4444557744,16994.41042989969,16929.452254072592,16976.104353897175,880.3516349575495
2023-01-05 20:00:00,16984.60223905781,17026.586279290746,16920.415683657862,16980.984214737087,576.3728208346986
2023-01-05 20:15:00,16984.419315528557,17044.39912238085,16973.484706719337,16984.762961683362,837.0631914367593
2023-01-05 20:30:00,16986.87735567197,17034.765844494286,16946.042528963746,17006.06866212286,883.694753718223
2023-01-05 20:45:00,17005.153174447107,17042.798922732978,17005.153174447107,17031.092500419476,587.0431959750473
2023-01-05 21:00:00,17027.107695523784,17040.980584790763,17004.30947863569,17023.7925906288,543.6642772441576
2023-01-05 21:15:00,17021.141961935915,17058.814149176058,16994.246654487168,17036.074107049593,972.0696775144379
2023-01-05 21:30:00,17033.075755426675,17077.942431083356,16975.998899971022,17020.08374558789,762.640733405254
2023-01-05 21:45:00,17012.980429888394,17054.919255671048,16999.246594360608,17021.91497764892,1080.1133566790018
2023-01-05 22:00:00,17021.364132095525,17053.00662685133,16993.81278000135,17035.28927584366,701.6622591775615
2023-01-05 22:15:00,17036.475797800456,17083.886044630224,16995.026159630357,17032.392099468787,647.498704778264
2023-01-05 22:30:00,17031.67027757315,17076.555377661134,17008.22056986729,17044.43403242181,803.8102725534001
2023-01-05 22:45:00,17047.755414775445,17063.181964218096,17004.966121900656,17038.74947093599,559.6833175405039
2023-01-05 23:00:00,17031.078568835135,17061.47190290678,17013.80598920849,17030.04815268872,1668.0838755583898
2023-01-05 23:15:00,17027.799083201025,17053.5334101835,16993.80507924769,17039.268774731667,757.1944868861744
2023-01-05 23:30:00,17042.667338793537,17081.638904984735,17031.788368585898,17049.544547516372,583.579334731751
2023-01-05 23:45:00,17047.727837118877,17068.13489628854,17023.83447628755,17039.68532600436,1227.1638644104876
2023-01-06 00:00:00,17032.87576676391,17171.54787166526,17032.87576676391,17058.289109210833,825.7451670565976
2023-01-06 00:15:00,17057.53821944166,17057.53821944166,16998.755891034973,17030.58782032667,604.5633193069945
2023-01-06 00:30:00,17033.764175746943,17119.902448942215,17032.48865814174,17064.1089541735,885.5941441651833
2023-01-06 00:45:00,17061.789200423325,17087.430505436103,16991.702521859945,17063.650689059057,893.5438351157462
2023-01-06 01:00:00,17057.93761554514,17100.030751901562,17016.48512230097,17072.036847792067,687.3258041141484
2023-01-06 01:15:00,17068.719079836945,17120.655139154143,17068.719079836945,17085.50641760035,866.6996074700894
2023-01-06 01:30:00,17080.95443937252,17124.293165207713,17080.95443937252,17110.97229283077,1183.754643874724
2023-01-06 01:45:00,17105.774858347937,17137.475513804053,17066.737947585545,17098.487844402487,608.5774621643786
2023-01-06 02:00:00,17099.184437652355,17142.468057831207,17052.057696259108,17097.87317950618,649.1363248735831
2023-01-06 02:15:00,17099.477036098666,17152.254679765014,17075.686253595046,17097.14945187398,717.7627250492524
2023-01-06 02:30:00,17096.695235974832,17125.93658079295,17071.11490626939,17112.401055790746,1568.1025521483248
2023-01-06 02:45:00,17110.21608543925,17173.750337009707,17110.21608543925,17141.329163488765,707.2100650276649
2023-01-06 03:00:00,17138.36336283093,17208.528442338145,17113.14788502354,17152.891741032912,1315.2075954608395
2023-01-06 03:15:00,17159.46608965114,17196.020873917645,17141.103427046037,17159.30111996666,857.6479731684669
2023-01-06 03:30:00,17160.310318930147,17197.033116502214,17160.310318930147,17181.00613416431,901.4853379600866
2023-01-06 03:45:00,17176.761092860208,17190.835965540628,17116.8024953814,17168.546751099475,546.0108554909774
2023-01-06 04:00:00,17167.457537132712,17184.692986882223,17135.783020200764,17172.632419706675,1705.670732639931
2023-01-06 04:15:00,17177.71845290933,17274.08473969532,17177.71845290933,17200.843788947244,780.2327021008647
2023-01-06 04:30:00,17198.003826627802,17280.547488915105,17164.423293504286,17209.942131923533,529.936268501733
2023-01-06 04:45:00,17207.6748656831,17229.513974666286,17185.172072902464,17206.70151467057,1259.3824931571767
2023-01-06 05:00:00,17211.908648974266,17230.1642328529,17176.390924290306,17191.757676315603,921.9042426379598
2023-01-06 05:15:00,17183.457906548094,17234.96913103204,17171.00867797687,17193.515459322716,826.5147975076129
2023-01-06 05:30:00,17190.37500950137,17257.93443519911,17189.12875867399,17220.107524443105,933.7694665765888
2023-01-06 05:45:00,17225.046132898726,17249.241809206203,17174.331531104563,17222.204278762383,806.3862755447922
2023-01-06 06:00:00,17224.172794808583,17267.94831252607,17177.303072956285,17224.012661594876,1529.3352855355108
2023-01-06 06:15:00,17232.62016597927,17280.503522904855,17185.85721501792,17213.32685157107,580.1748821711795
2023-01-06 06:30:00,17221.14865261123,17262.32168553672,17213.074356615973,17232.86115106567,727.897027655819
2023-01-06 06:45:00,17243.752156615494,17281.696868946445,17213.99713296991,17247.41200451399,563.8743117268918
2023-01-06 07:00:00,17246.962680799024,17290.82874840355,17216.391576092847,17258.790319936903,1171.4975837225902
2023-01-06 07:15:00,17253.771475520694,17327.057902289762,17224.11896554813,17251.840105393254,760.5072107092021
2023-01-06 07:30:00,17249.488196641847,17275.558176488797,17219.577021097604,17252.651235426045,554.7047201163945
2023-01-06 07:45:00,17252.530330163976,17261.24886319593,17212.533732078442,17250.008788316798,631.3006480326549
2023-01-06 08:00:00,17252.05332531073,17307.33456858416,17219.545407381825,17262.676101971356,1316.925286806293
2023-01-06 08:15:00,17266.541128141198,17315.812332389287,17246.161445782705,17281.517110217483,982.7751221681809
2023-01-06 08:30:00,17283.59844118782,17334.10478786088,17274.76715463833,17287.73748133575,1010.5271670320283
2023-01-06 08:45:00,17277.316421847405,17306.42798622483,17254.867611196227,17272.553367583634,943.1837930404355
2023-01-06 09:00:00,17266.751245672156,17318.022141079175,17266.751245672156,17287.04109817027,1108.7712080118752
2023-01-06 09:15:00,17296.504589160006,17346.716673205792,17215.31452893187,17286.134441497943,738.1208258358236
2023-01-06 09:30:00,17285.90501279382,17307.265051503076,17256.032037851393,17273.35278021956,1757.4047573786804
2023-01-06 09:45:00,17276.53167496521,17281.381482087956,17225.74821939601,17260.81335056077,576.0680377893466
2023-01-06 10:00:00,17255.49595092425,17344.642635595777,17238.527952852965,17278.483898734983,871.8441774133094
2023-01-06 10:15:00,17272.338800204143,17348.022791104642,17240.84457997656,17279.42633633481,613.0239338120365
2023-01-06 10:30:00,17282.508012629205,17303.011275507608,17237.550022384752,17262.004968693553,585.1047954498279
2023-01-06 10:45:00,17259.84219002488,17263.857435930833,17216.85755055046,17252.382319752032,563.7936344582073
2023-01-06 11:00:00,17250.146972278148,17288.63478821149,17201.023386568577,17254.949768005168,604.6959772827786
2023-01-06 11:15:00,17255.13702759713,17279.100104984685,17205.72339339529,17257.215477843805,706.4731095558242
2023-01-06 11:30:00,17249.000071718114,17281.131518454076,17224.63596830019,17245.984138668675,988.9779892759216
2023-01-06 11:45:00,17248.55932327685,17261.10934523469,17224.122583532655,17248.706844091153,531.9018997089757
2023-01-06 12:00:00,17254.956636020685,17258.380741085664,17175.08163452184,17224.71186017127,814.3769420652399
2023-01-06 12:15:00,17224.773920498727,17284.818800586985,17192.38892131773,17205.545913887643,686.867049817392
2023-01-06 12:30:00,17207.383489577795,17222.56815763173,17181.64388245699,17193.136059922,731.2260823054271
2023-01-06 12:45:00,17185.203747653894,17231.919838468824,17135.351119003117,17194.43083093774,608.6800161969343
2023-01-06 13:00:00,17198.735618152656,17212.23068112122,17125.636977692146,17194.818359520094,1090.9623528506977
2023-01-06 13:15:00,17201.087558598858,17259.05123018637,17174.776124809512,17198.288409888613,593.6163674172458
2023-01-06 13:30:00,17204.895469380288,17204.895469380288,17131.878671038226,17182.492259689214,668.4266193351722
2023-01-06 13:45:00,17183.29645524903,17257.53373198349,17174.959480348996,17188.216635829773,703.7697289226074
2023-01-06 14:00:00,17197.007561664104,17212.76592945784,17148.585181100876,17185.490430820733,702.5129527108057
2023-01-06 14:15:00,17186.023433231123,17195.740501744047,17154.82862864986,17184.767872604923,1345.5829477867026
2023-01-06 14:30:00,17181.53754905029,17197.25876733851,17132.070237337848,17164.979707702245,724.8120425798055
2023-01-06 14:45:00,17153.10039173513,17224.302270132794,17148.217261245834,17166.436398279016,800.0029612145488
2023-01-06 15:00:00,17166.248563507805,17202.61214482131,17152.021875263104,17182.943772243634,853.710967380533
2023-01-06 15:15:00,17179.94103207355,17229.428931763956,17144.37882314165,17192.84470906404,748.2373351039163
2023-01-06 15:30:00,17192.788563025115,17282.042978438505,17183.019835527237,17210.883605618434,691.8301370261827
2023-01-06 15:45:00,17221.579138004916,17232.996243297293,17163.69564096096,17214.02481328446,596.0026914007669
2023-01-06 16:00:00,17205.23190174984,17228.35135696094,17112.00769085709,17197.551699247164,562.7153268087742
2023-01-06 16:15:00,17193.93198984652,17234.374595005655,17163.595226091387,17200.123455511683,659.8203563111352
2023-01-06 16:30:00,17204.60289684475,17204.78749812268,17152.547947174276,17190.02784058343,716.0655666246564
2023-01-06 16:45:00,17186.943542070563,17225.293112913154,17153.908942603903,17169.93517440286,588.7090808224634
2023-01-06 17:00:00,17170.339414638034,17203.166136833734,17156.461494764288,17181.51917564553,660.4531644541064
2023-01-06 17:15:00,17176.621838553805,17223.377300420187,17172.2581789249,17188.625242731097,575.7885611894261
2023-01-06 17:30:00,17190.339912921263,17240.470522407024,17128.77437896139,17184.742461865353,642.6090726177724
2023-01-06 17:45:00,17188.841984313924,17239.287050164967,17162.513357954216,17191.250200977953,694.528888473959
2023-01-06 18:00:00,17195.18084821879,17214.498697692645,17155.845719301004,17177.8312331023,761.5757511493293
2023-01-06 18:15:00,17180.16953540867,17239.24873688514,17112.79571368993,17164.587818789725,639.5541548826583
2023-01-06 18:30:00,17164.20137484004,17192.97464830016,17144.015347426586,17160.436408837068,719.9123502794428
2023-01-06 18:45:00,17167.925648446617,17181.20651946214,17115.78213067533,17154.08149458527,686.0331116453565
2023-01-06 19:00:00,17160.02350601301,17161.78248909474,17102.285527103766,17141.843967112527,701.7851715693878
2023-01-06 19:15:00,17146.909628930756,17177.559409861347,17104.180007149775,17149.003370692935,814.5517618548388
2023-01-06 19:30:00,17149.675965815346,17220.35878549148,17077.724410627932,17144.7103105678,601.3938664929345
2023-01-06 19:45:00,17139.96737793475,17178.402928459913,17110.375012036253,17137.607663903094,571.0907952273354
2023-01-06 20:00:00,17140.485571016747,17180.46472948546,17121.109495812307,17154.373179330694,1034.4556178201763
2023-01-06 20:15:00,17142.970180994915,17164.268786202814,17129.663575237773,17148.47379521539,890.7637487902628
2023-01-06 20:30:00,17141.66971740182,17199.904658301097,17141.66971740182,17162.932108253484,793.5919771865274
2023-01-06 20:45:00,17157.8863391767,17266.282245504455,17157.8863391767,17199.35593211243,701.8156956331522
2023-01-06 21:00:00,17197.137427595742,17209.642150010695,17144.009966961014,17186.230424393052,635.2191766779274
2023-01-06 21:15:00,17187.202007438307,17241.244842635206,17146.318989428524,17185.04422800115,875.942101894851
2023-01-06 21:30:00,17183.913882255434,17200.917692107527,17157.30569589123,17186.75710443423,1135.7388959834238
2023-01-06 21:45:00,17181.068961043118,17186.528578510646,17102.563354795187,17165.42675099473,638.9271016300169
2023-01-06 22:00:00,17167.247068490484,17242.919446390762,17147.380067805858,17174.81445409537,1110.2246920408363
2023-01-06 22:15:00,17185.549855609315,17258.488642867916,17162.63317128249,17178.387120280222,653.7435153087299
2023-01-06 22:30:00,17172.096928829524,17235.2004498832,17152.61431675146,17180.566600007238,688.9588781066388
2023-01-06 22:45:00,17179.2838037585,17278.49875270135,17158.61092210566,17212.74269218583,707.5877354241914
2023-01-06 23:00:00,17212.23267939377,17243.10645151741,17175.321051021292,17220.68990045424,589.4722804935897
2023-01-06 23:15:00,17220.17473757051,17267.714855005106,17153.855424654164,17207.627155308663,605.0999609554469
2023-01-06 23:30:00,17215.999379399436,17270.223299570425,17172.201349107298,17231.182293712147,1337.9942658532732
2023-01-06 23:45:00,17234.58716050306,17265.00929495199,17202.82986470907,17229.001350922645,619.2452263103323
2023-01-07 00:00:00,17222.26124674705,17280.233350162776,17196.4542031743,17231.739345837905,596.439382148134
2023-01-07 00:15:00,17234.03991456478,17356.49816962609,17205.91560158561,17240.265708518094,1298.1074369125465
2023-01-07 00:30:00,17231.665979920133,17231.93165704095,17194.412232868253,17215.861404088824,947.4836679377671
2023-01-07 00:45:00,17219.182763216184,17222.70401883595,17143.02466374983,17204.087544419323,1095.1896465797993
2023-01-07 01:00:00,17204.289877519346,17257.77258088175,17204.289877519346,17239.8076256826,1098.4048738806239
2023-01-07 01:15:00,17249.247908065823,17289.46315771,17199.335386697865,17240.370097914554,707.7993873370858
2023-01-07 01:30:00,17237.644603183355,17304.24537770318,17234.16544999264,17261.270599480464,748.8329457758267
2023-01-07 01:45:00,17246.357088705827,17257.55774746538,17179.807296070034,17241.774838408266,576.0955815386006
2023-01-07 02:00:00,17240.14597387489,17291.714932437553,17198.3181314554,17254.105633795676,761.2894635666765
2023-01-07 02:15:00,17256.88932934826,17299.59573750212,17237.212216425014,17264.533683783717,566.227690150939
2023-01-07 02:30:00,17257.602115168553,17291.832418468304,17233.106745443947,17254.029160846203,871.1833596982988
2023-01-07 02:45:00,17245.680020173942,17253.385174894334,17221.675506905623,17233.26706738243,1067.7473130249807
2023-01-07 03:00:00,17230.265557150295,17243.185395101704,17160.141961579946,17231.08748992676,879.0107084144882
2023-01-07 03:15:00,17227.795655219834,17268.656421763284,17151.440289632756,17223.81394986277,1008.6976908861448
2023-01-07 03:30:00,17228.54059612397,17257.183490114137,17185.695892096137,17210.545471041918,817.9796271723015
2023-01-07 03:45:00,17216.60182117397,17246.670535919795,17181.120938057185,17231.40676546813,1012.6965926838905
2023-01-07 04:00:00,17234.116312228743,17277.884512138986,17157.728459593804,17210.42409018172,979.0258905922134
2023-01-07 04:15:00,17205.153315866843,17211.219171226214,17133.15519974397,17180.761137357564,643.2069323633664
2023-01-07 04:30:00,17181.275463915874,17212.55741473708,17181.275463915874,17200.892951033235,628.4387840961593
2023-01-07 04:45:00,17195.505799105875,17268.311320147146,17158.72272072981,17209.828939281768,635.6029956580197
2023-01-07 05:00:00,17209.457972284934,17236.626037204675,17190.239248479993,17209.341064449247,907.3507062787284
2023-01-07 05:15:00,17204.983993077683,17276.650378526458,17175.18651509913,17203.88400892521,833.1736311275343
2023-01-07 05:30:00,17202.05746430874,17279.023215223235,17166.554934221283,17236.614467020237,639.7954994757811
2023-01-07 05:45:00,17235.620929244582,17237.74278132438,17161.087827317686,17221.9293880876,708.3045820733257
2023-01-07 06:00:00,17223.02723170278,17239.926340848866,17201.81329753863,17213.636766856773,682.1886820803519
2023-01-07 06:15:00,17215.105807762182,17224.985503899243,17119.758456198604,17201.99434110094,1126.7318542329283
2023-01-07 06:30:00,17196.787393683968,17252.059374150584,17166.377623624263,17190.33600406179,566.4353667762193
2023-01-07 06:45:00,17184.560492781606,17189.846628862902,17139.216302841225,17179.46982427933,871.1756324291342
2023-01-07 07:00:00,17178.976597557896,17250.85687381474,17120.91132786179,17192.93300397193,760.6092252939591
2023-01-07 07:15:00,17190.498151241434,17215.812380913667,17136.75902645252,17190.166316053317,625.6042170511311
2023-01-07 07:30:00,17185.205882650367,17187.547706346442,17144.47513525702,17164.446718476305,593.9000791267628
2023-01-07 07:45:00,17169.60095454274,17174.20491098501,17146.40238545301,17157.668692421055,585.026021750972
2023-01-07 08:00:00,17159.93804340444,17228.485103529627,17127.764338065997,17185.154264820852,1031.7816015603182
2023-01-07 08:15:00,17186.39541525957,17227.232590792006,17167.54618186486,17197.99870390421,539.5662868073857
2023-01-07 08:30:00,17197.83090134678,17250.26362410404,17197.83090134678,17222.876198083977,901.7289643591712
2023-01-07 08:45:00,17228.034583139597,17266.814308388522,17210.683847858105,17243.04496658162,788.0069123132025
2023-01-07 09:00:00,17247.949985174997,17277.425762670755,17243.363972923173,17256.161015852093,1267.1256644847588
2023-01-07 09:15:00,17248.336800766156,17277.98018730127,17234.799839931144,17259.954429066922,877.7925167202282
2023-01-07 09:30:00,17260.331834857698,17358.91161220463,17254.24462367365,17279.653262181735,1027.9086023940736
2023-01-07 09:45:00,17284.90870227954,17296.446575872036,17162.36041972386,17265.269282512738,674.1267680115317
2023-01-07 10:00:00,17264.393509622638,17354.067700890977,17264.183759347477,17284.982497036966,1102.6796452096034
2023-01-07 10:15:00,17278.959371849032,17316.623829969452,17266.993990780695,17291.5919062084,550.0507937228505
2023-01-07 10:30:00,17288.453127572302,17288.453127572302,17229.498104248334,17259.174546511436,915.4763490226682
2023-01-07 10:45:00,17252.07725988033,17294.961068179375,17252.07725988033,17283.492652671317,631.5614288631717
2023-01-07 11:00:00,17284.93721666839,17338.996626635653,17274.322630333918,17289.492935655788,839.8548607475744
2023-01-07 11:15:00,17285.610224070657,17301.698832785773,17264.03543408352,17279.717746078102,655.5039207483053
2023-01-07 11:30:00,17287.029390544136,17305.712417435032,17249.910715477647,17276.67150320545,779.7372707277095
2023-01-07 11:45:00,17277.061324474827,17310.615675423258,17275.787019572577,17296.354824980615,772.226122509177
2023-01-07 12:00:00,17292.291532650495,17332.841035029454,17274.47081557525,17316.85245961183,642.0103536192511
2023-01-07 12:15:00,17318.53582798027,17374.59867640632,17302.161569108834,17319.83668373983,699.3849751477665
2023-01-07 12:30:00,17314.664250454676,17414.268701497327,17306.730634808788,17325.803714165824,598.1796479629387
2023-01-07 12:45:00,17322.96599113833,17371.845526876587,17297.12805404842,17340.675519067536,1394.7440911866374
2023-01-07 13:00:00,17338.06152310479,17417.989853094838,17338.06152310479,17364.89862752363,826.2413523945023
2023-01-07 13:15:00,17366.404337098484,17384.978849595882,17326.47893882904,17373.470760525248,743.8350652255524
2023-01-07 13:30:00,17373.544327046216,17394.434559084933,17288.361100458365,17351.590837220763,625.6893442080885
2023-01-07 13:45:00,17354.097215764807,17388.398617422674,17327.82459201402,17358.064703519354,707.1012459834867
2023-01-07 14:00:00,17358.0945831762,17358.0945831762,17281.628105053325,17333.5963354251,1747.8305037185817
2023-01-07 14:15:00,17336.9016796936,17336.9016796936,17247.20254983029,17308.05263729678,1206.4743843248182
2023-01-07 14:30:00,17308.418871522397,17322.219936478923,17239.417681480023,17287.215692802278,905.165562159606
2023-01-07 14:45:00,17295.582198554428,17295.582198554428,17220.617590446862,17280.33033608476,987.3074949815962
2023-01-07 15:00:00,17265.85210324595,17317.2073106115,17265.85210324595,17296.548318475576,964.8029983264693
2023-01-07 15:15:00,17301.48809496232,17313.17243241382,17249.410785876335,17295.018938118465,791.7351029365127
2023-01-07 15:30:00,17296.677778256268,17374.83687986793,17293.91834793082,17312.963236907304,971.9177158305649
2023-01-07 15:45:00,17318.384645440925,17331.42986306416,17274.704337775263,17294.938399523955,924.6819516073382
2023-01-07 16:00:00,17304.171305979085,17325.980412420766,17248.372140593194,17290.08203060564,827.8341131447701
2023-01-07 16:15:00,17283.9940952835,17345.313399278813,17265.934516331778,17298.988774509293,562.3593010858215
2023-01-07 16:30:00,17299.056867199324,17324.51685349593,17280.629914346686,17293.466327676662,1483.647143324067
2023-01-07 16:45:00,17298.154576175257,17328.501909304072,17255.845781516302,17295.251779970626,903.0415535131759
2023-01-07 17:00:00,17298.26601121131,17333.645419355864,17269.045335937666,17292.974988891223,554.0258776112757
2023-01-07 17:15:00,17282.41391240589,17344.309696230815,17259.11963828073,17300.684332507823,650.3542932596248
2023-01-07 17:30:00,17296.324603014473,17359.094139546538,17296.324603014473,17329.086097678508,1056.795383901823
2023-01-07 17:45:00,17334.298156506407,17375.577839967427,17292.839785198852,17333.638231344517,663.6951155654417
2023-01-07 18:00:00,17338.43873561024,17376.272184946676,17319.491484653918,17364.846547173143,962.7097005248027
2023-01-07 18:15:00,17360.566895961227,17386.324175359452,17331.14522291719,17361.97489029879,642.8314937766681
2023-01-07 18:30:00,17366.180562090074,17393.29141343583,17327.502318202918,17379.740536765028,886.7628911057111
2023-01-07 18:45:00,17384.505898843872,17442.366131755378,17367.386637927495,17389.64638087381,1097.2822587650319
2023-01-07 19:00:00,17394.60948241095,17403.65319190225,17292.846472464567,17385.839890710384,754.092390985237
2023-01-07 19:15:00,17382.723955480513,17410.93799900814,17326.651723324514,17369.924691650667,773.1448225479005
2023-01-07 19:30:00,17383.327174250706,17443.12464500755,17331.338548517906,17353.113595500723,938.5496462889639
2023-01-07 19:45:00,17352.136696247584,17386.778078109215,17325.190580277333,17359.798400505646,616.0567332175075
2023-01-07 20:00:00,17364.60397879995,17378.546565457742,17309.972791648812,17355.7393616219,1214.7393707385258
2023-01-07 20:15:00,17359.25922202287,17449.13378704929,17327.99461673884,17365.277938529787,724.7406155978521
2023-01-07 20:30:00,17373.8879493132,17398.17952705353,17358.072021022734,17382.03038148709,1223.6496317980077
2023-01-07 20:45:00,17384.513788781474,17444.933273649876,17342.514511621266,17391.174730290088,1020.3709759940931
2023-01-07 21:00:00,17387.352499570312,17470.650165976655,17339.723773811424,17400.418186533938,593.2572498718006
2023-01-07 21:15:00,17399.04048812156,17429.972688726233,17313.9103695642,17377.263827290404,758.7887053184903
2023-01-07 21:30:00,17374.318135895985,17395.48738543013,17300.114281158785,17365.11059473512,702.369508127004
2023-01-07 21:45:00,17366.194994738526,17410.370582134517,17277.352201534486,17356.02407282195,957.4165276258225
2023-01-07 22:00:00,17357.316237885807,17430.324060517538,17344.28091516868,17369.59531607862,767.5694749717139
2023-01-07 22:15:00,17363.46672486064,17386.517032890464,17304.890556429124,17358.930633185377,718.8370372032106
2023-01-07 22:30:00,17358.726214855204,17390.416011611986,17341.15217224128,17368.92508242481,809.7524218928805
2023-01-07 22:45:00,17376.21322074911,17403.74144492321,17349.250686170843,17359.871036245215,701.1433273966624
2023-01-07 23:00:00,17367.547437441208,17399.87670479415,17347.232736834925,17368.530070284363,663.0495458719528
2023-01-07 23:15:00,17370.296367835348,17397.781632162867,17332.762668424453,17384.591581409066,951.1135382908741
2023-01-07 23:30:00,17382.169128660087,17433.439879054888,17382.169128660087,17410.56507933359,631.8906160851944
2023-01-07 23:45:00,17414.57206356635,17418.105058786743,17358.87219351903,17401.968451248755,767.4813437913431
2023-01-08 00:00:00,17402.126897452184,17449.73620000119,17332.43127375874,17415.052275125676,862.7462036240718
2023-01-08 00:15:00,17411.70902747552,17508.17131493458,17411.70902747552,17438.87622349559,1010.5756042854155
2023-01-08 00:30:00,17445.979512673985,17472.597736203592,17431.78670309634,17454.33038364613,948.4949862900974
2023-01-08 00:45:00,17460.04452356533,17478.260752278286,17452.958247248604,17465.307383021256,556.9709507737123
2023-01-08 01:00:00,17462.083262949487,17489.171403340933,17383.939642439687,17444.635370692784,997.8497784370533
2023-01-08 01:15:00,17450.835662397174,17474.005881217163,17392.771293069683,17446.31042373256,533.044079484947
2023-01-08 01:30:00,17447.19224291856,17451.668175510178,17360.149207205213,17418.47445711455,1523.9884425251046
2023-01-08 01:45:00,17412.1967696828,17421.724062438694,17381.0050118639,17407.238369010185,869.1867199835216
2023-01-08 02:00:00,17409.200770485222,17440.916607060146,17330.546961748805,17392.84571668897,1984.006022378582
2023-01-08 02:15:00,17387.7690925916,17397.97273327186,17343.84814586033,17386.35688397122,986.5774980659852
2023-01-08 02:30:00,17392.88031889994,17410.315184070296,17357.90106652748,17390.354198685443,1184.3904839496463
2023-01-08 02:45:00,17384.047024020972,17414.891810303838,17323.50684221845,17376.800829831085,669.9121666483804
2023-01-08 03:00:00,17378.429122532747,17397.093145642055,17308.08742215833,17385.893008899664,851.0558086346238
2023-01-08 03:15:00,17386.9861729364,17394.77626417295,17352.372663747647,17372.957313370036,771.6132853349397
2023-01-08 03:30:00,17375.66222955501,17408.581591883532,17341.59314083617,17374.37805638074,616.7960164760851
2023-01-08 03:45:00,17369.920459625566,17427.884326843763,17338.465893231412,17374.593486109483,692.0980517147641
2023-01-08 04:00:00,17373.365332356967,17390.579854375872,17358.545079028212,17370.014576735877,515.7961649281856
2023-01-08 04:15:00,17371.458307838508,17373.05059568681,17329.32790170784,17358.713878510796,666.3090009403601
2023-01-08 04:30:00,17358.251003963775,17369.60290578008,17337.00969863448,17353.829413913194,896.4074213172307
2023-01-08 04:45:00,17357.21759831061,17400.23286150809,17313.912121529513,17360.33277830697,1306.8245646807313
2023-01-08 05:00:00,17359.799678121275,17394.935323802834,17344.801601916453,17361.03141272598,1167.0766114308856
2023-01-08 05:15:00,17357.28391865161,17362.184380534498,17316.885993761014,17342.709593353473,1325.1854998243616
2023-01-08 05:30:00,17344.336949140416,17379.48666100636,17303.54021111509,17319.223241232154,881.7666050404373
2023-01-08 05:45:00,17325.4759498472,17356.95022375094,17309.56392041297,17323.119709392584,714.5919456223081
2023-01-08 06:00:00,17320.517677155796,17336.22244657851,17259.90305722929,17325.318090150162,1037.2355586444678
2023-01-08 06:15:00,17325.607161922642,17397.741299034744,17288.27009717111,17320.554820277986,769.3422967692306
2023-01-08 06:30:00,17322.313647368883,17335.03711109743,17261.326223250053,17317.36683746058,618.9019567800108
2023-01-08 06:45:00,17321.11973720893,17355.26293229617,17308.147012911202,17331.890812578284,1061.1071071126462
2023-01-08 07:00:00,17335.211010773095,17415.13500295113,17332.061936793965,17345.78703406967,603.0663535525408
2023-01-08 07:15:00,17347.36884245995,17376.678240278696,17311.196570117856,17333.936426431832,810.5732884682761
2023-01-08 07:30:00,17331.08004256014,17359.145895193993,17285.04189609367,17321.9699951449,561.1930808613049
2023-01-08 07:45:00,17311.73270909846,17371.60870838414,17281.426271763463,17337.30811514611,1160.578190466203
2023-01-08 08:00:00,17334.07783654049,17339.991799448264,17303.936164540708,17315.336300667568,746.956958680049
2023-01-08 08:15:00,17315.720525001452,17388.15265934019,17312.81083754572,17323.61882404757,735.0689288597996
2023-01-08 08:30:00,17324.985903220313,17324.985903220313,17261.051325020802,17302.056343748252,769.0900336979613
2023-01-08 08:45:00,17300.222411370225,17344.071078229197,17281.21604414017,17298.884090846237,816.1459741297726
2023-01-08 09:00:00,17306.199305325186,17366.859429271073,17280.915067821883,17324.26132910912,590.6796386894265
2023-01-08 09:15:00,17336.232571712626,17376.284993630125,17305.878739229065,17332.98149444932,1481.3743377713547
2023-01-08 09:30:00,17337.428740955755,17340.823610272448,17271.081537596558,17320.127097887842,1260.9636687398945
2023-01-08 09:45:00,17317.24004471457,17389.51036750939,17317.24004471457,17347.577332714252,1479.4791743939477
2023-01-08 10:00:00,17340.93205620671,17410.005222600746,17340.93205620671,17374.092906575992,1152.7248566778662
2023-01-08 10:15:00,17375.588040526658,17375.588040526658,17330.04744806564,17360.286776994864,659.4087149084024
2023-01-08 10:30:00,17357.740414236745,17400.678263874688,17341.079160631845,17367.325404820218,530.2084001120616
2023-01-08 10:45:00,17371.01758959217,17401.401280534716,17362.415742675432,17375.208893351533,984.1254521003325
2023-01-08 11:00:00,17378.285037548172,17410.506559903384,17280.65817340758,17374.89926423685,645.6985186722104
2023-01-08 11:15:00,17379.99900218457,17385.039927867554,17330.46921229986,17362.16284104549,621.0440223814381
2023-01-08 11:30:00,17363.776303860068,17380.900360967964,17332.36934609032,17355.467124146635,734.4957906636788
2023-01-08 11:45:00,17351.975680641062,17386.307915912144,17287.764876383415,17373.772164258524,724.8248702589234
2023-01-08 12:00:00,17371.490975787496,17382.216715691895,17284.61430714007,17354.174251620363,580.2723957504919
2023-01-08 12:15:00,17357.134603117196,17367.25027198686,17287.762736819215,17329.337873291268,572.1300807954259
2023-01-08 12:30:00,17322.91742123763,17327.872613706375,17302.94834634298,17316.866001499424,1355.4686235387003
2023-01-08 12:45:00,17322.745508801603,17354.55964709918,17294.44623223069,17315.947918529924,543.9815634937239
2023-01-08 13:00:00,17310.334214574577,17319.361831431394,17270.363873812992,17307.58895505886,609.8372648599512
2023-01-08 13:15:00,17303.53431891336,17347.11027519633,17285.32275896935,17325.325717334268,768.2559063302336
2023-01-08 13:30:00,17324.958689320265,17370.111822973402,17318.13501593527,17348.33172618617,696.8717733323215
2023-01-08 13:45:00,17353.05613964781,17353.398725848063,17283.915091905816,17329.205235183606,691.3771662845658
2023-01-08 14:00:00,17331.308393136114,17388.243695437945,17287.0620720703,17325.600234940503,903.891490024577
2023-01-08 14:15:00,17317.98422523493,17389.36955986476,17300.79161116683,17349.2030048641,1312.2333528843565
2023-01-08 14:30:00,17344.147539758258,17368.101658775624,17317.560076730755,17348.34212399112,1352.6980418502471
2023-01-08 14:45:00,17348.016358017736,17406.845808781898,17348.016358017736,17383.97446563229,619.4955474942994
2023-01-08 15:00:00,17380.659515149768,17465.77662673391,17359.05075731246,17422.21799055247,688.4620753865054
2023-01-08 15:15:00,17427.49877363971,17441.826578046952,17393.37560861918,17423.89724120999,541.7837671198918
2023-01-08 15:30:00,17421.736323508794,17474.181424709146,17390.06120490176,17432.436704562697,557.7310267786754
2023-01-08 15:45:00,17427.365532224154,17440.447452169727,17383.053682798232,17424.873828466374,726.292413970935
2023-01-08 16:00:00,17436.45347448548,17436.45347448548,17365.812765912873,17402.073849828557,570.1265925985448
2023-01-08 16:15:00,17404.70561226349,17456.430552497837,17383.095083494398,17394.530321524024,957.425676674904
2023-01-08 16:30:00,17386.784402780613,17440.260048778207,17386.784402780613,17407.14008492489,1673.3187527524215
2023-01-08 16:45:00,17404.56467042294,17438.36160335436,17404.56467042294,17421.36705174562,568.9112402838985
2023-01-08 17:00:00,17416.114644549118,17436.48249145809,17395.03004131309,17407.651449809287,821.4699521954658
2023-01-08 17:15:00,17407.869808481515,17460.223656954284,17338.321294887985,17403.95381099916,788.2878551336847
2023-01-08 17:30:00,17401.143203669864,17445.69811396589,17377.239629639877,17392.06682289156,626.7786675325987
2023-01-08 17:45:00,17394.539460056516,17417.105921936236,17379.98044459322,17395.293264859123,585.3686203039872
2023-01-08 18:00:00,17387.676775816697,17461.00825973882,17371.18442712192,17383.259612605212,938.0985091438167
2023-01-08 18:15:00,17390.304402313566,17414.083029776986,17385.560114540353,17401.30325228496,939.802240626134
2023-01-08 18:30:00,17407.694926193843,17407.694926193843,17350.564104303463,17383.737793062588,1070.0841460234824
2023-01-08 18:45:00,17376.79814812081,17455.384669851213,17360.000679154724,17417.830616185467,713.3201305166954
2023-01-08 19:00:00,17418.523296978023,17470.86612004568,17330.42494324553,17404.564986413963,717.6836964511734
2023-01-08 19:15:00,17407.587359976238,17435.890698207746,17390.032639659887,17424.73761992583,820.7852312970361
2023-01-08 19:30:00,17425.912713079048,17425.912713079048,17339.491221473076,17400.8832028163,1209.1644988029088
2023-01-08 19:45:00,17396.804706114242,17413.92783067585,17345.64124812925,17398.655158193367,2237.138571885388
2023-01-08 20:00:00,17404.249355476324,17458.887334536816,17400.093458564712,17424.708869977607,593.2754771289568
2023-01-08 20:15:00,17425.05853539175,17477.424359946068,17380.606777694244,17441.866834527296,568.5603729908909
2023-01-08 20:30:00,17441.479752277235,17458.16763730557,17406.883261499243,17439.214523678987,584.2348049489974
2023-01-08 20:45:00,17442.93223718049,17502.967848136504,17442.93223718049,17459.9369178981,560.1158972487292
2023-01-08 21:00:00,17459.975341897705,17497.647263665818,17409.762792075435,17456.025124282354,518.9135760316925
2023-01-08 21:15:00,17445.863535589833,17479.94832847744,17401.779828946383,17447.19154450333,1176.143869164629
2023-01-08 21:30:00,17446.338430072028,17464.54715875558,17427.447585391314,17440.023946714813,554.0531553812347
2023-01-08 21:45:00,17446.66502891823,17501.456963239067,17422.47836151457,17462.459465124855,704.568943224551
2023-01-08 22:00:00,17465.83860092707,17465.83860092707,17432.825378746053,17444.550780651323,557.775236872733
2023-01-08 22:15:00,17442.25120670164,17453.61640526186,17404.595648455892,17437.365632648376,716.6616175811331
2023-01-08 22:30:00,17441.096428614786,17441.20464825033,17366.67800231928,17425.894491819283,830.9683742310006
2023-01-08 22:45:00,17429.543293546263,17444.546286818528,17398.456686394336,17410.28065910039,561.9062938211587
2023-01-08 23:00:00,17407.04698536498,17456.59326487416,17404.339348476566,17436.121261467622,612.5616857574779
2023-01-08 23:15:00,17433.83400820869,17469.099675744463,17407.96336911324,17432.516154186094,661.0406464438731
2023-01-08 23:30:00,17425.428862329627,17462.484193312346,17412.056607895152,17425.550304875538,1122.254087708237
2023-01-08 23:45:00,17432.981966569023,17450.126085362706,17392.75597551679,17423.054956286105,819.0027118732083
2023-01-09 00:00:00,17422.85578950745,17500.45484321086,17422.85578950745,17440.7575479613,1208.9877416307997
2023-01-09 00:15:00,17437.05876874463,17510.44473070493,17437.05876874463,17469.439219753658,775.4353839863172
2023-01-09 00:30:00,17473.29108110064,17508.05002762671,17434.82998001482,17474.84838513853,944.2085778824405
2023-01-09 00:45:00,17484.999365670086,17512.087313239874,17454.839593717,17482.818235296207,704.1740595730023
2023-01-09 01:00:00,17489.44750608921,17489.44750608921,17421.654595858294,17449.076966149598,634.2026136182352
2023-01-09 01:15:00,17450.15326491184,17487.82037761575,17426.39166980618,17465.46446520953,794.6910151993692
2023-01-09 01:30:00,17475.38352374358,17512.71503530145,17411.088776018227,17442.309894629223,852.8646676538652
2023-01-09 01:45:00,17435.1013109897,17502.6758107201,17426.263318338075,17456.98178161003,621.6763146885945
2023-01-09 02:00:00,17454.434890876277,17483.294459517598,17407.77674157848,17439.696704738395,896.344674132426
2023-01-09 02:15:00,17432.153780878056,17477.96483183508,17411.68857023637,17429.64903909603,560.0755097785834
2023-01-09 02:30:00,17429.782899341826,17493.070766791177,17399.924692184635,17438.40568603049,707.6860751373058
2023-01-09 02:45:00,17445.850372745932,17453.27744143415,17374.331837727856,17420.592149232663,573.5341880975841
2023-01-09 03:00:00,17418.455323180762,17471.38018760952,17414.640146595935,17437.019491117553,680.2830832233464
2023-01-09 03:15:00,17434.40096110118,17461.91893232554,17405.02503853177,17440.884573820756,710.0246391189837
2023-01-09 03:30:00,17438.238821945295,17438.238821945295,17347.908290989122,17410.1664228153,627.002288878441
2023-01-09 03:45:00,17404.779979815386,17436.589164389552,17351.474603631115,17393.810942455388,868.376450294707
2023-01-09 04:00:00,17393.219252513332,17453.830992208255,17358.760640369605,17383.89650327549,632.057910388766
2023-01-09 04:15:00,17394.694636909513,17397.299544408022,17333.636449825623,17360.89509541007,1175.4999801741503
2023-01-09 04:30:00,17355.719765740672,17381.896384517702,17343.399399975755,17371.266804449937,636.5333604533805
2023-01-09 04:45:00,17370.49948063075,17443.33282727703,17356.267468371112,17395.957803487625,780.9655964657865
2023-01-09 05:00:00,17391.168055659895,17416.540376309713,17357.11274875904,17386.019999239175,574.038657455216
2023-01-09 05:15:00,17385.174652495396,17448.438635846986,17383.718512414318,17398.787868134947,702.3566983703236
2023-01-09 05:30:00,17400.133715284046,17427.277570730523,17333.55829223036,17403.080669106585,554.6000324922754
2023-01-09 05:45:00,17396.999435712954,17442.640433616096,17393.50098198573,17405.737954278175,967.2556332100694
2023-01-09 06:00:00,17403.717011125016,17421.601690514224,17383.889251756053,17406.28554090793,610.6008659503467
2023-01-09 06:15:00,17407.12170074152,17447.398397892448,17391.205981089228,17409.37422174414,605.4906244323449
2023-01-09 06:30:00,17405.004644183115,17421.26023967226,17378.415771176376,17407.382137921653,1105.2058289885767
2023-01-09 06:45:00,17406.825440668603,17406.825440668603,17347.108802989493,17377.22194083722,1170.6063184634156
2023-01-09 07:00:00,17377.112248984202,17398.807005335933,17364.144501780756,17381.533955682557,526.6062292047209
2023-01-09 07:15:00,17383.095431998052,17421.32156821463,17379.275383900655,17399.22133696945,632.5125489808951
2023-01-09 07:30:00,17401.483321216398,17434.536684427927,17364.466414514027,17408.50531690756,604.7151650274967
2023-01-09 07:45:00,17402.409153036682,17421.32099551565,17337.689780397424,17404.018001970893,1098.2872831255554
2023-01-09 08:00:00,17413.435128996658,17419.091262642298,17348.918391629464,17403.799809528235,889.7600291437899
2023-01-09 08:15:00,17409.844596647825,17445.940195180476,17365.270130082583,17420.28764112168,777.2820016915131
2023-01-09 08:30:00,17422.340906476245,17422.692723538217,17380.06024412932,17399.7957494521,573.6812780260499
2023-01-09 08:45:00,17406.179000747958,17441.761936007213,17382.48490347276,17404.80034358625,1107.0837476279532
2023-01-09 09:00:00,17403.892668123626,17455.05528015358,17302.52098180857,17422.87205549076,638.6990895839735
2023-01-09 09:15:00,17428.940247739392,17464.37390929129,17378.67499199942,17426.96488428711,652.7294483216433
2023-01-09 09:30:00,17430.248100970908,17430.58642326933,17360.34989673734,17411.319613441094,716.9623178681563
2023-01-09 09:45:00,17412.328285623775,17450.577178954634,17399.159926285178,17433.311263115796,905.4447011756438
2023-01-09 10:00:00,17434.65042969444,17511.318696052906,17401.146343168813,17438.674975278787,528.5223595133873
2023-01-09 10:15:00,17442.401461184978,17478.191222517897,17401.118902396844,17451.929253181443,869.6165306657084
2023-01-09 10:30:00,17451.58945031755,17457.834856115704,17400.100072295616,17427.30111963487,837.8663963314267
2023-01-09 10:45:00,17422.43226840848,17450.69755643636,17407.35535618198,17417.935627608906,607.3850631397504
2023-01-09 11:00:00,17409.681397312805,17423.71445016679,17392.23351808568,17410.137729087877,687.5575208844868
2023-01-09 11:15:00,17404.23666584922,17449.47549406729,17404.23666584922,17419.383708199995,1614.9970528182319
2023-01-09 11:30:00,17425.19328912906,17491.372060141275,17414.444283256184,17427.31304601719,680.2850158619744
2023-01-09 11:45:00,17422.344105725293,17503.72372724448,17414.0262437977,17438.912781159554,792.6412254158762
2023-01-09 12:00:00,17434.53528202874,17457.953702039147,17394.391003376666,17436.526103556298,856.5609842434557
2023-01-09 12:15:00,17429.868672449706,17429.868672449706,17395.52638796077,17408.231921091206,626.0074791476642
2023-01-09 12:30:00,17400.77604964312,17400.77604964312,17340.287816822936,17384.419971555857,919.9795029499609
2023-01-09 12:45:00,17385.702624935828,17410.062923786234,17351.752151929264,17373.8275159938,847.7000642832393
2023-01-09 13:00:00,17382.197565008333,17382.197565008333,17359.280283545482,17371.373057173256,675.3976937457134
2023-01-09 13:15:00,17364.06873583481,17456.095682770636,17339.518957548076,17378.650408760983,593.3171945236481
2023-01-09 13:30:00,17369.447722538895,17381.536369804555,17324.00952408394,17370.97274407701,656.4815135887477
2023-01-09 13:45:00,17374.542505752463,17401.6472439275,17356.804323954326,17370.766280887936,749.3023647040968
2023-01-09 14:00:00,17373.806051001844,17436.557129267698,17285.466662587307,17333.867313652525,856.8053060910511
2023-01-09 14:15:00,17333.468248501733,17345.640477807632,17228.596936748574,17308.670284149386,758.2177472499217
2023-01-09 14:30:00,17314.458321181624,17367.929943463205,17284.36455736523,17318.974955192953,1014.5449968956838
2023-01-09 14:45:00,17315.896088792633,17315.896088792633,17237.41120970232,17293.62905517585,800.9303515943981
2023-01-09 15:00:00,17295.8851650989,17351.27199183516,17279.685355629957,17310.796811538487,768.2389025488321
2023-01-09 15:15:00,17318.88368407628,17353.851943424237,17303.392073341678,17334.707529457897,1183.769885107896
2023-01-09 15:30:00,17331.11461435171,17395.717030775184,17331.11461435171,17350.471266457236,729.4002122961213
2023-01-09 15:45:00,17336.582191918606,17424.49167689642,17336.582191918606,17382.889774083105,1399.878004363577
2023-01-09 16:00:00,17383.94975261117,17432.874278470197,17260.07524481219,17364.755412419792,741.6991340920131
2023-01-09 16:15:00,17365.76524570161,17424.32403558224,17357.12532750428,17390.92019719529,2071.2332179764567
2023-01-09 16:30:00,17394.963722545774,17455.841650692873,17350.44275477307,17397.54360786947,895.0024283911841
2023-01-09 16:45:00,17389.615837081736,17411.16355846629,17378.993785784463,17396.266356213906,799.1301132121092
2023-01-09 17:00:00,17406.29598638647,17432.579540703762,17350.85394594747,17393.733753562738,818.1591218579877
2023-01-09 17:15:00,17390.53224537997,17390.78576027907,17351.58880578281,17363.767692832138,1474.8339284657125
2023-01-09 17:30:00,17352.58938065636,17460.083674785168,17336.521447802832,17368.17422484695,663.4057838900428
2023-01-09 17:45:00,17367.63053154306,17367.63053154306,17321.97571661654,17335.789644122422,851.17713161346
2023-01-09 18:00:00,17334.829340036067,17371.453718604076,17314.651804006833,17339.352450401897,615.4886357657069
2023-01-09 18:15:00,17336.355751505627,17383.171902660863,17313.962303059896,17334.413364524382,517.1513234857288
2023-01-09 18:30:00,17340.359322004293,17385.196395629406,17335.243307363442,17349.367773912836,1330.0302370115812
2023-01-09 18:45:00,17337.090186765166,17394.331163433304,17299.97337601306,17341.65577905769,911.808012370336
2023-01-09 19:00:00,17345.84477451155,17391.372582405627,17287.168675059453,17337.96237067358,859.5040403315368
2023-01-09 19:15:00,17343.520452546774,17379.21539763303,17286.84459602715,17325.57773808852,665.3407862098389
2023-01-09 19:30:00,17324.518054131397,17395.92329841624,17273.010724467153,17307.450305276732,1228.0586417165493
2023-01-09 19:45:00,17303.02363534657,17338.65492946124,17241.724727241373,17287.276312219692,678.5729498591758
2023-01-09 20:00:00,17287.86080724751,17366.973172047103,17239.42418357634,17280.598477178948,836.6891534231269
2023-01-09 20:15:00,17282.57273309074,17322.59463586288,17270.674024383767,17288.211422753757,812.9182817913894
2023-01-09 20:30:00,17284.090971676862,17294.866103849665,17235.43978048406,17274.052695714803,844.522642590744
2023-01-09 20:45:00,17274.765495231302,17339.472474036367,17262.353376185103,17282.50394872879,1008.4082562645698
2023-01-09 21:00:00,17286.791852247457,17295.351834677655,17243.718190212683,17262.59780124353,739.4399865252277
2023-01-09 21:15:00,17267.028365874907,17301.586523394595,17231.577000502268,17251.01865185246,549.2523223343139
2023-01-09 21:30:00,17259.64644258858,17319.885875780295,17256.424619197296,17278.05233803137,660.3297803349088
2023-01-09 21:45:00,17285.146207924896,17347.650457944495,17285.146207924896,17314.548358520333,643.3270634718201
2023-01-09 22:00:00,17317.516582479035,17387.369160815702,17270.017163116445,17329.756012550482,708.8386586876426
2023-01-09 22:15:00,17325.82313905286,17325.82313905286,17287.342423247926,17300.123160060273,1313.572105440179
2023-01-09 22:30:00,17288.56265037991,17361.84309788295,17236.874015304464,17308.273840924576,754.3801707961932
2023-01-09 22:45:00,17319.482358156234,17372.07542319051,17274.580989686947,17319.797963606306,842.559710627251
2023-01-09 23:00:00,17316.887763919174,17343.402421705265,17283.326010590295,17311.129401262217,668.9216544266217
2023-01-09 23:15:00,17309.375773599477,17365.5202709459,17275.926729246985,17322.41597713947,783.7396354018264
2023-01-09 23:30:00,17316.83640791683,17371.144519993013,17292.001649717255,17309.813342676767,842.8872874296035
2023-01-09 23:45:00,17311.071157185117,17322.228435375902,17287.327221839507,17302.3862633056,881.311743141941
2023-01-10 00:00:00,17304.766197715904,17337.48599141218,17268.160958254655,17291.127829881032,765.7740268877842
2023-01-10 00:15:00,17290.212025495206,17315.03355949466,17272.551599673905,17299.928411150362,767.0278762105074
2023-01-10 00:30:00,17303.93261029848,17349.34442676951,17222.84499969681,17285.85260553809,1119.9870417923742
2023-01-10 00:45:00,17288.94999437126,17321.165850535734,17263.458317904784,17291.20287375023,757.8714576138756
2023-01-10 01:00:00,17293.95575857333,17293.95575857333,17215.402827312995,17257.064583948544,1310.4468334612602
2023-01-10 01:15:00,17249.323528539684,17285.42994172954,17243.669474964667,17274.94693094133,588.3169225723904
2023-01-10 01:30:00,17266.989527675218,17338.50045775541,17254.0772841571,17286.87182938648,863.5237873817942
2023-01-10 01:45:00,17290.667660155053,17318.528258878385,17265.48414981551,17303.619846812802,671.9162612978068
2023-01-10 02:00:00,17311.807093262832,17311.807093262832,17231.31491589333,17272.536896155118,867.0790295279128
2023-01-10 02:15:00,17274.11107792412,17323.04255732939,17266.209317634744,17277.333052996415,765.3259412914897
2023-01-10 02:30:00,17282.271435847226,17282.271435847226,17244.726431450938,17265.281893697153,692.1462231944109
2023-01-10 02:45:00,17258.276563032734,17289.115809459992,17233.587770438444,17266.117082990688,927.7751417069276
2023-01-10 03:00:00,17273.919352197292,17287.067665412327,17235.580751765076,17262.28993320472,680.4829967580285
2023-01-10 03:15:00,17266.382285946096,17266.382285946096,17218.100385848105,17237.992662637873,712.7774815650444
2023-01-10 03:30:00,17240.712250612763,17268.55180725121,17181.179965997995,17242.3710837885,863.3516630421773
2023-01-10 03:45:00,17242.751744767713,17255.29747986601,17214.18415195936,17226.683512757398,1638.149869545046
2023-01-10 04:00:00,17227.436997991812,17287.067964148635,17185.780106065227,17236.789159015123,864.7206809647939
2023-01-10 04:15:00,17236.90481012196,17278.7106105575,17202.555942390954,17247.528027603123,1024.2527743791272
2023-01-10 04:30:00,17243.02572587108,17266.735732506822,17222.040873982667,17252.75261284769,1174.1119087893467
2023-01-10 04:45:00,17248.858520822338,17332.990049925113,17241.938763163915,17255.92660576979,520.5253477945678
2023-01-10 05:00:00,17264.642510818067,17281.4385098459,17205.364347494404,17247.94527906977,1232.7889101180192
2023-01-10 05:15:00,17252.242260954506,17307.93609030753,17210.670821828586,17255.689474519233,593.4626438324296
2023-01-10 05:30:00,17261.52494140529,17271.677430462325,17231.723711542614,17245.951778722043,670.6921841130086
2023-01-10 05:45:00,17248.52467992057,17284.021825598593,17181.61792117705,17248.726326406282,531.8404498825573
2023-01-10 06:00:00,17247.573818465546,17272.815969731364,17232.940252817185,17257.270488059232,537.2971895329792
2023-01-10 06:15:00,17257.65096581112,17257.809745349645,17194.9869273958,17247.28537206088,793.4746814139049
2023-01-10 06:30:00,17238.172104820747,17257.587650349014,17210.667291532736,17244.4351916788,579.0451754815334
2023-01-10 06:45:00,17246.281506581567,17285.82509596811,17219.903798757037,17243.014270360436,895.9100861641784
2023-01-10 07:00:00,17249.22669851108,17278.13619217973,17232.18283020513,17251.645645688972,770.392237580356
2023-01-10 07:15:00,17249.685256490928,17249.685256490928,17222.66418024556,17234.509557025103,632.8460959978011
2023-01-10 07:30:00,17243.2352217457,17247.09891751259,17205.029946295064,17233.027633389098,589.7033378748662
2023-01-10 07:45:00,17225.469058285027,17279.00522536306,17225.469058285027,17266.49993092041,973.6717352701552
2023-01-10 08:00:00,17266.867065175546,17285.41558360781,17237.423857198824,17251.7678185316,1168.7161719385574
2023-01-10 08:15:00,17253.177088256733,17269.256571120386,17216.09437870423,17245.26708733789,743.6097060972704
2023-01-10 08:30:00,17254.078563751686,17254.078563751686,17179.440129589988,17226.833487758886,799.9432484824382
2023-01-10 08:45:00,17231.279338214965,17308.344965631033,17204.992047239346,17231.585280430194,648.9314784869044
2023-01-10 09:00:00,17235.617260493913,17256.38715278221,17192.279579625163,17239.392385277533,544.6552410149374
2023-01-10 09:15:00,17233.2193805296,17242.56129444927,17192.90583019391,17223.29486379117,1147.2033628145741
2023-01-10 09:30:00,17230.581930705637,17241.72567233188,17171.461536330375,17214.89964454385,1039.3612393733065
2023-01-10 09:45:00,17216.73850754237,17253.051320714156,17186.185649690175,17220.51930418396,1119.88729470356
2023-01-10 10:00:00,17221.85903830337,17257.78277756036,17221.85903830337,17239.855481984432,563.8926649792176
2023-01-10 10:15:00,17246.278024892963,17277.786018899304,17176.201533664476,17243.664676125074,835.966374108764
2023-01-10 10:30:00,17247.714272949546,17292.103042274455,17239.8565489278,17258.658459060094,948.0996150481144
2023-01-10 10:45:00,17266.69297530609,17293.61030474698,17225.1145319678,17237.970584170267,896.6545875620227
2023-01-10 11:00:00,17241.07959020571,17300.382779789546,17241.07959020571,17271.9295985395,972.1508292545523
2023-01-10 11:15:00,17281.7932857578,17283.519484044267,17247.352310966115,17266.52144305972,685.0930478072494
2023-01-10 11:30:00,17274.189669897463,17325.239197412964,17211.86956654545,17273.878207967955,827.83232104208
2023-01-10 11:45:00,17273.269839913315,17321.36112687324,17241.565780550813,17294.317613571307,825.7892577024386
2023-01-10 12:00:00,17298.411175927806,17310.53704841727,17286.758651968572,17299.72723012447,784.4317906659028
2023-01-10 12:15:00,17302.33646806681,17341.43353388708,17259.722405430097,17302.216401828333,1525.3222204814476
2023-01-10 12:30:00,17302.701895025075,17323.927704683294,17275.192829901513,17305.73540736346,614.1553250715015
2023-01-10 12:45:00,17306.493549315015,17356.063040270026,17246.90650813829,17301.902160732967,667.7143644280316
2023-01-10 13:00:00,17289.400973977397,17357.287118715474,17283.577162784655,17326.472213019304,1295.9964002109873
2023-01-10 13:15:00,17317.331940004904,17361.32356016197,17300.39234696407,17337.217741963264,555.5038244278905
2023-01-10 13:30:00,17331.797658639713,17377.648652831427,17322.05566286498,17350.217811345217,688.9904749954551
2023-01-10 13:45:00,17346.308309569653,17378.07712303469,17287.699057064136,17347.754936737438,929.3273734760712
2023-01-10 14:00:00,17347.51839747314,17383.2581417355,17335.709758946025,17360.55578125167,1459.137466883546
2023-01-10 14:15:00,17357.233657678134,17368.668960771978,17293.546697393354,17347.501675404983,540.1789422144275
2023-01-10 14:30:00,17345.125801162216,17357.298964495247,17259.224342329657,17335.90474474872,760.9827460492526
2023-01-10 14:45:00,17341.25220035857,17375.02409591663,17313.57157326063,17340.155975924186,1160.9447184257324
2023-01-10 15:00:00,17339.333973031004,17362.56261426981,17280.51451814371,17337.625831547743,546.1728807593041
2023-01-10 15:15:00,17329.303577224215,17379.029112084456,17327.588338577716,17346.985957976445,1023.8565172071111
2023-01-10 15:30:00,17352.716381594844,17366.326126906417,17311.967696826345,17344.82461405194,878.9125007625277
2023-01-10 15:45:00,17346.910678919332,17357.995571597276,17279.729676922245,17327.137762239206,923.3792598759544
2023-01-10 16:00:00,17325.978315153556,17359.132416649412,17295.93977826826,17343.54764487129,675.6476207469663
2023-01-10 16:15:00,17343.30962325131,17390.986212667187,17312.482406159404,17351.68340670015,533.1329650952737
2023-01-10 16:30:00,17351.70831990724,17386.909584504545,17298.701071410364,17352.17645533009,830.5000417167312
2023-01-10 16:45:00,17352.5652145844,17399.77611024821,17352.5652145844,17375.668771400426,785.6642843371649
2023-01-10 17:00:00,17381.350482701513,17399.724479483753,17355.530261099335,17367.52702171325,893.068413787758
2023-01-10 17:15:00,17363.210085028924,17363.491778792963,17324.67643490382,17339.495161624334,733.8497127126525
2023-01-10 17:30:00,17337.03091967788,17376.000465427627,17306.964239455177,17336.97164314466,636.0854245473835
2023-01-10 17:45:00,17335.497440087514,17366.49246038592,17329.174963977468,17353.707545230434,1235.412447768388
2023-01-10 18:00:00,17345.959150059654,17414.05896810803,17282.349287288453,17372.613876285184,661.8709548365521
2023-01-10 18:15:00,17375.6799835272,17395.22777752307,17307.265878087972,17356.452364636258,657.8719371662039
2023-01-10 18:30:00,17355.825300949582,17391.496493000177,17316.72412214446,17351.23656677793,539.8473728193559
2023-01-10 18:45:00,17348.643675741307,17357.146539609304,17319.72991909135,17341.571959818823,1368.0220612777582
2023-01-10 19:00:00,17344.255330339376,17365.952011570567,17323.18645978228,17336.620773868715,948.3897757002566
2023-01-10 19:15:00,17335.93718983188,17369.604763524927,17324.510732368093,17347.260318972727,583.1786526047615
2023-01-10 19:30:00,17353.004382157305,17368.17596991334,17319.660146077316,17339.68609957173,661.6510179317845
2023-01-10 19:45:00,17345.568837511535,17363.733603454923,17278.290138670603,17333.28985763525,669.9203809176822
2023-01-10 20:00:00,17335.769967471202,17377.57553340842,17307.72412312055,17338.2724491977,1070.1775948107363
2023-01-10 20:15:00,17331.43051080497,17395.199027067785,17292.5332862908,17333.545453331797,771.8037475374613
2023-01-10 20:30:00,17338.849553588836,17338.849553588836,17285.362269110952,17304.77017133592,1892.6314040639247
2023-01-10 20:45:00,17306.027826868776,17312.70063078998,17259.433675298696,17302.116845427252,691.67934260414
2023-01-10 21:00:00,17297.30103025189,17375.547660267497,17231.78449879176,17306.993024933796,574.8908997581545
2023-01-10 21:15:00,17301.556679484922,17349.639192949115,17301.556679484922,17330.232263613027,909.6160957260299
2023-01-10 21:30:00,17330.286231716775,17375.275490181954,17314.439490706674,17339.6512706325,547.8968502015251
2023-01-10 21:45:00,17332.01881291489,17378.449589884884,17316.172863493164,17340.026764122063,935.2422014285655
2023-01-10 22:00:00,17335.977384177826,17372.00494705318,17271.635275236018,17328.396583899324,1777.0328677817404
2023-01-10 22:15:00,17336.43034898174,17355.15403396984,17265.4281272168,17328.628736138202,685.4003099954924
2023-01-10 22:30:00,17328.97268731682,17362.612616431692,17313.810033623253,17337.43947527492,1212.7929109298786
2023-01-10 22:45:00,17350.663887607665,17350.663887607665,17249.606105201623,17302.79907469523,612.141464629749
2023-01-10 23:00:00,17308.09669181853,17340.495717823193,17239.536372555787,17298.459939331886,545.1148721667529
2023-01-10 23:15:00,17295.61544779093,17333.89666088464,17265.83586802188,17318.2825684506,674.4893503620408
2023-01-10 23:30:00,17316.28051384709,17320.388756506196,17267.741004378233,17307.323190842846,719.427344981177
2023-01-10 23:45:00,17299.94157119335,17319.579776292103,17244.9142442032,17280.99004707709,812.8181220750529
2023-01-11 00:00:00,17290.924008182552,17325.5014566579,17229.036659770125,17278.996077212418,539.1793701750232
2023-01-11 00:15:00,17277.437246124166,17335.51867925858,17246.45445043774,17301.548062236216,625.029783199459
2023-01-11 00:30:00,17294.951840460617,17322.59533613828,17284.442087629985,17303.266612276533,709.6828704214024
2023-01-11 00:45:00,17316.60923966233,17323.70217096894,17272.874002680714,17307.80411855963,712.0560619365474
2023-01-11 01:00:00,17308.38582887965,17381.731869754076,17245.011210940935,17308.221811956177,527.49924008801
2023-01-11 01:15:00,17306.296130921848,17387.78648361772,17305.957831600685,17326.385583010804,752.4350240726887
2023-01-11 01:30:00,17339.218863109978,17381.367453590523,17297.43377822087,17339.301308674567,558.6242365312215
2023-01-11 01:45:00,17345.72285704975,17361.107281852288,17296.138126745012,17310.685706614193,956.3481091367021
2023-01-11 02:00:00,17304.058663946496,17304.705995372926,17263.777121635787,17289.033481009952,655.5029714648591
2023-01-11 02:15:00,17296.181634338467,17336.75284496212,17249.450588990887,17288.010510190594,581.8900683544807
2023-01-11 02:30:00,17293.868842230873,17313.035977611657,17211.549175394957,17288.83394079668,1412.6967364588158
2023-01-11 02:45:00,17291.88887567269,17307.725128543356,17202.444786735887,17273.307684401974,594.010563492016
2023-01-11 03:00:00,17271.989475667,17291.0745838089,17256.639143439144,17268.586044827447,664.1505107759231
2023-01-11 03:15:00,17277.865643172547,17301.40141457715,17214.305783853255,17268.376861517474,807.9693272131345
2023-01-11 03:30:00,17266.29803393055,17291.35851229925,17257.45593839471,17277.36952732141,612.4611221010762
2023-01-11 03:45:00,17279.18325437119,17304.878746771294,17243.40159623305,17273.0620275403,536.2228143917064
2023-01-11 04:00:00,17271.303430200376,17327.767601594718,17175.876491397743,17267.89303081001,530.6143962927353
2023-01-11 04:15:00,17268.012816628456,17333.882626470393,17265.587387259948,17285.200493775694,596.4868468681531
2023-01-11 04:30:00,17285.35827110851,17331.46622761015,17268.99401233035,17279.99562590877,621.5221452877678
2023-01-11 04:45:00,17284.689973376677,17310.80399701214,17260.586406117905,17288.01976391613,1090.3797616495112
2023-01-11 05:00:00,17302.733247631175,17314.404887301167,17284.47358227941,17302.04210466741,1855.5986276550657
2023-01-11 05:15:00,17308.66820661317,17309.017516496777,17264.162425734245,17297.469880176726,761.9440310914728
2023-01-11 05:30:00,17301.35170575989,17345.181481731717,17301.35170575989,17332.18195458887,2178.467440642644
2023-01-11 05:45:00,17336.199361805382,17356.805730917313,17277.14615991118,17333.0109741546,613.8535040812177
2023-01-11 06:00:00,17335.032734523207,17375.438842565538,17274.415962640735,17345.11020232858,644.9008721655413
2023-01-11 06:15:00,17345.746192231334,17385.50097399313,17303.775756589934,17357.88478314728,581.8930987610665
2023-01-11 06:30:00,17352.97250361638,17402.681418041077,17317.470529581406,17364.934894777703,651.9340293218736
2023-01-11 06:45:00,17356.592813200295,17409.38293088287,17356.592813200295,17381.84561345582,802.9805443517191
2023-01-11 07:00:00,17390.60285746374,17472.1000685177,17375.214487624165,17393.722930053,597.6390066354182
2023-01-11 07:15:00,17393.987425809584,17414.5290384112,17323.676063746218,17380.939304953277,586.3893419155587
2023-01-11 07:30:00,17380.09398050302,17447.59914670119,17339.37805502991,17403.706991891646,1023.9306800331091
2023-01-11 07:45:00,17410.845992523045,17458.778245073816,17364.177875158555,17409.097655286394,591.3089735022586
2023-01-11 08:00:00,17406.423543712554,17439.383121031202,17374.370622034745,17422.25031277379,907.204006918002
2023-01-11 08:15:00,17425.8308401314,17470.8284382484,17406.176703657362,17443.81848015713,565.8230782927957
2023-01-11 08:30:00,17439.85099407867,17469.247121436205,17418.570385518207,17442.31354527593,718.9008837105911
2023-01-11 08:45:00,17446.69504856861,17517.168219039773,17382.604067641827,17423.726441265542,597.162255958166
2023-01-11 09:00:00,17421.057168780775,17479.5201099851,17407.595322025554,17439.936231506676,618.4770704836582
2023-01-11 09:15:00,17443.365129887203,17492.06606601843,17403.76659889415,17442.81519551824,687.502560715895
2023-01-11 09:30:00,17441.377689813475,17476.644947051896,17433.656690347514,17455.947477050075,1148.986667727298
2023-01-11 09:45:00,17449.79576904801,17481.89982191157,17435.925752315692,17465.174875034812,853.7608294984952
2023-01-11 10:00:00,17466.28284792214,17480.884119620678,17406.385846151734,17463.230276240913,1027.9098782936276
2023-01-11 10:15:00,17465.368952386605,17488.25065862173,17395.78742838437,17444.37268455197,698.6902629373727
2023-01-11 10:30:00,17448.281607180244,17468.038512206702,17362.752505427397,17433.145659850477,607.1563804940547
2023-01-11 10:45:00,17439.551117819083,17494.846678262533,17418.371058372897,17455.54710249307,1102.4997277088448
2023-01-11 11:00:00,17452.476397831335,17482.497377706048,17417.66892242154,17469.075694561623,973.6475300929925
2023-01-11 11:15:00,17471.48043305293,17520.31779695818,17446.910149645933,17466.20182707966,645.0984312561861
2023-01-11 11:30:00,17464.866215869635,17475.12197663549,17440.832191443136,17460.053850495875,601.9861863505779
2023-01-11 11:45:00,17464.785238716846,17484.73802605431,17433.59271456014,17457.91805713944,1120.2616262434099
2023-01-11 12:00:00,17455.16622675016,17525.405705475143,17410.114056237664,17446.50893401443,546.0092441900221
2023-01-11 12:15:00,17454.799536595838,17465.802852219542,17414.56498376417,17444.986316114835,883.8758435122799
2023-01-11 12:30:00,17436.857824023107,17472.652550935607,17404.896144743874,17437.500000222262,614.9819085123651
2023-01-11 12:45:00,17431.73831493965,17513.056781576364,17426.823050442024,17452.867790884735,938.7078007458585
2023-01-11 13:00:00,17442.834330880232,17463.900478926447,17429.718186491307,17441.78378029052,2038.3022596239493
2023-01-11 13:15:00,17438.33152124029,17491.163804041986,17400.938375227488,17432.013201603695,623.9188911832053
2023-01-11 13:30:00,17434.478055620035,17501.625786430584,17412.105832664554,17434.26402348133,656.7564021850334
2023-01-11 13:45:00,17441.89102871356,17473.821489908943,17360.32224968421,17429.471799015697,553.2597635880892
2023-01-11 14:00:00,17425.345052067216,17450.300162616553,17423.556292042325,17437.61005739323,771.9156640002726
2023-01-11 14:15:00,17441.912874693357,17441.912874693357,17363.910618926187,17422.551761926927,636.2250703115867
2023-01-11 14:30:00,17424.95905790849,17450.190779153894,17393.70474234519,17420.95299992162,515.6833315389835
2023-01-11 14:45:00,17421.140758541424,17425.620040495338,17398.934388091664,17412.602432480617,567.3261628316907
2023-01-11 15:00:00,17410.620778547534,17444.022297402167,17380.46132838319,17419.259141852937,1178.5160289253413
2023-01-11 15:15:00,17423.143015963276,17459.727118879287,17418.64873534333,17433.83312533692,590.7402810383958
2023-01-11 15:30:00,17443.31108795545,17443.526066778904,17371.9935878043,17404.723812808694,781.1987400567127
2023-01-11 15:45:00,17401.097224546986,17437.549237426683,17370.093527289886,17415.167284041916,757.133034411033
2023-01-11 16:00:00,17415.470903562364,17516.168409745365,17407.17518804878,17418.143413400394,723.0713868668946
2023-01-11 16:15:00,17412.222038511663,17412.222038511663,17348.31786372897,17385.00725062025,822.0956520461116
2023-01-11 16:30:00,17387.258206904266,17426.440200598736,17367.044922765323,17394.43367435018,1005.0871191769995
2023-01-11 16:45:00,17389.24746866964,17429.788975199357,17373.435639104362,17388.89052013889,1154.9159254458175
2023-01-11 17:00:00,17395.223445509186,17406.52223837736,17334.737961060666,17394.60568248199,787.7156836515287
2023-01-11 17:15:00,17387.949118776294,17433.312563716576,17362.800395638533,17376.859253836716,1297.4714082733983
2023-01-11 17:30:00,17368.35374804164,17447.832490359993,17368.35374804164,17401.896817493325,699.3577390912959
2023-01-11 17:45:00,17404.34458452014,17419.859580297267,17376.382444610423,17400.64571357156,925.1661193406173
2023-01-11 18:00:00,17400.052884646582,17452.498528911132,17400.052884646582,17415.702002078255,598.3000043293313
2023-01-11 18:15:00,17407.511760582107,17473.56269256717,17380.403722073926,17403.97185527366,651.8898240142697
2023-01-11 18:30:00,17406.55141100622,17437.17301126702,17360.940863625234,17408.00176557226,756.6217463671805
2023-01-11 18:45:00,17412.00906010082,17443.267907212892,17326.332318851535,17411.07204831366,721.3998391800898
2023-01-11 19:00:00,17413.692760387356,17466.74607067337,17413.692760387356,17435.13415477181,1054.8089350450339
2023-01-11 19:15:00,17433.825757121253,17433.825757121253,17375.887876396035,17407.42952014518,1484.7997242957617
2023-01-11 19:30:00,17402.539979172805,17447.71053761639,17382.0052831322,17415.088945821273,581.2878186836797
2023-01-11 19:45:00,17413.783042451454,17479.19072784013,17364.170246974718,17431.78230296687,669.7316236277194
2023-01-11 20:00:00,17425.925599984097,17456.535720991837,17407.772170975655,17432.79042226776,763.6462780937325
2023-01-11 20:15:00,17443.591408671342,17486.516801152404,17425.666985332686,17444.10625790248,826.4066500575673
2023-01-11 20:30:00,17442.643842071433,17473.84630027451,17370.673125270027,17443.589325342844,565.5015434345248
2023-01-11 20:45:00,17438.224369108488,17455.912375498883,17390.87660793186,17435.45872280741,1445.803661519677
2023-01-11 21:00:00,17435.379762774053,17443.938544316145,17371.41953411901,17420.66845633931,668.5677929020421
2023-01-11 21:15:00,17410.38731059609,17451.252572225487,17356.344974473854,17409.21711216099,559.9578861851284
2023-01-11 21:30:00,17422.636324117764,17472.77332850297,17388.300174420452,17411.886245022084,693.4127088759909
2023-01-11 21:45:00,17414.739691998213,17505.92060199096,17369.39071054549,17441.3871947878,938.7417638610809
2023-01-11 22:00:00,17448.59419560579,17467.757551077637,17405.875876557115,17416.803684095357,575.1319795300637
2023-01-11 22:15:00,17408.65916041676,17425.653359270185,17320.39539721775,17406.93929471671,2003.6722735423236
2023-01-11 22:30:00,17401.085179008736,17514.45885590736,17401.085179008736,17433.984705493953,1458.785374709558
2023-01-11 22:45:00,17439.654306669105,17468.28724455493,17410.861068247752,17450.843022444664,1702.4421750908778
2023-01-11 23:00:00,17466.254199976924,17494.107231972608,17387.55919913687,17445.385173509014,518.139149698853
2023-01-11 23:15:00,17444.404600036218,17516.53735230955,17435.33841944546,17465.96169277127,640.7235140101748
2023-01-11 23:30:00,17463.555214803757,17506.995804543145,17441.507633354766,17473.013428480175,530.3018175184737
2023-01-11 23:45:00,17480.219432311773,17529.41118930496,17423.913116746793,17484.13629368478,686.3074834817089
2023-01-12 00:00:00,17471.41582785162,17529.13252896945,17453.7161086017,17498.810544416316,862.0691380166278
2023-01-12 00:15:00,17507.706574266005,17516.62585108805,17485.88848984884,17503.6769476439,1203.7270076420334
2023-01-12 00:30:00,17505.7143255985,17564.867845167315,17441.17155027058,17494.484786508896,1359.9042653956396
2023-01-12 00:45:00,17497.038778405273,17524.02972462295,17482.899979865484,17508.37792105489,547.8277685795458
2023-01-12 01:00:00,17510.356345058804,17524.39587506644,17484.684418685876,17512.58341241181,1067.8815606779601
2023-01-12 01:15:00,17508.083087315394,17589.223993637457,17490.6106841323,17526.866056979863,710.1354847910038
2023-01-12 01:30:00,17535.199604071775,17562.182869759563,17513.92186677543,17541.702626295515,659.0247939624869
2023-01-12 01:45:00,17549.081474717037,17562.100876658056,17500.304356977646,17526.705553179487,911.9491186833335
2023-01-12 02:00:00,17524.112772745928,17615.27692570231,17516.961089809018,17558.858438342413,1018.6914023341038
2023-01-12 02:15:00,17560.467851838905,17647.855840783213,17536.76666246281,17564.42649064217,554.9740960344765
2023-01-12 02:30:00,17561.110620209587,17596.18853366218,17508.68539635761,17559.18711416171,588.7990432829705
2023-01-12 02:45:00,17551.275123632633,17558.521271529436,17529.536552149537,17546.55768126032,1051.549912886727
2023-01-12 03:00:00,17549.123648388235,17577.050623657895,17503.96750954124,17542.985319513184,857.1114827418915
2023-01-12 03:15:00,17547.472070358384,17551.868634509916,17511.85323935114,17540.619994342716,818.2798989436067
2023-01-12 03:30:00,17541.88147159024,17562.951508181926,17506.501156326496,17531.183923735105,777.9190247997913
2023-01-12 03:45:00,17536.89458283762,17558.629434007365,17489.93202689435,17520.427015445206,791.8280552256961
2023-01-12 04:00:00,17512.032049340254,17602.869120589396,17512.032049340254,17534.724559148093,726.7206047642987
2023-01-12 04:15:00,17538.345670306007,17547.93557074043,17465.053374012437,17497.911614648576,653.8341359204059
2023-01-12 04:30:00,17495.97953080072,17532.78807661842,17415.91468479044,17504.86287797221,955.4697068376971
2023-01-12 04:45:00,17515.58130859048,17545.21927240616,17477.44058478439,17492.98518552564,554.9849333463527
2023-01-12 05:00:00,17500.995960457443,17503.68581117909,17473.315685579048,17491.810109470447,509.7603643010035
2023-01-12 05:15:00,17492.254220579314,17503.085805431063,17452.571357998157,17480.246697362058,1017.9293227094374
2023-01-12 05:30:00,17482.497345861604,17511.694811623092,17452.95765631456,17468.979861716758,807.7171415506932
2023-01-12 05:45:00,17464.20230205911,17520.045347856296,17441.705183704587,17474.303858875668,998.752420703521
2023-01-12 06:00:00,17469.526343087586,17514.530282144213,17457.028186329295,17496.77920920029,1109.6388957930378
2023-01-12 06:15:00,17494.278355704886,17508.566865670266,17479.16678151635,17494.722750862886,588.9157650434696
2023-01-12 06:30:00,17494.159191214283,17494.159191214283,17453.66429972678,17468.8476378539,960.8415695294492
2023-01-12 06:45:00,17472.157329920654,17509.73242697235,17472.157329920654,17489.96693156985,674.1312899111433
2023-01-12 07:00:00,17498.558096104578,17498.558096104578,17441.807731165904,17482.836404219433,1071.4937397994051
2023-01-12 07:15:00,17485.81643554793,17540.688275831908,17455.373249971322,17483.38245954664,568.7416054984935
2023-01-12 07:30:00,17484.722549977385,17541.80454291409,17476.411874700883,17512.40040890771,1066.6441647565798
2023-01-12 07:45:00,17511.84281231316,17520.05064014965,17478.31540646267,17492.395473394085,587.5140751696644
2023-01-12 08:00:00,17500.122442279084,17545.86631458864,17484.10552197392,17514.486574468996,829.8078994868418
2023-01-12 08:15:00,17508.573818245804,17528.817116023547,17458.259340674,17505.8910663602,798.0232491066034
2023-01-12 08:30:00,17498.32433160314,17595.85199764221,17442.67877426376,17510.64564461657,536.6079782264761
2023-01-12 08:45:00,17507.52925455598,17535.169877277727,17480.83210718262,17503.093677615405,737.965204702866
2023-01-12 09:00:00,17493.4428227408,17533.55343050144,17493.4428227408,17510.210195423748,685.3513753873656
2023-01-12 09:15:00,17516.100262058142,17594.382299299425,17497.95541944647,17532.586084349452,1222.3451651221862
2023-01-12 09:30:00,17529.76523363185,17549.988422116232,17492.278775442654,17528.75574477787,624.8311371244312
2023-01-12 09:45:00,17529.808907939863,17583.074255329797,17498.241426044842,17532.501363178013,567.7404727851356
2023-01-12 10:00:00,17537.55457776742,17551.138074098675,17487.45571507384,17518.260956110018,959.7868101813982
2023-01-12 10:15:00,17518.967776992802,17596.8224062316,17454.27239444185,17522.809061679753,556.9998694472763
2023-01-12 10:30:00,17525.87564250617,17548.940675415983,17464.884668577575,17523.670286952012,1087.7475577655862
2023-01-12 10:45:00,17522.646115509884,17522.646115509884,17469.492405751993,17503.29825848943,760.5624308974008
2023-01-12 11:00:00,17510.278036559423,17518.248843779438,17444.549473391056,17497.251368335325,540.5738541981639
2023-01-12 11:15:00,17501.61964236496,17501.61964236496,17414.643960312485,17472.920917400967,665.1658798190161
2023-01-12 11:30:00,17462.79851535294,17473.14811201674,17419.489004258365,17456.203896760682,791.2079456540581
2023-01-12 11:45:00,17466.277468237768,17483.2367607748,17414.215754098266,17452.658164908837,667.3435895864532
2023-01-12 12:00:00,17454.796206444968,17492.25162252935,17427.4847426384,17452.815692827306,952.5939868455166
2023-01-12 12:15:00,17452.05758107878,17454.333458747573,17392.57034531347,17427.368906413805,879.0530781232203
2023-01-12 12:30:00,17417.99784919895,17458.27175028046,17366.939075505077,17443.023425049007,968.8410399944573
2023-01-12 12:45:00,17450.151840957074,17480.200462190813,17428.955649019284,17452.04362790308,545.4996884644019
2023-01-12 13:00:00,17446.020477943726,17493.116677382084,17427.681588024152,17445.751193837685,969.2090202080556
2023-01-12 13:15:00,17440.790097364934,17485.876581593348,17421.467636204223,17452.48597961763,582.8162797436406
2023-01-12 13:30:00,17458.22220493397,17491.292637274037,17406.57912544574,17451.451987598986,1214.1143658905062
2023-01-12 13:45:00,17456.478289849467,17511.463159154697,17391.36587228566,17457.13654655941,575.8065486375631
2023-01-12 14:00:00,17453.32396911258,17543.23430376183,17416.22923304671,17468.868759002522,867.0888990996344
2023-01-12 14:15:00,17472.84198640569,17472.84198640569,17432.631348030583,17448.519955591408,1251.9801499517773
2023-01-12 14:30:00,17451.862322889312,17455.450251950522,17400.02025855942,17441.192003435266,1249.4723800156473
2023-01-12 14:45:00,17442.85687476263,17462.723505438513,17434.70495413887,17448.66703045646,726.9670592422358
2023-01-12 15:00:00,17442.578116046887,17465.319661918827,17408.49711571092,17451.585966544273,835.5384884997584
2023-01-12 15:15:00,17459.59880576279,17556.137705954225,17459.59880576279,17483.16833495838,633.1792874081693
2023-01-12 15:30:00,17479.603488207817,17498.51497711579,17399.878613160636,17461.82241528244,638.5597586920472
2023-01-12 15:45:00,17452.990922559657,17526.191308577778,17452.990922559657,17490.27604854795,836.8076442323248
2023-01-12 16:00:00,17485.68773626392,17520.720652053828,17459.749628882215,17502.95156140944,1431.0667745860699
2023-01-12 16:15:00,17497.142661190886,17523.757321710204,17449.470206184997,17492.482081283848,776.3938641952748
2023-01-12 16:30:00,17489.405500157507,17599.37701086929,17489.405500157507,17527.29676536148,870.0856184935748
2023-01-12 16:45:00,17536.00663642393,17560.181956911205,17494.84790170199,17526.93778055571,515.9864585118402
2023-01-12 17:00:00,17522.857836763833,17572.00723772059,17499.94068517164,17543.612831882372,593.2127659098431
2023-01-12 17:15:00,17542.468656194964,17576.0764350462,17528.603677155872,17548.219529299375,1012.7648391603516
2023-01-12 17:30:00,17545.157948786506,17610.620167195666,17535.55343859142,17570.55819737111,968.0555971721179
2023-01-12 17:45:00,17571.131218901366,17577.940810997505,17507.19268116671,17542.78916226114,1079.7557180226984
2023-01-12 18:00:00,17548.83413111464,17590.635308636392,17522.52227055003,17561.010100285497,553.3398970841985
2023-01-12 18:15:00,17563.751142254827,17569.116499447257,17478.75603972509,17524.726449005448,713.9931400326218
2023-01-12 18:30:00,17522.643819882527,17552.02637855976,17491.316937317373,17529.847932173405,532.6584737093801
2023-01-12 18:45:00,17533.139112951252,17571.736272131486,17523.993940330634,17555.229771125065,940.3699441915758
2023-01-12 19:00:00,17558.98835812393,17587.080068611278,17530.808732513116,17569.053753216016,629.8439927044725
2023-01-12 19:15:00,17560.85334171039,17609.612665995668,17479.80086586541,17557.649413999723,1344.774941590358
2023-01-12 19:30:00,17556.423427465328,17582.036302733137,17464.67602630189,17522.44621867372,807.7866149976434
2023-01-12 19:45:00,17526.746773761213,17533.110403276183,17477.197173540302,17509.278638204567,638.8395226957833
2023-01-12 20:00:00,17508.31584461123,17573.348673775956,17438.597349684165,17510.21084694469,1431.2823513299843
2023-01-12 20:15:00,17508.829918931922,17529.86037320857,17441.647890673405,17511.40952695375,1266.8489231180597
2023-01-12 20:30:00,17506.790775994956,17579.08848461039,17477.427531979312,17505.978014497647,956.7471797763617
2023-01-12 20:45:00,17516.595171009736,17543.552557902844,17455.818749661616,17490.39828966499,1034.5366025215087
2023-01-12 21:00:00,17487.9469258734,17549.63744490816,17425.801584311168,17501.676349201967,616.3337814188684
2023-01-12 21:15:00,17493.073509929156,17493.58744156014,17430.4391390214,17479.32813983537,772.690122409822
2023-01-12 21:30:00,17480.016423443885,17480.016423443885,17414.619086760456,17443.73369315136,1209.882087848808
2023-01-12 21:45:00,17445.95233374854,17473.357463690718,17439.62771865151,17455.662753438282,636.4129898438837
2023-01-12 22:00:00,17453.76642276029,17490.777193822894,17437.62068610682,17456.350975032165,642.5924214406598
2023-01-12 22:15:00,17463.55114854564,17476.362093440275,17433.94334472252,17459.735108488672,722.0078028468614
2023-01-12 22:30:00,17450.62138526384,17507.606911235893,17410.534394204686,17462.40465674784,679.7900210650328
2023-01-12 22:45:00,17468.57437965539,17486.685717175602,17439.263240043234,17466.873358252134,782.670549197362
2023-01-12 23:00:00,17463.6700339761,17478.63653032666,17437.005303398586,17455.415735850096,651.7043482055496
2023-01-12 23:15:00,17453.267788451194,17482.96172517259,17422.796809658743,17442.278726942695,598.4564962422072
2023-01-12 23:30:00,17447.577669797472,17499.93821259836,17438.112253680018,17465.950679261856,1088.1179593231257
2023-01-12 23:45:00,17458.312923938116,17487.662659743477,17400.720317881096,17466.83725667173,946.3767894397489
2023-01-13 00:00:00,17458.50806082731,17475.54801300681,17419.742646170987,17450.963228794622,735.3092915340084
2023-01-13 00:15:00,17450.30231935452,17518.027149580394,17438.061215957172,17470.282346575437,832.96942809425
2023-01-13 00:30:00,17467.82629159958,17507.788305171274,17446.61735352054,17485.79179941365,577.6467166709185
2023-01-13 00:45:00,17485.05563197558,17523.82795817169,17467.46052482639,17503.174753512347,712.6915900812764
2023-01-13 01:00:00,17504.60399073067,17539.518627984253,17437.921109792354,17500.973318264012,872.0680807981327
2023-01-13 01:15:00,17497.748768899735,17546.593863996015,17477.53754740016,17515.111077773487,1945.0404388462066
2023-01-13 01:30:00,17507.99009204812,17580.018663856135,17495.10650315979,17538.917428299887,662.5486335138081
2023-01-13 01:45:00,17529.935942003962,17578.835826879003,17513.686071298875,17526.579028668057,600.2734682560965
2023-01-13 02:00:00,17525.95251905386,17588.819667213047,17515.19240154774,17540.24813369382,843.81528965333
2023-01-13 02:15:00,17537.744860496103,17563.961223542396,17476.33699869249,17536.85287917386,579.1084155895536
2023-01-13 02:30:00,17537.803177316302,17562.594135573934,17502.617868126777,17539.863726041265,1223.6895744254687
2023-01-13 02:45:00,17533.09309914643,17550.257763317848,17497.64578071609,17523.6985036652,586.9346220607196
2023-01-13 03:00:00,17522.207788874814,17565.994461379967,17509.126117434178,17522.317812181354,581.3933621184815
2023-01-13 03:15:00,17523.421022774313,17570.519782476906,17471.70745608389,17516.15992299814,895.9845000276325
2023-01-13 03:30:00,17513.98941958613,17553.49189176978,17483.257880521593,17516.569675295028,713.7335901156064
2023-01-13 03:45:00,17516.394112967788,17564.28685757815,17442.82829988003,17507.653546070367,570.431048181404
2023-01-13 04:00:00,17503.84405417917,17531.39531334411,17475.06950133507,17513.11993702088,562.4548220239816
2023-01-13 04:15:00,17514.5435776059,17552.556841030455,17477.159817044358,17502.697750124335,1241.7677556564977
2023-01-13 04:30:00,17504.37538880292,17538.064427298177,17485.615583898947,17521.480405472666,684.8300564239764
2023-01-13 04:45:00,17536.267947852994,17593.13543229909,17515.51019389413,17541.066738386126,613.4690091980247
2023-01-13 05:00:00,17532.192974478057,17567.338568393425,17478.01755731781,17541.062890982743,678.1869699401641
2023-01-13 05:15:00,17536.593371139792,17577.017751022126,17497.989431162037,17523.322841656132,889.4444489787098
2023-01-13 05:30:00,17521.4808350258,17521.4808350258,17484.6594322939,17506.482048833615,904.2573879994799
2023-01-13 05:45:00,17511.562864963285,17594.524735623334,17511.562864963285,17530.622108869342,703.7093767726158
2023-01-13 06:00:00,17528.71144638105,17582.643674893166,17524.396309984546,17536.80630631192,791.8249330846355
2023-01-13 06:15:00,17540.88974535778,17545.480433219473,17462.74926739002,17527.94054239794,854.5394495436686
2023-01-13 06:30:00,17525.740992059727,17590.451075028686,17506.843301976824,17525.325448781143,1545.2118562802348
2023-01-13 06:45:00,17534.68397458886,17534.68397458886,17482.15239636119,17506.94189123717,554.4210959044245
2023-01-13 07:00:00,17506.26591654674,17545.164761601638,17436.817408888834,17523.110541875747,626.3585747266507
2023-01-13 07:15:00,17531.966571186716,17575.412238607973,17476.860823986208,17501.618321171223,582.8321218625483
2023-01-13 07:30:00,17502.263727853668,17555.58946517949,17473.536350558632,17511.935043651098,908.166449198895
2023-01-13 07:45:00,17498.810873746857,17544.57463912306,17483.07095633891,17524.745209182478,886.2464028931945
2023-01-13 08:00:00,17520.81499895558,17547.73226771111,17450.34509192889,17497.0683175583,994.1495552598706
2023-01-13 08:15:00,17498.629659242197,17571.525809544313,17498.629659242197,17525.785354916694,640.6547468083289
2023-01-13 08:30:00,17517.541763625486,17547.30018934181,17476.760251395062,17496.209031699953,588.7166331887917
2023-01-13 08:45:00,17504.3241944067,17510.919077746974,17486.614695860957,17497.306879124975,624.6105861277235
2023-01-13 09:00:00,17497.3655955426,17497.46826366395,17411.63073157183,17472.754505600835,698.9724488113229
2023-01-13 09:15:00,17471.40144291461,17489.738201527744,17448.918715342996,17470.402156911663,849.3569118836934
2023-01-13 09:30:00,17461.324055083,17488.725957080213,17459.218586645653,17474.383873159986,590.6542583544534
2023-01-13 09:45:00,17486.750007915998,17518.344217226753,17454.369067101874,17468.93525397545,930.2195530122203
2023-01-13 10:00:00,17463.934289599452,17521.95014558197,17463.934289599452,17507.84591470406,2103.7724490174514
2023-01-13 10:15:00,17500.86477112005,17569.185526677506,17473.345896971412,17525.710642423328,1327.9139447265532
2023-01-13 10:30:00,17522.982179621966,17549.194023529082,17515.264016102716,17526.493436011562,835.6932810742176
2023-01-13 10:45:00,17523.33245310564,17570.75303430243,17499.727020035498,17533.75887347331,679.2061570373199
2023-01-13 11:00:00,17538.678060926584,17570.17107040631,17518.728114142894,17546.87455939075,1110.1793304613377
2023-01-13 11:15:00,17545.385229324103,17566.689354741677,17495.501158241797,17516.15803762201,789.4792255281083
2023-01-13 11:30:00,17513.97985942882,17554.51181470216,17460.471594426224,17525.829320348814,693.1038406970578
2023-01-13 11:45:00,17523.550051677903,17605.924000088064,17514.254585976363,17549.56317793837,1078.520470588278
2023-01-13 12:00:00,17539.44796758989,17575.83236399475,17482.597379908173,17546.705129009002,523.6751421915263
2023-01-13 12:15:00,17544.595665558547,17559.74021109421,17518.027639624102,17533.408628743964,620.0390045136992
2023-01-13 12:30:00,17531.535292067038,17572.534855551945,17453.097690479826,17533.26850144206,583.2273090167848
2023-01-13 12:45:00,17529.24137274695,17586.627797378926,17487.51826880906,17526.93004194365,801.4056859432701
2023-01-13 13:00:00,17525.82817128738,17565.655151024217,17509.673880048125,17525.07683932386,526.1941555301843
2023-01-13 13:15:00,17519.859072144845,17573.64656192743,17517.52688069382,17536.5470546582,1091.5769797367302
2023-01-13 13:30:00,17532.23952421025,17534.91131994837,17468.26476348051,17519.67956529097,658.3462057352674
2023-01-13 13:45:00,17522.411422629222,17541.239680295505,17493.2713375867,17504.69944401897,1433.2917766048295
2023-01-13 14:00:00,17504.38487967682,17587.724461694834,17504.38487967682,17535.985189063045,1350.171641074618
2023-01-13 14:15:00,17536.870151193387,17536.870151193387,17477.10367313991,17513.779553784803,739.1610255912226
2023-01-13 14:30:00,17513.660074236905,17572.513123046298,17464.18052693389,17523.802246700598,1273.695319101246
2023-01-13 14:45:00,17523.279174528674,17578.890973437363,17499.14065057229,17550.575714511255,1134.672834147106
2023-01-13 15:00:00,17537.997891738956,17601.359237912486,17517.580973832108,17548.910706498165,557.8481963094002
2023-01-13 15:15:00,17545.68760650103,17644.348777234656,17468.225797590665,17557.34776765021,847.2808291520471
2023-01-13 15:30:00,17565.14057987388,17569.86352511977,17500.95498521711,17534.75429734783,890.8447228662556
2023-01-13 15:45:00,17530.137455146993,17562.86485061006,17510.412464333076,17539.02985669922,622.9406407075769
2023-01-13 16:00:00,17542.01729688402,17568.367068461805,17527.422930384793,17554.271516455054,2452.266379642291
2023-01-13 16:15:00,17556.594895620896,17570.99090605314,17481.56137401765,17538.573742271106,890.3326379013753
2023-01-13 16:30:00,17540.116233320226,17598.47417745044,17527.55876382726,17547.673094834576,604.3571920027919
2023-01-13 16:45:00,17549.208612767605,17603.971905651666,17516.415649356262,17527.10192612912,613.9646116887897
2023-01-13 17:00:00,17522.95264518576,17618.22480547685,17522.95264518576,17553.316046518776,589.182392051769
2023-01-13 17:15:00,17546.87089985586,17564.265620924136,17515.514359902216,17550.39404023828,1151.4044207444947
2023-01-13 17:30:00,17542.376173597462,17598.291854933865,17537.037233677016,17553.8322995984,1013.8841763808654
2023-01-13 17:45:00,17557.305988369728,17586.3247866112,17507.088459630697,17557.21947954889,763.507489496525
2023-01-13 18:00:00,17547.581645880262,17554.93678921752,17463.861831527087,17514.424877077,1082.4381557452386
2023-01-13 18:15:00,17517.93879652826,17539.809782871034,17490.294760748377,17513.6554124283,613.2582176414446
2023-01-13 18:30:00,17501.19067171963,17544.490374005814,17494.28621782372,17527.453595935745,547.4011863498139
2023-01-13 18:45:00,17528.25824120089,17547.257858853678,17504.653990985284,17520.12751756213,807.3515772492718
2023-01-13 19:00:00,17511.547293584903,17523.194830759574,17477.896242177896,17506.00913073618,889.6314504689396
2023-01-13 19:15:00,17504.680243445448,17520.938654181216,17455.32577630378,17506.45190692241,586.9885400313004
2023-01-13 19:30:00,17510.673682739034,17545.634771804594,17453.788429236905,17505.119565463,555.889523750649
2023-01-13 19:45:00,17492.393982442998,17520.17900713564,17458.355879812785,17497.990954214383,922.5624501177452
2023-01-13 20:00:00,17493.244869056074,17526.266725214085,17469.394207392143,17490.310895035705,1312.433284535566
2023-01-13 20:15:00,17487.62634919006,17518.89962443821,17470.58781174836,17482.390638834695,567.4759688481256
2023-01-13 20:30:00,17471.735661749546,17524.827627852137,17457.815752902425,17473.25655595741,717.698784001867
2023-01-13 20:45:00,17480.252446326514,17582.92842215698,17478.28211172244,17511.909970870744,695.7226809397242
2023-01-13 21:00:00,17514.796412738477,17555.490176026306,17499.571824797844,17524.627121628022,540.6217851538181
2023-01-13 21:15:00,17529.408378144064,17572.675660812543,17467.990152949653,17509.669743078703,588.0186895550424
2023-01-13 21:30:00,17509.26862759393,17536.48791955211,17491.443892167234,17510.372426104026,1298.346372289224
2023-01-13 21:45:00,17509.86127027924,17534.93068705566,17487.20970414107,17511.280594149135,535.7091098360175
2023-01-13 22:00:00,17515.38200357789,17561.434571788235,17447.95243405642,17522.865803798522,593.0897105730301
2023-01-13 22:15:00,17520.25998928953,17548.961377041443,17456.81901450729,17511.74402918767,599.0194216706162
2023-01-13 22:30:00,17511.08015157982,17543.18801257777,17509.143445664235,17526.83845484293,645.1959847860237
2023-01-13 22:45:00,17534.652089118583,17542.513949867003,17486.654637766806,17527.406887957113,609.7028358316816
2023-01-13 23:00:00,17522.504802806645,17567.147723852213,17507.09298040203,17522.132976457902,681.8240676723434
2023-01-13 23:15:00,17513.976481498812,17566.468783380904,17465.04778229819,17535.614964126296,1091.5215477516429
2023-01-13 23:30:00,17544.676321018735,17596.14580479805,17503.52921144166,17540.26321119484,1010.525063092468
2023-01-13 23:45:00,17542.616978456386,17556.773739274628,17496.05504323149,17530.78587672423,1500.0865209551505
2023-01-14 00:00:00,17526.523259510424,17553.94695736277,17500.530668794338,17525.333205094965,518.8954760724355
2023-01-14 00:15:00,17530.660823369235,17564.582838707043,17510.864365819132,17531.23087184241,1123.8218571901032
2023-01-14 00:30:00,17528.733840581608,17576.95414474915,17515.42557692684,17533.6785216772,710.8800922899713
2023-01-14 00:45:00,17522.095330296288,17605.10433731166,17522.095330296288,17549.54425733367,1023.3424463755998
2023-01-14 01:00:00,17551.942469538182,17595.421089579922,17477.796201576293,17530.856429644704,1405.6803059811161
2023-01-14 01:15:00,17529.396632977347,17595.261057493313,17492.478927222062,17548.089726230366,683.4174060913282
2023-01-14 01:30:00,17539.298216338528,17573.424363382815,17468.985697051005,17554.937982651445,738.7448692038364
2023-01-14 01:45:00,17551.93849028293,17569.17243361612,17513.687602082508,17549.78794924225,538.5383030085127
2023-01-14 02:00:00,17552.361700983627,17562.037062268246,17485.65206132639,17546.35015212017,759.9862049305171
2023-01-14 02:15:00,17550.35929209376,17591.813425355656,17542.81994022942,17563.82738217604,689.6615189820321
2023-01-14 02:30:00,17570.407939906785,17600.22327084248,17556.06264471145,17582.21687000111,816.768489237749
2023-01-14 02:45:00,17583.792711081005,17603.694951836427,17558.88315228286,17588.061907227006,634.0264138752519
2023-01-14 03:00:00,17578.611030085765,17657.70762340118,17543.055438720712,17595.87563112827,666.152570184653
2023-01-14 03:15:00,17592.941287335605,17689.072649319663,17521.48015140818,17577.347599450226,2603.7069589387233
2023-01-14 03:30:00,17580.085961502573,17605.381605344985,17546.503224006083,17592.010109456325,1719.8163340229928
2023-01-14 03:45:00,17594.61188645661,17678.643965205334,17579.14495182134,17600.87465609817,881.1323623728791
2023-01-14 04:00:00,17605.163825250467,17605.163825250467,17547.228632842925,17557.84277315149,666.9191496580108
2023-01-14 04:15:00,17555.539325959835,17598.41387590611,17515.294499635427,17559.18698441763,522.8247059966461
2023-01-14 04:30:00,17568.42844649844,17585.45180871987,17522.998769606285,17541.30002761413,829.2604846150804
2023-01-14 04:45:00,17544.57221322232,17593.56202672103,17510.122187607245,17548.79915402963,575.1556825979817
2023-01-14 05:00:00,17551.57470456427,17602.41769680563,17551.57470456427,17568.39720502564,794.4760297033281
2023-01-14 05:15:00,17575.094867100015,17594.97105027808,17535.192545142123,17572.5297815669,892.8828114129731
2023-01-14 05:30:00,17570.8640490164,17588.57921610696,17542.47135967711,17576.36282738365,1128.1534006648226
2023-01-14 05:45:00,17577.958990499945,17607.035774452153,17540.33095968943,17570.688329400717,612.4474492560862
2023-01-14 06:00:00,17568.601311767492,17665.158329272635,17568.601311767492,17599.239271442268,774.4802874209538
2023-01-14 06:15:00,17599.716859204298,17675.986666958244,17559.141515067804,17614.133787933537,624.0538781449873
2023-01-14 06:30:00,17623.051410243705,17677.43079482681,17599.93689132928,17618.78752701881,572.9246046687672
2023-01-14 06:45:00,17611.832532887245,17653.73615582483,17611.832532887245,17636.33222012751,671.4285734439673
2023-01-14 07:00:00,17637.429797713787,17641.453053672878,17593.5479320866,17627.04692802968,530.4945939063026
2023-01-14 07:15:00,17627.9576659131,17632.725798335196,17559.386971921766,17609.198681956354,826.2733426605685
2023-01-14 07:30:00,17613.882921335597,17625.687877248893,17560.882701197203,17605.055588324314,1188.655219216349
2023-01-14 07:45:00,17609.500954941766,17609.500954941766,17521.9616650697,17564.34119934813,970.3122822632013
2023-01-14 08:00:00,17562.725863691616,17569.823893310724,17534.15932805348,17556.943411735854,556.4854740547395
2023-01-14 08:15:00,17551.234971953425,17611.04856494828,17531.902400221858,17549.324109154786,618.1228841899695
2023-01-14 08:30:00,17554.088035181216,17591.10885808079,17526.91320641567,17560.345171302662,589.0048260055268
2023-01-14 08:45:00,17553.27501273417,17570.957864963028,17529.534512117065,17542.37237984425,575.390514561432
2023-01-14 09:00:00,17539.701576220945,17574.700186842903,17488.759912065296,17525.05345671409,800.6761685536617
2023-01-14 09:15:00,17524.80197381058,17580.925926022523,17507.574171367283,17545.07474512379,729.6268012152149
2023-01-14 09:30:00,17546.511295862678,17556.287769946615,17513.533527013224,17539.5633045659,524.8039364346224
2023-01-14 09:45:00,17542.96278284683,17561.737323746354,17485.755663834767,17528.678076320226,1277.9187593061843
2023-01-14 10:00:00,17522.867747144515,17565.644929335605,17471.099140992566,17528.469440990862,565.2438579246619
2023-01-14 10:15:00,17533.596477414463,17568.45692956852,17498.320627305482,17537.518532916947,655.5492773082824
2023-01-14 10:30:00,17529.35308899216,17546.44925318158,17512.143003141424,17527.7531222336,696.4500455696257
2023-01-14 10:45:00,17520.87449125026,17535.96176449333,17504.22273995135,17523.460144082757,651.1747115084523
2023-01-14 11:00:00,17525.88745936659,17562.945338242207,17511.826202788663,17526.979196849905,513.9845619349095
2023-01-14 11:15:00,17524.088720902553,17583.802040487444,17515.8366468483,17553.434268330268,786.9410657254356
2023-01-14 11:30:00,17555.35865925753,17634.35596834418,17555.35865925753,17573.270674600964,904.1643876975579
2023-01-14 11:45:00,17568.025367027352,17619.98605252916,17509.343303869067,17579.523612648034,557.2059253323257
2023-01-14 12:00:00,17566.43768086422,17641.479153000244,17566.43768086422,17616.79443373523,760.1971664611558
2023-01-14 12:15:00,17615.038005068895,17615.038005068895,17580.999415403265,17596.488626658916,738.4628196929384
2023-01-14 12:30:00,17607.664592836263,17621.59038975013,17526.3427893159,17579.189970960517,557.2945674177713
2023-01-14 12:45:00,17581.089106055788,17611.96170480486,17560.86249514731,17586.17220199174,859.0677108676387
2023-01-14 13:00:00,17579.969128687146,17643.345555564807,17556.041413278166,17599.261283943608,924.6759136385646
2023-01-14 13:15:00,17594.72008516167,17672.064703313637,17556.29051772636,17637.670234834084,888.9003246708975
2023-01-14 13:30:00,17637.922103663583,17702.42675722613,17636.833091684282,17668.31959631293,930.3846731129183
2023-01-14 13:45:00,17672.66258501788,17697.743929126744,17627.093322492132,17674.33826160591,849.9190865023389
2023-01-14 14:00:00,17682.203666986723,17704.7104220137,17595.54972100491,17667.32218112247,828.7156259647301
2023-01-14 14:15:00,17672.811872560807,17742.882915074893,17652.683895889706,17686.490843490967,949.5531150568737
2023-01-14 14:30:00,17684.513110146367,17705.638695079753,17621.646771147505,17681.502288877287,569.3855814603509
2023-01-14 14:45:00,17682.465878992523,17714.456364872247,17638.41430549609,17684.491667735576,697.2770991585793
2023-01-14 15:00:00,17687.749366906017,17765.618192859856,17687.749366906017,17721.827303531616,1056.431899004613
2023-01-14 15:15:00,17728.74445269701,17808.53034946777,17699.614964522374,17719.92589894607,707.8020390306859
2023-01-14 15:30:00,17713.455954294845,17781.059400540125,17708.42057902933,17732.15966738524,919.2180101790348
2023-01-14 15:45:00,17734.708231831322,17778.029559942806,17677.17417138634,17716.800751918257,1848.2973182930593
2023-01-14 16:00:00,17720.696083757917,17766.211746300614,17707.04115899865,17732.87907590176,657.6930949404693
2023-01-14 16:15:00,17733.01024244674,17784.978988453782,17727.411755270612,17748.40601978615,1010.064297316061
2023-01-14 16:30:00,17754.063474377166,17786.665303556652,17673.155454524007,17752.33781131572,850.3249217149157
2023-01-14 16:45:00,17746.764279302774,17799.84324611216,17673.760413050775,17738.323928605983,725.0737544155648
2023-01-14 17:00:00,17745.876060874754,17799.771986969088,17694.612262299175,17749.993309633952,651.319223688736
2023-01-14 17:15:00,17752.91979612456,17782.33504818586,17719.783370021738,17738.4305617232,567.3063090556792
2023-01-14 17:30:00,17737.74355388652,17809.465605726582,17657.520072445797,17719.54268087132,978.9809424583029
2023-01-14 17:45:00,17719.198729612486,17720.76720830677,17652.01645196462,17704.98530896031,1346.4597785014685
2023-01-14 18:00:00,17701.890705004575,17702.861428511762,17668.20771124984,17691.430807972472,564.9462375181907
2023-01-14 18:15:00,17684.915005784682,17733.584163580243,17684.915005784682,17704.746928009597,708.9034325653705
2023-01-14 18:30:00,17700.678882325818,17726.333349515688,17636.747759092308,17691.787070904655,2140.847272077004
2023-01-14 18:45:00,17686.010698474463,17704.793522341894,17654.89156861297,17675.170752462465,581.3956983547581
2023-01-14 19:00:00,17674.85096649885,17688.110865102903,17629.864191299188,17675.964335103614,600.7239104072407
2023-01-14 19:15:00,17668.120513245616,17721.673134806515,17625.366505216283,17665.653876757882,1323.3556428860934
2023-01-14 19:30:00,17666.346168484888,17678.431443170095,17604.39770225133,17658.69681365979,768.2276470467136
2023-01-14 19:45:00,17658.654531086224,17674.906866690162,17587.103781912007,17637.57490339973,1359.0951391424144
2023-01-14 20:00:00,17636.447533386287,17685.74297522899,17636.447533386287,17662.31414126559,607.2129852082361
2023-01-14 20:15:00,17657.601081976907,17688.893850225777,17641.175372635447,17655.91580645135,699.6701013952818
2023-01-14 20:30:00,17661.28564967931,17666.816901304588,17639.979705754544,17653.36535280617,636.0410351882947
2023-01-14 20:45:00,17658.02410537651,17658.02410537651,17592.210414105717,17632.384180599507,722.5063735360806
2023-01-14 21:00:00,17627.77526159535,17665.379330653956,17597.610948533125,17644.386687281156,653.6656148773332
2023-01-14 21:15:00,17647.962582160373,17684.795539588045,17593.69400295356,17651.64761436642,593.4817514578792
2023-01-14 21:30:00,17656.703117120353,17702.848863787465,17592.729618851867,17663.352583894393,999.6687484909019
2023-01-14 21:45:00,17658.229568056617,17709.387532784112,17636.81497827573,17680.86225355951,609.671418159413
2023-01-14 22:00:00,17678.139444574095,17755.738786136662,17678.139444574095,17719.52601868024,781.4771773344551
2023-01-14 22:15:00,17718.886941412282,17769.369573055676,17702.87490799308,17726.277475908624,1196.990174727588
2023-01-14 22:30:00,17727.476810200293,17735.687982468637,17667.749142295765,17709.379395978445,606.6600590960097
2023-01-14 22:45:00,17698.641525250387,17714.095034517362,17668.46718604691,17699.395083160623,747.3057794368922
2023-01-14 23:00:00,17709.161689018572,17788.838685440016,17610.461223866314,17705.18777325448,815.8710547677398
2023-01-14 23:15:00,17696.235883319743,17711.442084988063,17685.257708018267,17700.02268027836,859.3764271914677
2023-01-14 23:30:00,17696.639527416857,17729.570376142565,17685.7643398562,17703.90926641258,971.5713172458585
2023-01-14 23:45:00,17713.809413155526,17734.203398561578,17663.894115424733,17721.836933370985,609.8448513970985
2023-01-15 00:00:00,17712.26416157465,17746.464953080424,17661.903552990352,17724.91203876825,823.3246875203195
2023-01-15 00:15:00,17716.972904706534,17739.837733807595,17667.81440656637,17722.657939001947,725.6833335938499
2023-01-15 00:30:00,17733.928225191186,17764.446602830627,17711.90824854415,17741.647849790992,596.6247263310423
2023-01-15 00:45:00,17733.983037875936,17834.57531005068,17733.983037875936,17763.267692116096,861.3844464786997
2023-01-15 01:00:00,17746.134421726267,17823.924486301745,17731.748276122784,17783.974181661262,648.3439295375888
2023-01-15 01:15:00,17779.98843446503,17810.74410699415,17746.86240390129,17782.235886061895,667.4814609693855
2023-01-15 01:30:00,17777.253671543578,17806.97884418222,17756.385650169734,17782.657786817304,541.2014146047517
2023-01-15 01:45:00,17786.838826042615,17794.257788148676,17712.703985322983,17781.04958043183,793.5626160362924
2023-01-15 02:00:00,17775.46900926006,17827.546107583552,17765.859315327685,17788.389474910797,573.2711527675433
2023-01-15 02:15:00,17789.71638993313,17816.7229513942,17778.79843323472,17796.39666570105,1436.6454139358405
2023-01-15 02:30:00,17799.21871422094,17871.31479790235,17791.578438869823,17817.32533180031,833.4934146996075
2023-01-15 02:45:00,17814.027067143794,17864.460619655594,17774.275099566854,17812.476501783927,713.6937411244745
2023-01-15 03:00:00,17817.6584178297,17843.781599085498,17772.03524529354,17815.70542923867,644.0419529748596
2023-01-15 03:15:00,17819.51114419317,17861.98288395148,17809.000339670165,17836.66881844283,1312.798200126582
2023-01-15 03:30:00,17838.09319979407,17869.476226376664,17797.582888547273,17851.86993384329,971.1795393946552
2023-01-15 03:45:00,17849.49015534138,17933.256927945433,17791.518430331478,17850.352257624138,573.0221490819646
2023-01-15 04:00:00,17845.844570463243,17848.076458333704,17792.453152412923,17830.041172323192,982.9582537023457
2023-01-15 04:15:00,17829.98203003014,17867.032104472008,17797.265801531485,17841.316419080515,553.6370647979493
2023-01-15 04:30:00,17840.11221049545,17840.11221049545,17765.079628280386,17809.702828167665,811.49292381053
2023-01-15 04:45:00,17815.756247696492,17830.771377994297,17772.93548909631,17817.147335615617,568.7383259635179
2023-01-15 05:00:00,17821.707544916033,17865.949038575083,17817.389104932256,17834.167757869844,623.0822675225679
2023-01-15 05:15:00,17837.575344142497,17919.17075299851,17793.607194499597,17849.796587106695,778.3810802224004
2023-01-15 05:30:00,17847.532171187708,17887.952788235645,17837.586980160107,17855.637063310434,634.2725145520092
2023-01-15 05:45:00,17862.776453928658,17907.230172238764,17809.552885520163,17862.89382072531,522.5141431054285
2023-01-15 06:00:00,17858.07762181525,17898.020942416366,17807.50223321881,17881.791120581005,895.2130105713215
2023-01-15 06:15:00,17889.08843416782,17925.878450534914,17863.203672663123,17901.66557111164,700.529427592076
2023-01-15 06:30:00,17889.4616726706,17928.529175078307,17855.149317120984,17905.956752295653,837.0461385700133
2023-01-15 06:45:00,17911.604763770585,17965.627678560555,17887.300020403964,17902.470254391694,1097.9175068112445
2023-01-15 07:00:00,17898.093721227455,17947.32237273978,17840.393333435608,17870.361780717234,642.4781887388755
2023-01-15 07:15:00,17873.136261258856,17984.551061733226,17869.130877196494,17893.02383861676,698.6248416234578
2023-01-15 07:30:00,17902.669227468607,17937.316136837162,17879.58203057486,17899.730944410294,1040.3064587112824
2023-01-15 07:45:00,17907.247186049735,17955.03130573985,17853.65539218678,17909.04135803714,1080.5284840064098
2023-01-15 08:00:00,17903.599656143473,17928.376583884616,17897.258404220996,17914.81617519064,601.1276838788643
2023-01-15 08:15:00,17918.87457635236,17918.87457635236,17855.38007007881,17895.10615979524,607.2784239101056
2023-01-15 08:30:00,17902.29518786914,17996.67597235832,17844.73673536155,17899.4489415117,1506.026249108009
2023-01-15 08:45:00,17901.55048896255,17992.654739458336,17901.55048896255,17923.845026806997,617.0965246716459
2023-01-15 09:00:00,17931.13945649193,17985.85573096836,17894.361887727187,17931.141753223405,877.1875128293099
2023-01-15 09:15:00,17934.43435067822,17934.43435067822,17865.12258674832,17916.402740237743,819.1114877451034
2023-01-15 09:30:00,17921.342438065556,17926.33613670788,17819.34103889669,17901.017557378404,654.8483749650113
2023-01-15 09:45:00,17901.289447506646,17958.23789784092,17876.77370178825,17890.327120527098,566.7863989007999
2023-01-15 10:00:00,17895.117657073126,17943.448550600857,17883.856857088434,17908.232071908034,1182.3885163002096
2023-01-15 10:15:00,17908.60836576676,17938.60827885809,17871.231183633106,17904.949521257447,679.3309821239562
2023-01-15 10:30:00,17900.786180639698,17982.71931321835,17881.677995323174,17953.46154871113,756.8770578610346
2023-01-15 10:45:00,17956.40292735044,17956.40292735044,17918.00465078127,17929.12384698079,1205.8231115244012
2023-01-15 11:00:00,17936.552165557685,17975.839440862546,17920.042197045008,17931.139237340853,567.3084371303013
2023-01-15 11:15:00,17929.08136016749,17977.38083774145,17910.77669302927,17938.763247113453,764.6957979933075
2023-01-15 11:30:00,17934.424378995274,17999.999762415315,17866.496360723624,17941.971323795715,559.5118264207366
2023-01-15 11:45:00,17944.10674413866,18015.339098873228,17928.234306864546,17948.242796309816,1687.7788599619557
2023-01-15 12:00:00,17946.55514039271,17963.639061096506,17904.334081788435,17941.074723275644,552.213344011463
2023-01-15 12:15:00,17940.453378783295,17989.660953070423,17931.795675567326,17963.328558397312,601.4890223665959
2023-01-15 12:30:00,17963.780605013057,17983.043798100123,17935.43897326643,17947.593692589522,799.8330745942366
2023-01-15 12:45:00,17951.790386021497,17993.092214015884,17946.412742471395,17967.22559279933,555.5780645662746
2023-01-15 13:00:00,17968.19755352024,18014.857693806603,17956.27461948868,17982.586003330965,887.5549684773011
2023-01-15 13:15:00,17977.22306900866,18029.372656018186,17947.47596945673,17979.15214347448,547.9424372814427
2023-01-15 13:30:00,17975.73095920708,18026.566992493797,17975.73095920708,17990.83463113077,534.69896407142
2023-01-15 13:45:00,17982.760381992983,18025.28659376131,17959.167709042536,17991.78173441322,784.3571481624327
2023-01-15 14:00:00,17984.808733778995,18018.083399898733,17965.4642786076,17982.63641517782,675.3132188468084
2023-01-15 14:15:00,17977.955429896727,18008.82339827079,17939.631690857197,17968.712084702514,737.8766228698556
2023-01-15 14:30:00,17970.322471628937,18052.431688333363,17925.201959979844,17975.873696102422,1088.82613804233
2023-01-15 14:45:00,17967.688290587754,18042.24754810687,17948.710565311747,17981.348640311084,906.2395928880278
2023-01-15 15:00:00,17980.466197499798,18029.765867328348,17953.450184353977,17973.05877474548,561.7420696858736
2023-01-15 15:15:00,17978.53826237877,17992.379096787245,17951.919605346357,17975.599546163787,655.8220730803564
2023-01-15 15:30:00,17974.544985069537,18011.85083348075,17913.144333019918,17964.97899925022,1356.4142412145306
2023-01-15 15:45:00,17966.36813575653,18004.124835387596,17885.254460124543,17968.820636200973,824.6110255261373
2023-01-15 16:00:00,17968.795777143387,17968.795777143387,17916.065373621313,17927.609936840643,1058.6621208144757
2023-01-15 16:15:00,17919.204598213735,17980.610639231145,17894.333724143773,17950.19686050381,1133.0959589578986
2023-01-15 16:30:00,17943.256711010174,17968.15641086998,17914.688490523076,17933.02082613606,720.6477236174892
2023-01-15 16:45:00,17931.502738842755,17938.093316650204,17850.427818593635,17917.492200449724,548.182376266621
2023-01-15 17:00:00,17921.10331801942,18015.763265751182,17907.523693411455,17947.221257039786,1194.400248152151
2023-01-15 17:15:00,17957.71224239417,17999.4662007243,17935.900832674866,17974.26457583032,1290.5649866900285
2023-01-15 17:30:00,17967.026572901337,17981.17405432309,17934.2000156205,17966.16277532681,1560.9222095023235
2023-01-15 17:45:00,17963.93700999343,17989.039773851615,17956.6808439978,17978.142212948867,1144.3277432178138
2023-01-15 18:00:00,17978.639700649794,18006.334224223297,17935.604597694935,17978.570201545674,800.4629653655815
2023-01-15 18:15:00,17978.760069831325,18012.158578048253,17934.169060250744,17978.375787599663,598.462307309538
2023-01-15 18:30:00,17985.258907989995,18025.38827811324,17962.12474514034,17985.675088017364,702.9354837621345
2023-01-15 18:45:00,17977.539841947684,18050.53992470931,17949.982136110393,17995.10105757432,620.9011942501909
2023-01-15 19:00:00,17999.776146425844,18000.25368480643,17952.207433102456,17982.896137199612,552.4127215523135
2023-01-15 19:15:00,17979.451372857802,18035.39340830438,17957.103946068724,17978.59970724833,613.3483678638786
2023-01-15 19:30:00,17979.04556927379,18037.402645683098,17935.787820977494,17976.09759318316,863.5458892475873
2023-01-15 19:45:00,17979.488037102994,18008.846427611887,17954.63823419564,17994.98685316805,976.5454943873958
2023-01-15 20:00:00,17999.541261503837,18009.48394084316,17969.00177859123,17990.173489566772,831.9178322570568
2023-01-15 20:15:00,17988.756332679914,18025.19087287657,17900.42343180502,17985.19621411646,623.6945458777975
2023-01-15 20:30:00,17983.998938233744,18017.039351103624,17932.145528837023,17987.85644828265,637.3467334779856
2023-01-15 20:45:00,17980.119701308296,18041.772690372796,17945.32111590833,17985.17979492219,649.8583426359443
2023-01-15 21:00:00,17982.603617561675,17983.689926616513,17906.666901498043,17960.328708355493,588.7940615010161
2023-01-15 21:15:00,17963.158971774104,17999.59067405475,17937.009467125714,17961.801017182835,1955.901355468814
2023-01-15 21:30:00,17961.312825302484,17993.609566484876,17911.25312788064,17966.843585986568,860.9903916262087
2023-01-15 21:45:00,17970.48278877262,18005.2170012488,17957.22910151553,17978.47069279302,645.692327606175
2023-01-15 22:00:00,17978.128419744073,18019.66731839004,17957.736024394275,17983.31600436071,538.5551523926495
2023-01-15 22:15:00,17983.745676580875,18016.256098423033,17954.492729759044,17968.51978812168,905.0993192254798
2023-01-15 22:30:00,17974.481066400225,17974.481066400225,17935.186243956967,17949.07244294373,1007.3240645579268
2023-01-15 22:45:00,17946.392457047124,17963.324139608598,17915.22972456037,17938.645953591444,533.7051774147614
2023-01-15 23:00:00,17935.739302916423,17969.28565577819,17908.75938368136,17934.18050318407,698.5002373336854
2023-01-15 23:15:00,17933.47095446874,17951.35268478503,17911.50330018363,17934.260077259914,659.1161048288312
2023-01-15 23:30:00,17935.41727717297,17964.51259546902,17913.18854659822,17930.152250266183,825.1339242396061
2023-01-15 23:45:00,17926.970477603212,17963.147308389285,17873.0989506822,17928.71974714157,572.508882355128
2023-01-16 00:00:00,17927.27328230871,17927.27328230871,17875.12762134327,17907.816391687356,1297.4216598100113
2023-01-16 00:15:00,17914.723359105166,17914.723359105166,17867.96546121637,17890.171221413973,2148.707746090515
2023-01-16 00:30:00,17893.454251272997,17903.143656755947,17845.77384026775,17871.017383508424,1309.4246456315057
2023-01-16 00:45:00,17876.70465655925,17920.08621832298,17848.954149351095,17880.03282555848,547.9230857844823
2023-01-16 01:00:00,17882.258719086847,17952.04261030779,17882.258719086847,17895.680645635803,663.3204392281648
2023-01-16 01:15:00,17895.237101080693,17919.267602192715,17835.5769324475,17864.894022273267,1066.6768438620811
2023-01-16 01:30:00,17873.38181900527,17907.47656076586,17808.985067097812,17866.62793784947,700.5517135631414
2023-01-16 01:45:00,17867.662526407123,17919.986151843375,17861.076773685312,17895.42476333777,622.8399219664257
2023-01-16 02:00:00,17895.093037680428,17930.528085397294,17859.675525632778,17890.07282538596,594.5828985092259
2023-01-16 02:15:00,17896.222765332088,17896.222765332088,17849.668864429266,17865.14501209831,925.2714874395581
2023-01-16 02:30:00,17854.407062413855,17889.064474456274,17829.18443358309,17846.569164459215,921.6854224982374
2023-01-16 02:45:00,17854.098190771336,17860.969946844834,17799.2540922408,17849.747820365803,552.173659766181
2023-01-16 03:00:00,17850.9123009407,17988.61369381193,17843.73650377553,17869.00687013233,653.5430488542981
2023-01-16 03:15:00,17867.86140874512,17935.68172705148,17867.86140874512,17882.554374648793,856.9274677042857
2023-01-16 03:30:00,17892.529751252998,17923.678009174422,17824.069351847287,17903.459824867925,589.3590491467853
2023-01-16 03:45:00,17900.494174927066,17917.34395722525,17850.99286474384,17886.188174893177,660.3700350304723
2023-01-16 04:00:00,17892.36075680567,17908.41835571879,17850.016596211564,17861.4650966957,1035.4706311260918
2023-01-16 04:15:00,17850.161198851183,17883.476350592096,17835.13838794423,17861.58683768542,1082.840953996246
2023-01-16 04:30:00,17862.43827010576,17906.40921350062,17862.43827010576,17884.31877088001,868.1068308008827
2023-01-16 04:45:00,17878.135661754804,17885.52377773892,17799.6726963393,17873.63172770162,1491.8016932088692
2023-01-16 05:00:00,17872.71999981132,17900.97928910234,17819.41123729062,17844.854326446948,1373.1600119482184
2023-01-16 05:15:00,17848.243389505536,17904.32268185119,17773.993361403405,17848.879177163875,1184.862860809681
2023-01-16 05:30:00,17858.695210440816,17912.90220583685,17791.36878742662,17861.256403341536,955.3701763473001
2023-01-16 05:45:00,17866.38436643039,17894.925276361068,17854.721172497615,17877.78046022235,1207.2440875980858
2023-01-16 06:00:00,17882.605962765152,17907.2159321224,17866.675959921653,17877.54686657037,761.3691732233403
2023-01-16 06:15:00,17871.093779006274,17915.856843568494,17871.093779006274,17902.37226166893,869.921735086284
2023-01-16 06:30:00,17898.943706123904,17945.861365212557,17834.56988975695,17891.067008957823,542.5989976048849
2023-01-16 06:45:00,17886.239139893078,17914.98960462663,17877.595441970007,17897.075285330844,1366.5857944773613
2023-01-16 07:00:00,17889.05798346966,17920.519520044843,17869.92516453561,17886.60972666807,698.3463427667673
2023-01-16 07:15:00,17887.57151589337,17948.18539147239,17863.54300077548,17909.69433859524,1115.8518100272388
2023-01-16 07:30:00,17908.473166472093,17929.064742186954,17879.096086872054,17910.72160744254,1389.2419086380708
2023-01-16 07:45:00,17906.710091851288,17938.533002114902,17872.50813733935,17892.493284828106,757.9520209834824
2023-01-16 08:00:00,17896.562213959292,17896.562213959292,17841.131328753425,17871.78601415233,831.9165702011846
2023-01-16 08:15:00,17879.959592586525,17932.59199065148,17829.954836733385,17891.41529264967,653.4849695502531
2023-01-16 08:30:00,17895.36275998964,17934.587172481915,17869.365101661588,17903.949306571696,668.2454446822028
2023-01-16 08:45:00,17906.503020835662,17972.46722045189,17874.75989984902,17948.113951363164,679.6893770110488
2023-01-16 09:00:00,17955.900365298272,17979.27241217633,17923.61076322513,17936.21286177682,675.279101517123
2023-01-16 09:15:00,17953.749870923235,18035.12641875793,17937.740238256432,17952.433235661905,1166.6503119263136
2023-01-16 09:30:00,17950.453088176884,17973.679196684538,17925.258963167005,17948.018315890426,755.1824615558199
2023-01-16 09:45:00,17954.867476699885,17998.733442454683,17936.275190828983,17963.945307400867,796.0060023350144
2023-01-16 10:00:00,17959.507352932862,17995.7096019729,17942.645173120916,17978.890116382896,813.4161875106374
2023-01-16 10:15:00,17975.36171292699,17997.366715687534,17966.27615555472,17981.289555181793,1093.2921923315776
2023-01-16 10:30:00,17985.08486074224,18005.653960424806,17908.310754685022,17962.86169895362,712.8828275783051
2023-01-16 10:45:00,17957.94008665092,18034.09883224536,17927.469576227948,17979.715505032935,1175.4101324742269
2023-01-16 11:00:00,17972.006132012088,18013.356223540075,17955.911877640796,17981.09428761603,954.8816200373337
2023-01-16 11:15:00,17984.79265066231,17988.46239044483,17947.086492031736,17974.624237559063,601.2787055433664
2023-01-16 11:30:00,17978.6130568992,18102.454784708265,17978.6130568992,18013.313052486512,785.0904325984211
2023-01-16 11:45:00,18013.89088819945,18025.7430288829,17971.000512413637,18013.678916904537,659.276428784903
2023-01-16 12:00:00,18007.97993942164,18025.955565241045,17990.25764072084,18009.904331213987,799.0499762987549
2023-01-16 12:15:00,17999.137940550932,18064.975146512556,17980.551456674297,17996.715749695028,606.5743077547085
2023-01-16 12:30:00,18001.97926439362,18041.693416672206,17980.22614046942,18000.240101323754,1250.436147833974
2023-01-16 12:45:00,18001.102872723364,18020.131555109325,17945.54534968218,17990.700936307327,539.2967899078881
2023-01-16 13:00:00,17987.481182022184,18035.86877576776,17959.830149284637,17997.65164613914,550.4515122618287
2023-01-16 13:15:00,18002.685029650853,18006.851641587367,17963.814706871206,17992.829990293052,724.665673455463
2023-01-16 13:30:00,17977.840643576077,17997.607173033324,17942.069997842467,17966.073652612926,767.0723062409539
2023-01-16 13:45:00,17971.65632605885,18006.793151647416,17920.457402406777,17965.932688303736,648.2995637034954
2023-01-16 14:00:00,17956.88133862212,18027.26752850376,17953.301941933416,17978.55796979759,664.0277885530592
2023-01-16 14:15:00,17981.53233259761,18027.245985147907,17927.780217335854,17987.716699837965,1148.8627981538884
2023-01-16 14:30:00,17984.5185452582,18027.12326507494,17931.232767007004,17985.008648148723,779.3235913606313
2023-01-16 14:45:00,17977.73312343214,18014.175720820218,17957.71358083551,17995.128597099425,530.5525531089771
2023-01-16 15:00:00,17996.363426307784,18019.814884162373,17972.17558903801,17992.82789494448,1133.8735188101089
2023-01-16 15:15:00,17996.317027744633,18070.43850172131,17981.91907817584,18007.03693895594,1059.1672447217297
2023-01-16 15:30:00,18005.129233811957,18059.981881845088,17998.168239255287,18021.031765275657,1128.8820388985046
2023-01-16 15:45:00,18015.64965127421,18103.9176213717,17981.761067894244,18021.65871226709,618.658721121494
2023-01-16 16:00:00,18014.672271617997,18061.435928523053,17972.42549032043,18021.569749813865,571.4906744984426
2023-01-16 16:15:00,18020.914192055247,18071.413260829228,17953.561521694144,18013.030276370664,581.9431298954239
2023-01-16 16:30:00,18011.768143327194,18068.31749087485,17993.382871574828,18021.14632378223,563.037963474257
2023-01-16 16:45:00,18012.992648585598,18064.13277720922,17982.039248611567,18038.26889036086,697.6410834845619
2023-01-16 17:00:00,18042.800169621885,18042.800169621885,17973.84271630394,18016.841936634853,988.0466177488787
2023-01-16 17:15:00,18018.36528474196,18022.857833053033,17993.909863546807,18005.951927019723,722.0805231473835
2023-01-16 17:30:00,18000.39952786957,18057.768370396036,17971.644226238386,18029.32757323599,858.1479074598576
2023-01-16 17:45:00,18034.59015691979,18100.158851690845,18001.54868965749,18041.04679448101,542.9719821645336
2023-01-16 18:00:00,18047.567892444524,18114.257658583552,18027.82491133684,18060.88720927899,1145.6944338359533
2023-01-16 18:15:00,18057.42160390542,18068.090842391968,17985.437003696923,18051.225966282527,759.886665639058
2023-01-16 18:30:00,18048.989061353976,18136.756046100083,18001.523288946988,18074.876533672406,941.9619462162032
2023-01-16 18:45:00,18074.940893621537,18085.272168274412,17995.310183210266,18052.05677697862,761.3644911586834
2023-01-16 19:00:00,18048.936557590874,18095.929039777166,18022.746871644766,18054.994118211955,853.7878996212604
2023-01-16 19:15:00,18057.72596327118,18087.38509897442,18034.318025441,18066.303675312025,561.9080352650091
2023-01-16 19:30:00,18051.83805426989,18122.712167092654,18027.887315551303,18070.48522459481,525.6895029237226
2023-01-16 19:45:00,18073.185290720474,18093.238339222233,18062.06104635775,18080.49281756278,1833.9505981428092
2023-01-16 20:00:00,18087.800361672136,18151.231167465667,18069.72250153781,18095.31057729088,750.9980244485563
2023-01-16 20:15:00,18098.30923146473,18102.81409548679,18026.986754179812,18069.193425998445,774.1305963859954
2023-01-16 20:30:00,18077.5669522262,18119.021522735373,18038.062683557357,18087.99481912449,1750.7155448085614
2023-01-16 20:45:00,18093.17409327479,18148.410984125483,18018.47646864289,18062.55895334051,770.0943570838115
2023-01-16 21:00:00,18068.271158678446,18084.825121132133,18026.290386393604,18058.352039027275,622.7453907109148
2023-01-16 21:15:00,18061.35933001263,18071.696079817106,17997.99875102461,18042.8844230041,687.2428821615961
2023-01-16 21:30:00,18042.713129734784,18083.595285022446,18028.157856496648,18050.236733678543,713.0456237438834
2023-01-16 21:45:00,18054.87545220827,18078.657319960566,17983.142119512497,18035.09080290497,1048.3459844471715
2023-01-16 22:00:00,18035.70995397375,18092.001864409707,18024.199810041613,18063.49571323056,1557.9523456996583
2023-01-16 22:15:00,18066.466664747313,18099.455157132594,18021.635020046957,18055.096951264994,567.5143644123883
2023-01-16 22:30:00,18056.540967729405,18101.373035508113,18016.25296150069,18075.172667393465,634.2055723259367
2023-01-16 22:45:00,18069.229151310126,18113.986422376704,18045.82554125478,18077.080816325444,841.0385543186535
2023-01-16 23:00:00,18085.19222403076,18135.784270407767,18053.313891894086,18080.968264171068,567.902643392576
2023-01-16 23:15:00,18080.181474607634,18080.181474607634,18023.59180491353,18067.388858670674,804.4464665896888
2023-01-16 23:30:00,18064.958332005597,18073.631679489095,18027.42332081215,18048.17796642112,636.9586544492678
2023-01-16 23:45:00,18041.62981825978,18043.839824866543,17940.12273139394,18023.126483457563,643.2641008220724
2023-01-17 00:00:00,18026.5361421366,18028.812587959765,17972.363570856258,18011.34234946999,689.4651328481132
2023-01-17 00:15:00,18010.15644243015,18010.15644243015,17956.262290847542,17979.293745456478,617.4526530811522
2023-01-17 00:30:00,17980.990093749013,18005.65154392777,17970.608508766425,17990.581877421202,1091.8130996340637
2023-01-17 00:45:00,17989.100514101923,18043.060223580807,17989.100514101923,18021.806850935423,744.135845498461
2023-01-17 01:00:00,18016.17761493721,18038.898389468224,17970.154073101807,18010.026906738654,674.8598782029584
2023-01-17 01:15:00,18006.5621775471,18040.063748412224,17990.390695552618,18027.96759675623,594.2400439573756
2023-01-17 01:30:00,18018.914111939746,18094.647559641,18018.914111939746,18046.144879479565,713.9699700202731
2023-01-17 01:45:00,18049.08859783572,18096.458368642816,18049.08859783572,18078.464585508336,741.4984672370573
2023-01-17 02:00:00,18091.237155498435,18106.243226008923,18030.981912549276,18083.448641270672,608.2350263580418
2023-01-17 02:15:00,18083.535495192133,18128.673580425646,18074.39779108997,18096.302924755062,1745.9196819991955
2023-01-17 02:30:00,18103.326031330773,18132.23678305388,18041.10054053367,18096.537505420813,602.7588638333726
2023-01-17 02:45:00,18099.35936213725,18130.038725064664,18072.180399231063,18098.525912279478,675.2605646985595
2023-01-17 03:00:00,18094.764263112596,18160.705971376465,18050.350430796687,18098.06571805178,668.8743695132299
2023-01-17 03:15:00,18087.862848624827,18164.096821948635,18036.57036094658,18091.587104494272,1007.6334995861109
2023-01-17 03:30:00,18095.7549778611,18095.7549778611,18002.647402868744,18059.017721021628,1637.1515938430784
2023-01-17 03:45:00,18054.122855231035,18132.22173777001,18050.390237348638,18071.200610023592,688.9313180046004
2023-01-17 04:00:00,18062.07181388604,18111.15227544302,18010.839223018036,18050.297106748712,792.1191434069648
2023-01-17 04:15:00,18053.98907484591,18079.63511487955,18044.568408359464,18063.964575541562,546.6594922025414
2023-01-17 04:30:00,18063.90965799349,18076.171602534123,18041.204206677627,18061.439906108048,772.5269823198405
2023-01-17 04:45:00,18057.787931909203,18097.633423077514,18051.13462753919,18067.60625730006,1849.8002004243504
2023-01-17 05:00:00,18070.602873265954,18116.13428683333,18008.176958047436,18075.5875144568,887.3960020207992
2023-01-17 05:15:00,18072.799127523027,18146.434401422885,18072.799127523027,18097.302669345798,1169.3943340230892
2023-01-17 05:30:00,18097.880411930197,18145.06117932312,18081.94214810395,18106.31359726566,793.1309683092203
2023-01-17 05:45:00,18104.335135814636,18180.810044169375,18053.557372461066,18088.871038398924,1172.8692368105037
2023-01-17 06:00:00,18096.57954809487,18135.23517747195,18042.25594714048,18060.94624536899,584.362437596573
2023-01-17 06:15:00,18061.280207129555,18073.686411545168,18036.321646703393,18058.384160136193,1484.74911432833
2023-01-17 06:30:00,18054.966731411507,18068.70149865873,18011.592444643742,18044.68016820188,1751.8348432459743
2023-01-17 06:45:00,18041.452355905272,18055.53125694599,18012.59128083207,18023.72942363589,765.6557012568486
2023-01-17 07:00:00,18019.290659573526,18035.79624888488,17966.709653006877,18014.01477392037,933.5702127170545
2023-01-17 07:15:00,18013.700654191496,18047.767793056908,18013.700654191496,18035.00645097042,912.3343673186619
2023-01-17 07:30:00,18029.57830443104,18065.33727690455,17958.47170769327,18029.559047546012,593.0827306568692
2023-01-17 07:45:00,18025.093070324718,18060.51897538071,18000.073567919328,18024.92224601905,657.7277014828259
2023-01-17 08:00:00,18024.81703051416,18058.37203793761,18011.461922268354,18023.9610459298,851.9247301678969
2023-01-17 08:15:00,18030.502426964555,18091.3923335894,17983.819246835174,18068.494861174288,751.1926011559975
2023-01-17 08:30:00,18067.653805445985,18140.60043668792,18033.452032392364,18063.292788462175,605.0521623889204
2023-01-17 08:45:00,18058.844176706243,18166.626194008666,18058.844176706243,18092.088369824844,626.6814624439309
2023-01-17 09:00:00,18090.25283339271,18114.11924373888,18030.40308874407,18098.45399396309,871.2259155065805
2023-01-17 09:15:00,18087.84017237879,18141.280448898116,18079.486333149587,18103.074062809996,641.6046006983358
2023-01-17 09:30:00,18111.122639632915,18217.34647571196,18075.401065842612,18101.235675025135,1001.5268739191849
2023-01-17 09:45:00,18103.092852854206,18154.828211139495,18066.14536913496,18116.392205921544,774.025318883563
2023-01-17 10:00:00,18115.039923839144,18166.017824351777,18094.95740018317,18144.101262448945,630.8416823349847
2023-01-17 10:15:00,18144.540032863675,18207.21124289083,18124.109142583515,18136.283760339396,907.8949976570797
2023-01-17 10:30:00,18139.072802060145,18188.26934064407,18131.085716325844,18144.688469648412,1163.2775695885975
2023-01-17 10:45:00,18134.643266188188,18180.764417067974,18132.069799166315,18160.13566298432,724.850498115058
2023-01-17 11:00:00,18161.854126043487,18166.99522213855,18110.637480837897,18135.60542499224,790.5707954050267
2023-01-17 11:15:00,18135.03779904215,18171.117085251204,18086.925593290256,18122.428877741244,743.8266259638245
2023-01-17 11:30:00,18121.405475973454,18140.66896246405,18105.33662236989,18127.833841292755,546.4223609984423
2023-01-17 11:45:00,18124.932650341518,18186.630091488,18124.932650341518,18165.65052443056,631.5343426739995
2023-01-17 12:00:00,18160.505438244723,18193.02844485462,18147.43187618544,18165.772647074653,1578.7190991525458
2023-01-17 12:15:00,18173.706148092904,18178.47907488857,18095.239261459803,18140.77014705106,593.6961107736229
2023-01-17 12:30:00,18144.096744831153,18191.716819091787,18144.096744831153,18164.376531921436,620.5784691263996
2023-01-17 12:45:00,18167.72345964408,18212.88460832524,18147.78560666748,18179.418419289952,1523.243986308647
2023-01-17 13:00:00,18176.14334460721,18192.822391051635,18141.64177362538,18165.243178024706,1476.8719564096466
2023-01-17 13:15:00,18156.75992162426,18196.501287701107,18141.71202639717,18182.8455651642,1077.7444688234114
2023-01-17 13:30:00,18181.360874380523,18208.91362516141,18158.68879051469,18180.55046150247,979.0113437609824
2023-01-17 13:45:00,18186.369583489748,18186.369583489748,18081.261103766796,18156.422207690786,731.5774570304161
2023-01-17 14:00:00,18160.657310213726,18207.70403091979,18137.682527093122,18169.52800636423,620.1676176630377
2023-01-17 14:15:00,18167.849664683417,18219.36500200764,18150.249741701566,18181.116038985885,583.0824824242598
2023-01-17 14:30:00,18179.176972751502,18198.008366271224,18132.687316745272,18172.737738816664,584.1538678441079
2023-01-17 14:45:00,18171.744356834948,18220.56823639482,18171.744356834948,18197.23983946601,1556.041761651353
2023-01-17 15:00:00,18198.96270614732,18228.814724551696,18140.469944808417,18198.969391069688,893.7034799646605
2023-01-17 15:15:00,18197.721438954144,18231.879195082132,18182.060241689436,18196.178086003336,1214.5177827442571
2023-01-17 15:30:00,18201.19091844114,18221.555094594227,18139.43773929094,18179.239710571113,616.6877213748577
2023-01-17 15:45:00,18176.636613412218,18197.897830583246,18165.1779965619,18181.422976266073,782.6189241211584
2023-01-17 16:00:00,18170.50362285932,18215.36458131576,18143.584859841878,18169.899776752598,710.4893406615208
2023-01-17 16:15:00,18167.369675042315,18215.165283226423,18118.83796642227,18156.876080253915,1266.092476224786
2023-01-17 16:30:00,18162.639576092428,18189.71506071653,18095.272869142886,18167.426222202183,615.3219118946987
2023-01-17 16:45:00,18165.651433931736,18221.007373403376,18114.448458045656,18147.21317232399,672.5171823278365
2023-01-17 17:00:00,18150.832763291426,18158.538387133758,18036.59453947154,18137.38115461926,720.0397177810702
2023-01-17 17:15:00,18128.778473618684,18201.120127197464,18121.81173718637,18139.85384785125,525.2451280709349
2023-01-17 17:30:00,18135.934026708488,18201.46605373339,18104.45933163473,18151.06440267966,573.0492235701936
2023-01-17 17:45:00,18158.06321348416,18197.23187195855,18098.43893359844,18144.402860536484,536.1620301430703
2023-01-17 18:00:00,18144.933702297538,18207.852763841864,18127.989999897767,18168.83296942396,867.1687633262741
2023-01-17 18:15:00,18173.778596875007,18232.98816872838,18104.361614678008,18193.517799588648,865.4224743922156
2023-01-17 18:30:00,18200.16830427419,18200.16830427419,18139.671188327207,18181.386719776823,578.157538470529
2023-01-17 18:45:00,18179.59849017556,18260.04734790815,18154.22784276849,18176.29120704265,1473.5811145272762
2023-01-17 19:00:00,18168.03297223332,18205.452490135744,18107.09691652789,18174.91660362613,656.8912851316616
2023-01-17 19:15:00,18174.585813611375,18174.585813611375,18134.374452624903,18161.87339520339,543.1480084374448
2023-01-17 19:30:00,18159.597087114696,18192.875210094044,18095.76592611663,18163.796426984,538.417188246682
2023-01-17 19:45:00,18165.55573561714,18216.03704104361,18102.520373149968,18183.694965760205,734.6394731426332
2023-01-17 20:00:00,18180.775749543667,18235.608022528657,18176.688794245565,18189.52644129315,908.401124909451
2023-01-17 20:15:00,18190.06213827077,18248.909701806704,18136.986813599124,18169.805228644535,659.351755908619
2023-01-17 20:30:00,18175.51607102101,18209.127046478,18156.83582012698,18179.71362650325,543.3647250008304
2023-01-17 20:45:00,18175.56165563649,18215.570564578073,18175.56165563649,18200.33957304485,834.3073227651861
2023-01-17 21:00:00,18208.9212457811,18251.15607368001,18180.282395083777,18213.355335843808,1097.0262451877413
2023-01-17 21:15:00,18213.400561221977,18222.946325793382,18147.47312243773,18200.917335419905,717.2591432986815
2023-01-17 21:30:00,18200.108783184776,18227.09567874427,18169.598148984052,18207.710384144077,767.2660983735851
2023-01-17 21:45:00,18213.192731871546,18225.961609547583,18166.838807751556,18181.22823020951,627.5731175844148
2023-01-17 22:00:00,18177.282060278605,18241.487850513637,18159.846769134507,18172.09321807308,890.0101958776795
2023-01-17 22:15:00,18176.34177631448,18176.34177631448,18105.50801121609,18151.75144122986,567.8282948067415
2023-01-17 22:30:00,18138.017766730627,18157.411759063845,18110.997515155275,18145.133329913067,951.5049117614024
2023-01-17 22:45:00,18134.035201501087,18169.456394263147,18079.160185634442,18137.568801583413,767.1983559024541
2023-01-17 23:00:00,18132.504881073357,18157.297207202206,18122.70424612949,18139.416432862396,520.6181055930357
2023-01-17 23:15:00,18142.03112757298,18197.069257642594,18090.427969908476,18159.55710212325,1093.291639154678
2023-01-17 23:30:00,18156.405472771527,18268.877365403492,18142.557475907062,18167.731138110907,534.3520040215978
2023-01-17 23:45:00,18167.25972795722,18188.8113606791,18049.578328074116,18150.542504446472,1275.3719262739473
2023-01-18 00:00:00,18151.62611948274,18181.66840888335,18067.356944317406,18138.678440288324,944.5222275513264
2023-01-18 00:15:00,18139.298332290375,18176.856913570286,18058.553891472053,18128.667073317614,564.4856421396863
2023-01-18 00:30:00,18126.922264491834,18127.779339724344,18098.427701102195,18112.836216028558,1009.1779594382452
2023-01-18 00:45:00,18103.223193753005,18142.53963735537,18103.223193753005,18121.33218082857,591.7368163673563
2023-01-18 01:00:00,18133.535789230547,18139.514710080457,18098.960377558706,18125.87210382815,1364.3066475319679
2023-01-18 01:15:00,18120.00168350686,18151.077403518804,18064.65794138379,18123.211468088928,753.8079639444862
2023-01-18 01:30:00,18128.318385772094,18187.576150932553,18112.02724564753,18126.3585171416,596.50430772548
2023-01-18 01:45:00,18124.114017637065,18154.740171771115,18090.683357892536,18115.77172828398,751.994944434111
2023-01-18 02:00:00,18113.690704312252,18139.899076717207,18066.650803988003,18115.84617179863,846.9572259447663
2023-01-18 02:15:00,18116.238810792936,18144.960766896387,18065.77836723732,18107.531095812217,791.2877701438822
2023-01-18 02:30:00,18103.696725487134,18135.467114964933,18059.578728452394,18104.115572432125,880.941593114968
2023-01-18 02:45:00,18111.148451806657,18197.257381531028,18111.148451806657,18144.691530721688,1924.4413852483995
2023-01-18 03:00:00,18136.66699904757,18205.995773552644,18107.01093017185,18152.909448951883,840.2871570047766
2023-01-18 03:15:00,18154.950684332933,18210.069851084852,18095.246062237788,18134.73116457648,595.4769476076101
2023-01-18 03:30:00,18149.957920243818,18183.280835765516,18095.014323126543,18140.13029377315,1000.7146592528163
2023-01-18 03:45:00,18142.97878035675,18197.149052304478,18115.835721085,18156.60910200359,821.1850501483799
2023-01-18 04:00:00,18149.602808181196,18202.46735656587,18149.602808181196,18178.712362317572,1528.2592153915002
2023-01-18 04:15:00,18181.877694296407,18212.552513974453,18138.626884555797,18179.57978000179,526.0389971162651
2023-01-18 04:30:00,18176.328535216096,18191.155628240853,18135.224763214937,18169.453962721356,616.9767387650539
2023-01-18 04:45:00,18168.652540175415,18213.642903532917,18120.057417740867,18158.01572848738,938.2840243850001
2023-01-18 05:00:00,18152.212549290987,18205.466613184413,18104.240939186468,18159.133388476952,506.72949573559424
2023-01-18 05:15:00,18160.0660440676,18173.82315349483,18111.797776345924,18154.5637149439,518.6932984667319
2023-01-18 05:30:00,18162.53067836301,18188.390126386428,18095.271097725163,18157.380671035964,515.2434036381669
2023-01-18 05:45:00,18149.019826127835,18185.96794165128,18111.46290087905,18158.62113673254,505.36993237807974
2023-01-18 06:00:00,18164.96970215804,18208.120354874012,18164.96970215804,18183.759521946195,1127.865064688546
2023-01-18 06:15:00,18178.982345171928,18199.668613333695,18145.29160551552,18171.005947889527,656.8856153587299
2023-01-18 06:30:00,18170.078325190752,18229.620535763057,18170.078325190752,18189.257578731183,960.0654297974328
2023-01-18 06:45:00,18196.557049979765,18262.523804908207,18156.535961973543,18199.220659262646,623.6049392358768
2023-01-18 07:00:00,18194.224837983395,18244.43650766733,18154.31909878163,18202.98508207827,740.1647007820652
2023-01-18 07:15:00,18211.892513303388,18269.20842574061,18151.362051812062,18193.837755650704,608.7292900447641
2023-01-18 07:30:00,18189.650389244183,18236.05497576681,18171.88989771179,18201.40752468918,1016.0998712732995
2023-01-18 07:45:00,18200.171313121547,18226.547112630316,18175.42060936891,18199.838852531848,637.5044126100864
2023-01-18 08:00:00,18195.22991176581,18210.8616366133,18182.03086109051,18199.50275972931,1086.0473745077609
2023-01-18 08:15:00,18198.000247612046,18245.834162419163,18189.99433507748,18218.410697684274,737.9085734987873
2023-01-18 08:30:00,18221.840614120905,18342.381961593393,18221.840614120905,18251.354905791264,595.6037798907059
2023-01-18 08:45:00,18254.57652311036,18288.70990350958,18231.48245536183,18248.86241509463,828.7486300601407
2023-01-18 09:00:00,18246.715238175668,18314.870909638415,18194.001063693115,18244.46602973954,772.8386516264595
2023-01-18 09:15:00,18251.24782174968,18276.73283537109,18164.451416893226,18228.803280326465,601.324108981081
2023-01-18 09:30:00,18231.59120525453,18272.229813821446,18182.79386589915,18243.371840759213,603.1912486844175
2023-01-18 09:45:00,18249.563640996777,18285.21736783665,18227.919630682205,18256.43588362521,536.5947295711097
2023-01-18 10:00:00,18252.89960013189,18308.6194445434,18230.71226235363,18246.39116311684,972.3053669220095
2023-01-18 10:15:00,18252.675068549783,18282.535768278354,18222.558352330096,18259.53832039201,3043.521358805315
2023-01-18 10:30:00,18253.361074406625,18291.011983786077,18247.748216957894,18275.286655468848,705.5093146875606
2023-01-18 10:45:00,18273.899974654865,18301.802173007927,18250.618041739872,18270.740808166127,523.8143128179455
2023-01-18 11:00:00,18283.198041722924,18318.13394492545,18242.04258695952,18281.253432612717,856.8209928832047
2023-01-18 11:15:00,18279.225092966935,18336.994196939675,18267.693026992823,18290.547125677145,768.5627693124405
2023-01-18 11:30:00,18292.71239024358,18316.49212500306,18278.998511714544,18291.833603619005,766.7684329699214
2023-01-18 11:45:00,18297.333736947392,18315.653512630117,18222.571067753895,18290.024089604332,659.175015262384
2023-01-18 12:00:00,18291.822043787004,18296.56440516817,18233.25093871339,18279.726232607936,996.8310937139429
2023-01-18 12:15:00,18285.022864394836,18341.784761380124,18274.942783644216,18301.687904013983,634.2826637412713
2023-01-18 12:30:00,18297.06766626912,18302.07282752519,18241.924361811114,18288.712899415183,895.1545625070596
2023-01-18 12:45:00,18275.72967539024,18326.190360015775,18275.72967539024,18296.745991726715,1275.249323424876
2023-01-18 13:00:00,18305.12292818951,18324.382476570794,18279.69128364617,18293.762164874985,558.81926260461
2023-01-18 13:15:00,18295.281318489902,18344.128376679004,18209.569351419817,18271.830432647046,802.8277846717868
2023-01-18 13:30:00,18270.30582561886,18276.864608362095,18251.64442593812,18263.584753013514,677.204248008322
2023-01-18 13:45:00,18273.080720624304,18277.281941427358,18201.01198866542,18257.562676979946,520.5645298425277
2023-01-18 14:00:00,18251.467376987708,18317.778204209844,18178.340506315177,18253.717787684145,1039.8731210297576
2023-01-18 14:15:00,18259.73655300745,18304.03405734273,18208.681807753594,18249.558887900075,858.2124762002077
2023-01-18 14:30:00,18246.026574027288,18327.201530251066,18246.026574027288,18270.094185822993,2010.056527519281
2023-01-18 14:45:00,18259.199121684305,18269.660053896037,18197.167683791416,18258.442303679138,1233.7616824619004
2023-01-18 15:00:00,18255.23642229456,18257.34337679925,18205.424360059627,18233.92527153427,1120.7114876592036
2023-01-18 15:15:00,18238.344380833074,18238.344380833074,18204.100266218025,18221.829510329124,870.5550260941035
2023-01-18 15:30:00,18216.994390796764,18288.71318258485,18199.564518469135,18238.562197419913,803.2685109772116
2023-01-18 15:45:00,18232.28042296445,18271.39991428075,18138.32977404381,18244.02483363706,675.9845832554927
2023-01-18 16:00:00,18238.00021086749,18294.054270360313,18222.78487947198,18240.16565705271,587.3603088923303
2023-01-18 16:15:00,18243.17261634479,18256.977510434685,18196.520529103393,18225.034692987392,1392.5379618762295
2023-01-18 16:30:00,18230.963963074784,18267.212675314084,18191.153990297244,18213.799345753305,924.5524673982741
2023-01-18 16:45:00,18209.884381575732,18273.085086858784,18181.846225804664,18226.34420672136,542.2103612129442
2023-01-18 17:00:00,18218.05536363037,18266.486857010124,18141.126909379513,18206.56118469937,1093.994425603309
2023-01-18 17:15:00,18202.95398887196,18225.335016711622,18137.298778267286,18203.96185917232,560.9741105333275
2023-01-18 17:30:00,18205.882336610888,18226.305373768017,18173.66828323048,18206.717229175112,1704.6714425932535
2023-01-18 17:45:00,18208.646361785064,18255.203350972934,18188.197484214023,18208.685098698632,555.9275880626772
2023-01-18 18:00:00,18204.68957874106,18216.147014045688,18146.13368039975,18187.864705119944,622.4698015621044
2023-01-18 18:15:00,18183.2400881493,18215.14695093255,18167.888426039623,18199.7933132127,908.4484823314087
2023-01-18 18:30:00,18202.948962005645,18288.778102305932,18131.477847080816,18210.32994592188,813.5351179679081
2023-01-18 18:45:00,18211.438505326674,18223.797726245903,18138.261819581836,18189.38834778392,603.8581479621618
2023-01-18 19:00:00,18189.176523007074,18234.505653071014,18143.42216284111,18197.761698905866,937.4908409172787
2023-01-18 19:15:00,18198.800589871826,18231.52726705366,18163.857919120986,18202.43071912689,688.544164927246
2023-01-18 19:30:00,18194.798152570776,18261.868593568677,18192.418805514157,18222.669942400906,587.4021562701407
2023-01-18 19:45:00,18232.314263682078,18283.798079557102,18191.988381127147,18231.89882229325,1590.8364030760256
2023-01-18 20:00:00,18228.179146340844,18314.78215443198,18219.547304837783,18241.898561203274,1702.867017365455
2023-01-18 20:15:00,18241.06559629293,18258.177313650547,18166.675207821452,18231.852501030324,700.4012220265317
2023-01-18 20:30:00,18227.689497907566,18276.14869135608,18227.689497907566,18245.351166607485,1438.9580344220994
2023-01-18 20:45:00,18238.554155338745,18272.38369993692,18231.721120296635,18242.90052300935,1263.5770040380262
2023-01-18 21:00:00,18237.12102441886,18343.25718604887,18235.14440470423,18254.154659325162,807.0977547554772
2023-01-18 21:15:00,18251.114948746937,18291.05520731614,18183.72195787507,18236.16559828192,1402.624828462855
2023-01-18 21:30:00,18230.316539285188,18250.46760095283,18216.957324136027,18228.546081131422,526.7674789724032
2023-01-18 21:45:00,18231.863755453483,18248.24363265729,18169.74650872062,18214.775451892852,605.740489303417
2023-01-18 22:00:00,18207.852397334816,18337.19208382075,18176.52991268286,18249.773826360997,792.0343313055313
2023-01-18 22:15:00,18252.526332084642,18288.64460691414,18247.569779586196,18262.45582014981,1221.3767050891938
2023-01-18 22:30:00,18265.862101187573,18309.65211232701,18201.456199064116,18285.967780801013,1116.341043033033
2023-01-18 22:45:00,18280.669544222957,18358.46511261267,18273.299084545266,18297.518717521074,610.6329365565978
2023-01-18 23:00:00,18302.88320722938,18327.66815033541,18273.39694854397,18290.139068773988,948.5711726274451
2023-01-18 23:15:00,18295.20192710883,18331.32279287658,18268.934282900955,18292.52269076194,900.3587882541489
2023-01-18 23:30:00,18298.82535488133,18329.708027573484,18279.9798873686,18312.407386472747,842.6062810543224
2023-01-18 23:45:00,18309.18952572603,18377.34290000384,18303.26512374914,18343.108848266897,723.1653076717047
2023-01-19 00:00:00,18340.430731205615,18377.737557884302,18301.01056695817,18327.928563890953,663.6555483084618
2023-01-19 00:15:00,18328.521707432257,18330.814652332505,18294.518377019915,18310.208497223783,1062.6724622447875
2023-01-19 00:30:00,18319.482305588226,18377.571494741755,18267.301969021995,18299.442174645043,692.26384312974
2023-01-19 00:45:00,18293.65670321438,18351.58021307598,18275.964493482013,18302.13951992743,874.5591300096706
2023-01-19 01:00:00,18297.961710197073,18334.197168262548,18239.33241540789,18311.096186875093,1158.3024787145914
2023-01-19 01:15:00,18308.90868075654,18342.188961244767,18264.50553468338,18280.753858975455,707.5425642355768
2023-01-19 01:30:00,18286.74645912256,18305.195722568064,18208.555504516607,18287.598158916386,809.0437271848815
2023-01-19 01:45:00,18285.130542838677,18350.022608707914,18186.54242309744,18293.713126073595,748.6352535596916
2023-01-19 02:00:00,18288.428867764494,18301.70789566457,18256.12279411376,18287.937775539016,762.0908088237786
2023-01-19 02:15:00,18291.691537548002,18346.5216646925,18282.546618167376,18295.86807621891,559.1372881120179
2023-01-19 02:30:00,18288.833549428935,18367.220589232693,18248.188705885666,18293.42127636408,579.1812609356006
2023-01-19 02:45:00,18290.915000440018,18305.846510414707,18254.739818691578,18281.612084596472,745.5578445892439
2023-01-19 03:00:00,18287.574107953264,18341.078652251123,18243.093795354118,18290.147380343165,956.8450188731359
2023-01-19 03:15:00,18297.39564225711,18328.533217535147,18254.395066290454,18277.80559052993,597.6468119692463
2023-01-19 03:30:00,18267.18888267295,18344.194929394806,18210.650313576753,18273.275479570337,597.7357643267536
2023-01-19 03:45:00,18273.578534259865,18312.94322703352,18246.359451705306,18278.585592240743,1260.5779241654948
2023-01-19 04:00:00,18269.69973991118,18320.423896025102,18269.69973991118,18295.383218112936,697.4535146119632
2023-01-19 04:15:00,18288.038000796423,18372.98975260003,18232.171372315508,18305.241396761092,647.3245061817389
2023-01-19 04:30:00,18301.96223540644,18312.277075459115,18259.40950103703,18285.477751842518,568.291294674391
2023-01-19 04:45:00,18280.82769116672,18398.848163598872,18227.451849500783,18300.566973342906,917.6601371772966
2023-01-19 05:00:00,18289.824916826365,18325.93636875576,18209.80396174838,18276.774779847015,1329.4739545677728
2023-01-19 05:15:00,18269.697102478847,18284.73375270558,18183.58573542932,18266.049262050954,1020.4335537596036
2023-01-19 05:30:00,18262.290165221046,18307.759677040624,18224.16896505078,18251.465571124838,788.0567224437065
2023-01-19 05:45:00,18241.254783151893,18313.177065131218,18241.254783151893,18263.25210283515,571.6723834850897
2023-01-19 06:00:00,18257.457356831677,18296.899777847295,18211.075906643833,18258.86726309668,587.7908614765164
2023-01-19 06:15:00,18255.25803240123,18257.71311965117,18226.860569008142,18243.253616388647,1902.6717948634068
2023-01-19 06:30:00,18246.367376261554,18278.968858529202,18220.781929584573,18242.09897938872,612.8360965145436
2023-01-19 06:45:00,18247.77725095568,18322.428588934155,18218.294780491204,18253.94829378942,859.2991881193182
2023-01-19 07:00:00,18251.810586118616,18289.221088855986,18240.95369443521,18263.48222811924,1075.4027153209822
2023-01-19 07:15:00,18261.934011140693,18286.06813874351,18211.086420440817,18244.55342153194,596.9150042974868
2023-01-19 07:30:00,18238.81518225358,18261.08275086558,18212.297935912757,18237.050532635272,549.4205010962489
2023-01-19 07:45:00,18231.085319576345,18255.76586319373,18188.327041412267,18242.21058868633,769.5110657416001
2023-01-19 08:00:00,18235.787373547086,18288.900227022496,18229.714876938375,18251.960577308175,1457.0078445085867
2023-01-19 08:15:00,18252.737835302785,18271.53821076944,18190.12624328446,18258.923852380238,663.6865552773132
2023-01-19 08:30:00,18263.657714618377,18335.179745542016,18246.37698735555,18284.862691105365,1037.9984176836372
2023-01-19 08:45:00,18284.79642614774,18310.689864585587,18259.569661174362,18297.286330280207,1076.5586871436658
2023-01-19 09:00:00,18290.018524319534,18372.408785142892,18257.91114416281,18314.251834903796,715.5830003175003
2023-01-19 09:15:00,18309.21857385192,18350.883980109607,18298.459295131703,18318.563314546,1869.8377198447631
2023-01-19 09:30:00,18318.628900860822,18346.86692870627,18304.20554655581,18317.47116966334,887.7192267049223
2023-01-19 09:45:00,18314.338619155453,18314.338619155453,18274.051073733222,18290.92740858304,646.5261960044836
2023-01-19 10:00:00,18292.22279533052,18333.367311942442,18257.493324738396,18312.778317148044,592.5927888648467
2023-01-19 10:15:00,18312.856025404468,18381.55293617199,18287.121291335865,18320.715723819772,554.2285345336057
2023-01-19 10:30:00,18324.64400432435,18391.682491068892,18309.80719154019,18336.390216043088,1086.944228090322
2023-01-19 10:45:00,18344.53797999647,18373.4980056736,18333.45219282377,18347.830431001687,1225.7447250763116
2023-01-19 11:00:00,18347.293358863295,18379.183066867212,18280.15229831931,18327.231242199898,670.2908423427958
2023-01-19 11:15:00,18329.072460611467,18347.05529559336,18293.23528285383,18317.501690368154,1222.5007638654988
2023-01-19 11:30:00,18316.1027599212,18359.215843458886,18316.1027599212,18339.670019026376,778.9403619979432
2023-01-19 11:45:00,18343.40520348357,18392.82838442475,18297.20158450141,18351.172976466798,591.6548249600197
2023-01-19 12:00:00,18351.917238920687,18414.164982976818,18334.839507294284,18387.930157669853,839.7779757275374
2023-01-19 12:15:00,18383.82529433855,18403.692202783182,18355.876399694484,18367.9737635478,1181.5895832903861
2023-01-19 12:30:00,18364.086705443588,18441.04631919899,18293.420857478097,18355.52242292949,880.8319910035677
2023-01-19 12:45:00,18348.487814592863,18388.69765044792,18327.24609135554,18369.434572849746,757.9818742329637
2023-01-19 13:00:00,18367.926493492992,18413.67869719604,18318.334414870835,18360.156105269787,747.9915578283025
2023-01-19 13:15:00,18360.49467011869,18370.97156094303,18287.275844444266,18345.733700938956,1412.554680565053
2023-01-19 13:30:00,18353.26132283648,18399.871715394158,18291.683950221643,18324.750365506075,1212.929271810291
2023-01-19 13:45:00,18319.332841463292,18376.865202178808,18319.332841463292,18344.71441356122,953.8897052466192
2023-01-19 14:00:00,18341.71280556382,18406.622318210157,18337.005264538915,18355.158664482795,1000.3676518318691
2023-01-19 14:15:00,18350.040251260736,18386.623636843247,18311.057110904032,18372.930279633732,787.844086095164
2023-01-19 14:30:00,18376.414407922028,18425.17716308448,18335.84057122431,18361.01380130344,584.2713409531813
2023-01-19 14:45:00,18360.643443472847,18438.272562959275,18360.643443472847,18400.047818461702,696.7916600688527
2023-01-19 15:00:00,18401.00629671224,18455.477477854467,18396.35751265328,18411.899735187955,925.3222136211964
2023-01-19 15:15:00,18412.042690010472,18453.01943069,18356.26738980074,18424.661824573777,1135.516914897873
2023-01-19 15:30:00,18422.05990046368,18464.171045582265,18366.608147876937,18442.39933724892,630.7153815961285
2023-01-19 15:45:00,18442.981775160668,18477.468949005506,18372.487252266892,18442.998996969767,621.7470147787586
2023-01-19 16:00:00,18438.601247663002,18471.25689170279,18414.077476679453,18452.434955441906,1442.8317369557806
2023-01-19 16:15:00,18452.847240826493,18470.828945835012,18427.062268888854,18441.84364923375,561.2324273207748
2023-01-19 16:30:00,18443.09089777317,18498.06042446512,18433.955164040828,18465.119342893697,864.9401359751307
2023-01-19 16:45:00,18466.532531192675,18473.141766755096,18441.856665975145,18456.049239366923,720.4157061760875
2023-01-19 17:00:00,18448.293098426304,18504.34076183922,18443.282007614027,18481.34277976586,1075.0558863162526
2023-01-19 17:15:00,18478.990343672267,18504.673756776196,18462.412090174228,18479.48503020547,950.9516656624078
2023-01-19 17:30:00,18481.248625872173,18548.281748118156,18465.577095306984,18496.93394521723,818.4853513835258
2023-01-19 17:45:00,18499.11358558712,18565.769783536725,18494.254284623392,18507.870279072347,609.8168086468028
2023-01-19 18:00:00,18500.135385516678,18519.536685664225,18410.55788401387,18484.409988964817,665.4218875486858
2023-01-19 18:15:00,18482.698958508532,18503.04773559762,18462.199098189736,18476.365720836635,532.1678487870232
2023-01-19 18:30:00,18478.192518317144,18497.25323155819,18415.798704241523,18456.10456152007,758.5241564047988
2023-01-19 18:45:00,18448.702878326378,18506.474135969118,18448.702878326378,18471.597495242433,899.2873195463651
2023-01-19 19:00:00,18478.347154739447,18490.703783158035,18449.59792873644,18478.96429847872,968.9434228592429
2023-01-19 19:15:00,18477.39071048541,18527.275845850127,18475.69747200438,18486.934635807254,537.1287624001146
2023-01-19 19:30:00,18482.740696232762,18529.234212208085,18482.253096867214,18505.14661504898,1046.6095781384615
2023-01-19 19:45:00,18503.99441783187,18542.123820182314,18475.305151651326,18521.371747742356,569.286896813367
2023-01-19 20:00:00,18523.27116211587,18540.80616514253,18512.692515024937,18525.203393161282,1408.764248901325
2023-01-19 20:15:00,18527.559454285933,18575.85815823421,18494.81432968837,18517.166777259423,559.6007747637925
2023-01-19 20:30:00,18512.87036768835,18563.87765425426,18451.111685757583,18538.91083262172,710.9074154879604
2023-01-19 20:45:00,18541.136890323156,18544.330928588,18512.27792549134,18524.569018396454,942.2730169050602
2023-01-19 21:00:00,18526.470699658643,18552.87857572528,18494.206552300795,18515.911948038283,605.699713547112
2023-01-19 21:15:00,18513.16198596938,18573.178153945573,18504.88201009815,18523.61877715871,779.570809426348
2023-01-19 21:30:00,18523.31105466124,18578.52375415753,18512.983488072212,18525.889007359856,531.3007300732037
2023-01-19 21:45:00,18523.228413517463,18538.86488008508,18506.7201887271,18518.794664751942,617.9883607642583
2023-01-19 22:00:00,18524.02448579908,18558.737796101515,18492.16169400005,18522.31248056645,611.008640634472
2023-01-19 22:15:00,18527.75971649665,18549.146941660787,18495.332638614258,18519.26005709557,1064.6756195544176
2023-01-19 22:30:00,18524.559524210155,18527.18892841477,18466.727143654665,18495.0240081471,665.9845824021162
2023-01-19 22:45:00,18490.710368425687,18511.315507598374,18473.462693093577,18496.692313458396,837.9512718085005
2023-01-19 23:00:00,18497.299422203807,18530.467936551508,18455.550704281348,18490.4333804229,832.7411178401567
2023-01-19 23:15:00,18491.729919098718,18510.965661564525,18469.118531453976,18495.267159104387,569.8009473699484
2023-01-19 23:30:00,18482.65346782351,18502.83237055778,18478.315456920736,18490.76049971491,850.103031422401
2023-01-19 23:45:00,18494.870590462935,18562.86107783716,18489.724772408397,18521.10375510779,860.6375201487098
2023-01-20 00:00:00,18518.187454929997,18547.341132617767,18493.942234784812,18528.783113700298,535.2122669523256
2023-01-20 00:15:00,18531.704813406865,18643.27645034264,18478.18128672214,18547.273711729977,1204.4815863187494
2023-01-20 00:30:00,18548.63043810129,18590.218603755802,18485.07110283137,18550.13846673501,999.7092159158151
2023-01-20 00:45:00,18544.049118224044,18562.1862618718,18474.571228506327,18523.88953997107,640.4392685498034
2023-01-20 01:00:00,18526.029000239178,18535.665678081954,18507.19220476809,18520.2492812695,586.1328103620924
2023-01-20 01:15:00,18516.546653258196,18529.705569823407,18457.134990259416,18488.77870429142,741.2965621703121
2023-01-20 01:30:00,18482.890794778334,18521.852461864455,18456.176557550225,18485.817666973533,675.9711755432791
2023-01-20 01:45:00,18485.60217865713,18524.414845427953,18438.610735830007,18483.820830264187,662.9810277439075
2023-01-20 02:00:00,18499.087234456118,18499.087234456118,18425.794608139124,18480.250616515605,1476.0806862136465
2023-01-20 02:15:00,18475.431431805187,18545.321536065054,18398.498657869575,18464.26288966897,782.1937844337964
2023-01-20 02:30:00,18461.738172124537,18500.573771452557,18450.79594624264,18475.583019778427,569.9572204934798
2023-01-20 02:45:00,18476.84699627759,18505.543127159817,18451.47579057324,18480.670620916047,669.5036331809096
2023-01-20 03:00:00,18480.784369344958,18480.784369344958,18418.738221565673,18464.656553390218,554.6288265377837
2023-01-20 03:15:00,18469.558453552876,18478.382834558728,18421.315818669675,18466.538401881568,625.9536284669332
2023-01-20 03:30:00,18473.576194914953,18538.941450569426,18428.500135680788,18484.386989449307,564.7772563730163
2023-01-20 03:45:00,18478.46049306957,18529.038353999986,18439.627315717975,18487.855433574077,543.21107441378
2023-01-20 04:00:00,18478.453653949462,18484.808868525917,18414.231953767983,18461.984627812857,1096.8030122628902
2023-01-20 04:15:00,18461.601789408258,18476.2975768514,18434.350559862403,18449.715293783924,648.4824380253596
2023-01-20 04:30:00,18450.356082602266,18463.545936288356,18392.129234570155,18416.87992759494,666.6468380781895
2023-01-20 04:45:00,18413.079463270013,18451.418829251732,18387.677570287724,18429.14244425425,585.2429503803959
2023-01-20 05:00:00,18431.01530255897,18448.683663683147,18407.688430166676,18431.493410520052,997.2227849511856
2023-01-20 05:15:00,18433.859714562703,18463.018228536246,18419.622570442327,18432.662271236182,721.5292861298954
2023-01-20 05:30:00,18439.57996046382,18502.814059129007,18425.01288465369,18450.746956777322,571.4853252049529
2023-01-20 05:45:00,18450.919504490226,18485.71428735014,18421.530609837682,18448.144554099363,1171.0923948181774
2023-01-20 06:00:00,18446.811413839576,18512.41716518638,18426.635920675555,18443.619961573855,709.5840911279436
2023-01-20 06:15:00,18455.19386523563,18469.667152381004,18424.802841985882,18441.43572123186,533.0880059907828
2023-01-20 06:30:00,18435.351011122028,18547.265410192867,18428.98910220917,18455.902837046153,1310.6189260570168
2023-01-20 06:45:00,18459.6131332639,18516.04455863153,18459.6131332639,18495.339498396406,757.666751151662
2023-01-20 07:00:00,18493.430100018726,18521.493246239108,18455.132664949826,18504.660534713425,814.5861803381871
2023-01-20 07:15:00,18493.727481193022,18568.135179808185,18462.90278955276,18520.62214372617,629.0409704518509
2023-01-20 07:30:00,18519.024311486708,18520.187200034918,18482.677358329835,18505.319314413053,561.3694669065954
2023-01-20 07:45:00,18503.750011252112,18519.822219915408,18426.723576868644,18490.04706309441,1147.8001134018239
2023-01-20 08:00:00,18489.260895693653,18517.173431278563,18489.260895693653,18504.811365838625,609.5003144542986
2023-01-20 08:15:00,18508.089357806173,18531.796896622425,18445.348470850065,18482.52896174609,795.977818496309
2023-01-20 08:30:00,18478.41480452454,18522.013479845147,18443.5228536069,18475.34674638295,796.5631132257502
2023-01-20 08:45:00,18462.955240750678,18544.76674822115,18462.955240750678,18483.64530144705,632.2092060309524
2023-01-20 09:00:00,18478.927867956267,18571.52430255529,18478.927867956267,18528.414258367102,899.7442398771271
2023-01-20 09:15:00,18526.649731486283,18532.81720310374,18500.17562559475,18519.547410920688,741.2956302066799
2023-01-20 09:30:00,18524.99581311239,18530.230704467136,18440.613232089097,18482.110371528805,685.4679368074658
2023-01-20 09:45:00,18481.909834538063,18514.723230849144,18481.909834538063,18495.34951164655,948.338002485619
2023-01-20 10:00:00,18502.74644759072,18558.526147693203,18494.40982509062,18516.43342968923,1078.8387747375791
2023-01-20 10:15:00,18515.63126318431,18599.260975310233,18488.30798656396,18548.682650685092,1866.0875593570602
2023-01-20 10:30:00,18551.717241185666,18568.580104918252,18538.739498489165,18557.19159234789,816.8448454216797
2023-01-20 10:45:00,18557.720647588805,18591.79874013334,18513.031266235223,18543.270024849226,744.8627194105254
2023-01-20 11:00:00,18540.532845644804,18578.61767479968,18464.1607109368,18529.236786278118,641.8392161907409
2023-01-20 11:15:00,18525.05017587704,18534.759650675434,18479.04517061675,18521.72461032355,605.3174454989417
2023-01-20 11:30:00,18519.74764743483,18621.94158389485,18477.29434439984,18512.110550667854,2131.525326848963
2023-01-20 11:45:00,18506.89999359403,18552.29197899496,18464.158195386455,18509.31450791624,1136.6814154792012
2023-01-20 12:00:00,18513.77197152705,18513.908880045885,18472.18910981205,18492.80585346749,545.0525496111176
2023-01-20 12:15:00,18487.509245402864,18542.43799529931,18442.68402177478,18476.114227126785,562.6580095007479
2023-01-20 12:30:00,18469.27342664935,18496.15832242309,18459.19937158974,18480.82456469718,514.5928769746482
2023-01-20 12:45:00,18492.581114150616,18588.197011474593,18468.071809986,18483.44263959466,952.7306438143478
2023-01-20 13:00:00,18475.87219170231,18527.12587369103,18462.033643489733,18508.699271834557,905.2911044650468
2023-01-20 13:15:00,18499.995256868468,18533.866285288652,18474.897630328447,18517.706572699735,548.5166015174688
2023-01-20 13:30:00,18516.87723904094,18538.834211802885,18499.041145175266,18518.324611253633,1111.7161896838963
2023-01-20 13:45:00,18519.24634777545,18549.884607520988,18460.887179740712,18534.224090487274,886.9987916392175
2023-01-20 14:00:00,18540.721985176137,18550.50877285522,18500.538845942898,18524.70745198522,647.0222206211106
2023-01-20 14:15:00,18522.801471168033,18584.404095693186,18472.867616669148,18508.71268177519,664.4146779821101
2023-01-20 14:30:00,18504.406473189065,18595.53816302132,18485.169014912095,18519.94086183902,1331.5749561619173
2023-01-20 14:45:00,18519.59781575829,18583.726473396455,18468.355628297428,18519.68761135031,720.205165201689
2023-01-20 15:00:00,18518.39326546897,18545.069823739133,18479.685870049187,18531.062331846406,572.4341066583734
2023-01-20 15:15:00,18544.508608541662,18588.541934752564,18507.703373372242,18534.460905567477,628.6117060553629
2023-01-20 15:30:00,18528.44624031598,18595.732055883524,18452.040193143563,18538.31204297921,1166.6155132278016
2023-01-20 15:45:00,18529.48668447342,18573.879925183308,18514.952267244284,18544.50133573728,745.2800347321399
2023-01-20 16:00:00,18545.07043003946,18552.054821787828,18509.08033017933,18532.818588201237,755.547039717888
2023-01-20 16:15:00,18525.346598236687,18566.232862832763,18519.450740123993,18540.672587210473,1281.8528586796022
2023-01-20 16:30:00,18545.868940927205,18586.77356507124,18467.662080523995,18541.55134177013,883.2964283301623
2023-01-20 16:45:00,18543.17961386439,18634.782500020705,18476.000714421738,18562.849088213166,684.3776865342054
2023-01-20 17:00:00,18550.611983375093,18590.418738178698,18490.093678956262,18558.11527931741,2241.140888184036
2023-01-20 17:15:00,18554.237122555296,18587.504910175736,18530.889948443564,18564.306938943366,655.9597517149035
2023-01-20 17:30:00,18563.855526439136,18621.03444086618,18499.027432296345,18542.33103990266,716.6068807393652
2023-01-20 17:45:00,18544.290268303797,18559.612068964903,18508.754279734767,18535.305577709147,981.5354355368371
2023-01-20 18:00:00,18537.783680637272,18584.68235688084,18532.04600971477,18561.910679046206,813.0870660468998
2023-01-20 18:15:00,18563.250441781056,18563.250441781056,18527.992168270044,18540.940676746486,614.5615386712985
2023-01-20 18:30:00,18538.966226959114,18584.89198376088,18498.97062047071,18517.182033153527,650.1651496715515
2023-01-20 18:45:00,18523.521533772593,18535.013901856462,18500.92313299591,18519.38747173392,750.3123104475183
2023-01-20 19:00:00,18517.66019643887,18554.80099007511,18473.14411256775,18508.558386691875,734.5700224417343
2023-01-20 19:15:00,18505.159444604385,18514.58890090148,18464.65101641464,18497.082215431663,1206.548925035777
2023-01-20 19:30:00,18495.411717687784,18534.93381888833,18451.369052703478,18511.770582218203,726.1255212988217
2023-01-20 19:45:00,18508.938252404583,18520.855517528125,18460.492653960784,18501.821651318354,1032.6025022505887
2023-01-20 20:00:00,18508.457705206027,18530.534157860235,18471.75989008328,18508.375258547123,673.4653406485492
2023-01-20 20:15:00,18503.8436502184,18583.38345116755,18473.36377650001,18508.29549601263,619.7117644215618
2023-01-20 20:30:00,18503.237502447464,18529.797625317744,18450.443702675075,18493.879853346625,1042.706502123247
2023-01-20 20:45:00,18504.10440926651,18578.314235027032,18447.265633319297,18508.284491986004,572.7715385605728
2023-01-20 21:00:00,18513.8946027963,18563.965798265388,18436.727963615762,18495.721680035374,1137.8280509627305
2023-01-20 21:15:00,18495.334903729974,18529.84004264362,18460.850505528106,18476.87906811926,962.398293536232
2023-01-20 21:30:00,18487.837048765254,18487.837048765254,18416.80658108477,18444.851255542046,799.655460360497
2023-01-20 21:45:00,18449.681717403062,18493.719874013146,18425.469874138344,18447.359710746958,516.7596577698909
2023-01-20 22:00:00,18449.38590294378,18492.825175203365,18429.946459753275,18456.480287820406,1766.6865209946957
2023-01-20 22:15:00,18460.92717597845,18477.762115766716,18401.63813293027,18445.446072128037,662.0702900958461
2023-01-20 22:30:00,18442.604237614465,18475.413281236888,18410.076483043922,18451.42197620542,558.1697025997306
2023-01-20 22:45:00,18464.02582343793,18469.261277773792,18436.756579177887,18455.96424139086,685.4139132306972
2023-01-20 23:00:00,18460.686246542493,18533.255518608512,18385.04809202339,18451.024337757637,612.386197838743
2023-01-20 23:15:00,18448.260755122694,18496.90915305215,18448.260755122694,18472.21715016789,565.4182922242517
2023-01-20 23:30:00,18462.382186912753,18543.073096187294,18462.382186912753,18489.700597720017,892.7597040679958
2023-01-20 23:45:00,18496.829132630563,18510.416195726342,18465.625618215625,18485.926793131915,1079.536267895686
2023-01-21 00:00:00,18480.479166170193,18520.158896213656,18399.117684868837,18491.51831567903,716.2914173797029
2023-01-21 00:15:00,18490.530789882643,18543.5975747896,18485.985254600942,18504.885301947852,641.1435639097409
2023-01-21 00:30:00,18503.896132982638,18563.69813233678,18460.576439936376,18521.462994881647,964.8080791744799
2023-01-21 00:45:00,18524.40119983799,18559.312400500294,18467.047008123063,18516.55959601998,580.0090278345247
2023-01-21 01:00:00,18512.940379567626,18591.760660873442,18498.718494797584,18517.98242656222,992.7928320184924
2023-01-21 01:15:00,18525.655383701644,18534.52476668312,18492.89035554555,18514.96909889841,768.9752714328234
2023-01-21 01:30:00,18514.331162237948,18558.897259200236,18406.64966817518,18519.96907616125,615.1997427527048
2023-01-21 01:45:00,18520.98277103577,18561.78848534759,18479.68957134398,18530.684016532905,709.0428724990383
2023-01-21 02:00:00,18540.234090244525,18540.234090244525,18453.955536102658,18520.443824290804,1084.5158612908688
2023-01-21 02:15:00,18516.69414268088,18524.316811873883,18484.334232307076,18498.499466117904,1084.0690548961454
2023-01-21 02:30:00,18498.904500337827,18519.607343339925,18441.047262790937,18476.05586026485,691.5745559371237
2023-01-21 02:45:00,18475.360362012976,18523.707246208167,18473.107606342364,18486.770504099528,890.1963414897571
2023-01-21 03:00:00,18493.987305161587,18505.790965811764,18445.858247593842,18481.77088167172,847.8068668160707
2023-01-21 03:15:00,18493.368150137365,18518.300336675453,18403.17048886307,18480.26186673026,714.432781184071
2023-01-21 03:30:00,18479.154132312047,18522.64214779072,18457.897800930543,18479.048971234824,615.2813262958972
2023-01-21 03:45:00,18483.526515299225,18517.864700436232,18445.789225842414,18469.763037989298,1013.5573416328468
2023-01-21 04:00:00,18473.61724912035,18530.923219761702,18444.358156487906,18459.42461024248,1439.5219756346748
2023-01-21 04:15:00,18467.042199522086,18481.613464789152,18409.81033314707,18466.368609533485,977.904588405717
2023-01-21 04:30:00,18461.106438305156,18461.106438305156,18406.278903210532,18448.590733460256,1160.0717477660032
2023-01-21 04:45:00,18440.06017602441,18496.544656062713,18440.06017602441,18469.929703708232,833.4572278375796
2023-01-21 05:00:00,18464.649383483287,18525.083420591258,18405.765614403525,18473.97835597404,1089.4714337108683
2023-01-21 05:15:00,18473.22793462358,18512.770177741953,18415.05490154462,18468.492616374348,613.8422185101241
2023-01-21 05:30:00,18467.40483476375,18543.250343815598,18425.913783893986,18482.17339244687,872.6232313345713
2023-01-21 05:45:00,18487.850847935053,18494.176293034205,18460.241668150935,18471.39950340207,796.1272767217415
2023-01-21 06:00:00,18481.147737049418,18505.701774880486,18456.745535118072,18489.71907665618,636.6739067678119
2023-01-21 06:15:00,18493.179557076215,18528.690485806983,18459.414268243443,18488.777896145886,508.47367463477326
2023-01-21 06:30:00,18492.796658199746,18571.321402491274,18488.850906308533,18502.003105383155,905.6494210360745
2023-01-21 06:45:00,18498.022477922706,18555.106319913255,18441.495742914725,18508.287307446466,528.3405985809399
2023-01-21 07:00:00,18516.079218999697,18558.793100707284,18475.89950475148,18487.362620159063,886.1282155534354
2023-01-21 07:15:00,18483.859297220533,18512.754765391823,18427.877349652317,18498.31173737024,616.438493273879
2023-01-21 07:30:00,18496.889711739503,18496.889711739503,18441.55928574971,18466.579904815517,767.123559183859
2023-01-21 07:45:00,18474.78325573657,18475.439869248836,18433.812318354147,18459.632837254972,937.0000274387737
2023-01-21 08:00:00,18460.498909154863,18496.22961890459,18422.98183505329,18451.489764968734,822.2338316027109
2023-01-21 08:15:00,18456.97195707286,18456.97195707286,18370.022047885817,18416.819457309935,1284.3869979447484
2023-01-21 08:30:00,18416.217373020012,18464.81696559842,18395.72254564442,18432.214295280213,754.2741963028112
2023-01-21 08:45:00,18422.906504296017,18451.736547108834,18363.717168967443,18430.837556765982,586.3697802687342
2023-01-21 09:00:00,18433.475024752886,18489.06392895224,18418.21241074645,18440.622180211456,622.124258395225
2023-01-21 09:15:00,18435.442511923193,18459.80250393263,18402.92887002285,18425.991604829273,561.8077174583557
2023-01-21 09:30:00,18427.74854750904,18463.508945593112,18356.79076024017,18418.829105683486,1039.2047534759897
2023-01-21 09:45:00,18417.531511932477,18456.66239568142,18417.531511932477,18439.242906799424,634.4178214389168
2023-01-21 10:00:00,18439.093191288353,18469.525433476556,18385.12141428595,18435.210760796585,1921.4806751358103
2023-01-21 10:15:00,18432.686496615897,18472.64334095852,18405.682172000783,18431.104390615776,519.8646590218503
2023-01-21 10:30:00,18426.24224035793,18491.06842854424,18392.745577874357,18428.685066117047,913.3499382594208
2023-01-21 10:45:00,18429.47360741933,18449.00635590633,18391.049868366823,18409.72038825019,1167.7953629483193
2023-01-21 11:00:00,18413.350772293532,18485.031755475484,18402.91892189158,18431.758571039252,832.4964374551616
2023-01-21 11:15:00,18437.703307833526,18469.653322731636,18417.35181382444,18456.143641564668,1276.5658417486304
2023-01-21 11:30:00,18459.883445166844,18524.21328153198,18416.825981483496,18462.959610444555,632.6137563312808
2023-01-21 11:45:00,18460.971531684387,18474.781280927662,18411.507917519975,18454.831283298427,597.6371449283564
2023-01-21 12:00:00,18458.903384321962,18458.903384321962,18379.01326306987,18415.88482902148,1269.9540913620465
2023-01-21 12:15:00,18416.74570724242,18465.965357411937,18416.74570724242,18435.23400524504,2648.0935089748327
2023-01-21 12:30:00,18428.22190853911,18471.549703301873,18419.893808240362,18451.10086154829,897.4888667568341
2023-01-21 12:45:00,18452.596696135388,18464.746386739153,18376.131502863725,18420.140583262833,907.4959862530169
2023-01-21 13:00:00,18418.078430413207,18436.214267626397,18365.612905425984,18421.87919209169,683.5802615288533
2023-01-21 13:15:00,18416.591317631734,18446.494773883547,18389.761798437747,18430.092339795272,820.7330132656843
2023-01-21 13:30:00,18427.252346366407,18444.2322936094,18376.117753459675,18406.10396332788,616.271332815081
2023-01-21 13:45:00,18405.99893665797,18408.63614178558,18374.829537666054,18394.45030622704,595.6869329728321
2023-01-21 14:00:00,18391.10792299445,18441.321896740516,18387.94861713811,18411.777392238866,742.6961682465367
2023-01-21 14:15:00,18416.863139621637,18442.52153555682,18393.953895554205,18428.424276715177,735.7798172141944
2023-01-21 14:30:00,18434.632012583643,18446.486424625153,18379.436677622798,18415.818928289475,682.4130339125143
2023-01-21 14:45:00,18415.308714155075,18439.549801847625,18386.273317044754,18422.41844971397,753.2760341056013
2023-01-21 15:00:00,18417.7190377948,18444.14806164029,18364.360342383065,18401.295624504648,600.4412239141973
2023-01-21 15:15:00,18404.345353970468,18500.640070956953,18360.425354222338,18420.183426025702,579.6781053206494
2023-01-21 15:30:00,18426.800359291497,18486.517925112683,18363.474755596537,18405.517414996048,578.3842414705671
2023-01-21 15:45:00,18407.33818251784,18413.94343178425,18357.197246090353,18397.468872481375,1277.477852025539
2023-01-21 16:00:00,18397.329670244762,18432.438137994526,18385.329593689192,18401.67021100737,605.1692043033628
2023-01-21 16:15:00,18405.532104589118,18463.667968787144,18403.98007912943,18421.88781126805,923.1689203524408
2023-01-21 16:30:00,18423.802373818104,18507.60797883599,18417.054186167225,18478.133122272608,1617.2042216984012
2023-01-21 16:45:00,18479.472605514227,18508.680705263756,18460.17857023487,18495.974343980943,782.0232987629166
2023-01-21 17:00:00,18491.862694273248,18573.047181273767,18468.911969727338,18503.149548304413,649.7930789323525
2023-01-21 17:15:00,18505.163379923102,18536.257962576285,18460.308099107282,18493.750666761385,626.7252447236255
2023-01-21 17:30:00,18495.74921620767,18495.74921620767,18417.29391860757,18481.744827292045,759.9315044760576
2023-01-21 17:45:00,18483.864293334227,18491.97086537625,18391.312033609982,18473.714316504833,1007.7474360607029
2023-01-21 18:00:00,18479.972877302527,18501.497472475032,18417.952207725648,18461.473217780873,704.9936654997143
2023-01-21 18:15:00,18460.08013204941,18484.086048900084,18414.96224899615,18459.266855483325,661.7351844900847
2023-01-21 18:30:00,18465.52713699798,18524.912083305673,18443.47270843572,18473.828413588843,888.3961115841197
2023-01-21 18:45:00,18469.854698753657,18578.721329211974,18448.11147045856,18485.2466774764,618.6990117379801
2023-01-21 19:00:00,18484.013260753978,18509.708999972616,18399.125764370325,18472.23676009684,608.050554192661
2023-01-21 19:15:00,18469.026013790557,18508.517187578036,18465.4332389117,18495.222800802127,610.9650538513616
2023-01-21 19:30:00,18491.15816930172,18512.143454544013,18462.556711415928,18485.890783987677,551.6151240145293
2023-01-21 19:45:00,18487.22068119136,18564.20367960279,18365.317223343107,18472.93856812507,603.30783362254
2023-01-21 20:00:00,18470.771532447226,18476.95980661769,18426.525008362827,18460.84310734871,628.7679718365897
2023-01-21 20:15:00,18460.255945691966,18531.26140942319,18460.255945691966,18475.393885633996,1479.247767289036
2023-01-21 20:30:00,18475.654687509752,18552.40656450601,18449.495759955636,18495.361996180043,614.0770027393196
2023-01-21 20:45:00,18495.178393830145,18547.30428170422,18482.81716282757,18525.602579941547,1006.1898670856029
2023-01-21 21:00:00,18532.778729377962,18573.86557255481,18501.628530214854,18521.763782226437,627.4980966026867
2023-01-21 21:15:00,18525.79450618595,18551.49057106855,18513.498145662998,18535.469505229772,760.6881224045143
2023-01-21 21:30:00,18528.37656057662,18576.645032180113,18493.895568210435,18527.55924652005,616.0741886032758
2023-01-21 21:45:00,18519.255453902737,18552.234730136264,18467.668448487326,18520.419942945267,860.1880232868755
2023-01-21 22:00:00,18520.95472539153,18574.509558170957,18466.949239272104,18520.015501049253,748.5656789665635
2023-01-21 22:15:00,18522.30947734151,18574.73591658595,18487.996178664456,18523.173134492743,590.5833276647039
2023-01-21 22:30:00,18513.977789311975,18578.958791624205,18513.977789311975,18547.547979058807,809.938304695956
2023-01-21 22:45:00,18539.050185453452,18598.652082402125,18539.050185453452,18559.764844232188,950.1960233398141
2023-01-21 23:00:00,18571.45195931341,18631.449391344617,18544.429909245704,18562.947057341324,1374.0998569433973
2023-01-21 23:15:00,18570.327080027222,18570.327080027222,18499.739453693026,18540.607123873346,903.1008238657859
2023-01-21 23:30:00,18543.738289550427,18564.651128776786,18528.875058291993,18552.514267144983,690.7456529666053
2023-01-21 23:45:00,18558.06129714212,18612.82269061778,18556.568273730732,18582.460253233243,918.5162217461051
2023-01-22 00:00:00,18589.001408309636,18608.07213909566,18567.982430128697,18581.727445385328,588.9722863861059
2023-01-22 00:15:00,18577.642075303887,18590.480841444794,18520.8987226207,18562.245660578996,584.0027672870153
2023-01-22 00:30:00,18565.678702502406,18582.775708182286,18536.311055305327,18562.253238095087,868.6582591359298
2023-01-22 00:45:00,18549.038753971465,18600.462603221094,18502.949877505835,18553.781023148847,1105.0729016589937
2023-01-22 01:00:00,18562.117676207185,18644.11531730854,18537.937073907327,18553.415598606312,728.173530797774
2023-01-22 01:15:00,18566.152214740334,18610.756493714118,18507.302673382124,18557.52802800178,547.6049143689406
2023-01-22 01:30:00,18558.15810037934,18642.576493180455,18503.378016391984,18558.55168332125,827.9267105687701
2023-01-22 01:45:00,18557.012222779045,18565.68372707116,18519.227851063115,18532.190365100327,1451.5860697773878
2023-01-22 02:00:00,18538.183580970755,18560.77194848951,18454.834359115903,18519.40768337233,535.1934055890114
2023-01-22 02:15:00,18538.502928292288,18541.729637337725,18473.296348310854,18513.291745810388,771.6030893803734
2023-01-22 02:30:00,18515.54101665453,18527.999923562355,18455.280434842298,18510.0897558663,626.7757851461441
2023-01-22 02:45:00,18517.45095990324,18532.853505527582,18500.564417950318,18515.38050359721,537.9968176206365
2023-01-22 03:00:00,18507.31197832736,18550.30608706926,18459.021232705814,18504.10274379487,708.1440456124321
2023-01-22 03:15:00,18507.15710805826,18509.128339869054,18431.155297407655,18495.782925026455,986.2684055730017
2023-01-22 03:30:00,18490.498974391307,18529.071563219368,18452.24932670402,18470.870418401057,838.1993130900904
2023-01-22 03:45:00,18474.225232904508,18505.84979499375,18341.669166686,18451.135777850675,616.9351052345363
2023-01-22 04:00:00,18445.607831281934,18465.222749190918,18426.252175489495,18452.669324018792,568.7686682135638
2023-01-22 04:15:00,18451.8570517895,18497.127304717935,18435.802861908942,18447.835674324753,695.5834269177146
2023-01-22 04:30:00,18444.09788132306,18501.026226070884,18409.46447691907,18473.061830535218,606.909955775035
2023-01-22 04:45:00,18474.368419479688,18550.785037951446,18398.505683480176,18482.37925299197,1289.098990755819
2023-01-22 05:00:00,18487.9809562496,18553.619528165476,18416.617040905403,18480.291804767257,931.7733773120369
2023-01-22 05:15:00,18486.753006034374,18526.4183102012,18457.029320474783,18498.24218245099,794.7766772072503
2023-01-22 05:30:00,18499.811035456594,18568.67007887908,18421.308967516426,18495.583453615225,762.6450858626642
2023-01-22 05:45:00,18489.119739707898,18595.33976955075,18459.123794406318,18506.832471776597,623.4382439290414
2023-01-22 06:00:00,18507.29778216735,18546.277369753956,18486.345846267697,18517.056589037118,830.1773386948835
2023-01-22 06:15:00,18514.980218764857,18583.629768996503,18514.980218764857,18552.577485306145,680.7318610578977
2023-01-22 06:30:00,18553.949441909597,18609.47062568007,18453.449746947368,18547.01692886607,741.7455601794139
2023-01-22 06:45:00,18548.501349123308,18548.501349123308,18490.271427094747,18515.759587456203,644.9050762179392
2023-01-22 07:00:00,18503.566934465893,18543.721260891376,18493.221410916754,18519.426437520826,569.8481274858582
2023-01-22 07:15:00,18518.97469183078,18523.78217283914,18412.676874219647,18509.875211549992,652.8948287920592
2023-01-22 07:30:00,18509.123033611042,18546.399628906936,18491.553270986762,18528.949406512893,875.8732566768123
2023-01-22 07:45:00,18534.510400367817,18556.61751059616,18499.70396598988,18517.546898895398,648.6333444344478
2023-01-22 08:00:00,18523.483079644575,18546.622471164257,18479.19536297822,18500.59483850355,755.6292168121716
2023-01-22 08:15:00,18499.225333455524,18531.272480901647,18479.777951165426,18498.904279564747,509.4647759231531
2023-01-22 08:30:00,18501.24121426487,18540.550959655793,18484.5381446614,18506.300867632504,969.3081512954944
2023-01-22 08:45:00,18513.042035657003,18545.93998683848,18468.282288850005,18487.876441889217,894.310390758178
2023-01-22 09:00:00,18495.969110923834,18504.8842603528,18452.523088923663,18478.41203191792,874.9613610880097
2023-01-22 09:15:00,18477.652297706834,18503.402178328724,18396.33132925695,18458.428988797437,620.7945850125637
2023-01-22 09:30:00,18459.79274774495,18543.295191764715,18456.981112274174,18488.48885534477,585.7747348259222
2023-01-22 09:45:00,18487.530249912517,18499.056563421374,18444.2251285218,18461.279671935245,625.0104078542275
2023-01-22 10:00:00,18457.589678906366,18487.17535006396,18453.378956678003,18466.162900536634,768.2576147179329
2023-01-22 10:15:00,18479.61971324926,18514.76034113943,18469.62441991738,18503.29044234608,1366.575716799456
2023-01-22 10:30:00,18503.80027160104,18534.61081933384,18441.838083939474,18464.22294985024,1240.6591272723049
2023-01-22 10:45:00,18454.56114842621,18479.7698078408,18416.55223654704,18458.116203976948,519.0582780876805
2023-01-22 11:00:00,18458.536578623272,18469.47854521115,18364.80571908115,18432.908066832202,618.9262422639243
2023-01-22 11:15:00,18432.0280875301,18439.773687646957,18381.35921526564,18421.635672486405,754.3257025120294
2023-01-22 11:30:00,18421.40936785928,18514.10889314198,18392.504939582494,18425.209783784103,657.1613209687057
2023-01-22 11:45:00,18420.37323410742,18497.09799978729,18393.90972938509,18431.51608533526,811.1788766148816
2023-01-22 12:00:00,18429.551219489542,18497.90326694672,18401.252288419055,18433.31823114269,856.6090466731667
2023-01-22 12:15:00,18441.130339252213,18466.959985029116,18403.0235445539,18415.897897375467,584.7412040468008
2023-01-22 12:30:00,18407.011514472655,18467.04542368371,18407.011514472655,18437.419734535506,990.9678907519566
2023-01-22 12:45:00,18428.169034410468,18483.039714633433,18428.169034410468,18470.02195961203,758.347179358812
2023-01-22 13:00:00,18468.91925161595,18514.707513051864,18464.29519494486,18490.85050685378,815.1769682684755
2023-01-22 13:15:00,18494.831014925585,18494.831014925585,18393.2828907536,18469.316774812145,1332.1970364210965
2023-01-22 13:30:00,18469.210056680786,18543.95999264522,18450.06108121363,18486.33969046948,590.3661364921638
2023-01-22 13:45:00,18482.801020113173,18497.928031669497,18454.977606629844,18485.811853314477,783.2711922209904
2023-01-22 14:00:00,18488.14826368274,18521.074021297765,18451.71500956131,18471.28684517514,610.793930300698
2023-01-22 14:15:00,18477.361625356843,18481.22112254487,18430.995423611468,18469.432121968035,598.3071468802074
2023-01-22 14:30:00,18472.50473012908,18530.691457461086,18472.50473012908,18513.20597493987,875.5235907990237
2023-01-22 14:45:00,18517.894010214703,18528.730062014456,18452.182096044067,18493.06458734872,995.7715749150345
2023-01-22 15:00:00,18494.143147000672,18537.458289240134,18446.97058507072,18479.446544179063,1618.144527877777
2023-01-22 15:15:00,18478.399251469553,18510.90037421436,18442.828565031625,18484.199780761042,1213.3866258516398
2023-01-22 15:30:00,18488.11185394617,18531.641080820602,18433.102243806363,18472.836948886255,618.2656125007886
2023-01-22 15:45:00,18478.06184518873,18596.13950553005,18463.535866679533,18502.898475874234,730.2232233842512
2023-01-22 16:00:00,18507.38848156022,18578.935228812566,18403.59724112539,18520.77329380935,727.9048463293468
2023-01-22 16:15:00,18515.184842479313,18528.787780845276,18467.086605839497,18511.689234081055,567.931415559299
2023-01-22 16:30:00,18513.895136534888,18522.66035619947,18441.499251852645,18501.937435109263,666.5815210703189
2023-01-22 16:45:00,18499.129606257422,18551.010570984494,18444.06069625296,18502.762274919045,664.621541683835
2023-01-22 17:00:00,18503.267812041973,18522.538028168223,18428.966226556324,18488.841390514062,2147.4978194506484
2023-01-22 17:15:00,18487.061006255146,18487.061006255146,18419.25372463839,18463.518046754307,1173.7580848944144
2023-01-22 17:30:00,18465.728046033197,18475.49789333165,18426.250470386356,18462.756044279613,521.0820190416113
2023-01-22 17:45:00,18465.79686222633,18465.79686222633,18419.476566618687,18444.292592408583,655.326318745141
2023-01-22 18:00:00,18459.27590481274,18492.802619700273,18355.726085619484,18436.79344085827,1565.1121720462475
2023-01-22 18:15:00,18437.17987896198,18457.772198515242,18411.955565274857,18423.436978857975,558.7412210441549
2023-01-22 18:30:00,18423.942985159163,18472.46236640238,18398.53990633598,18430.312645749258,1322.925806005405
2023-01-22 18:45:00,18443.916874416835,18490.705999725757,18406.95220101289,18437.445083070015,1013.5401172940022
2023-01-22 19:00:00,18435.452395359152,18500.804484288576,18433.141428631054,18444.326775767233,791.9900582241866
2023-01-22 19:15:00,18445.356968408905,18503.758799719533,18435.232727415452,18474.81743019945,715.0832643833081
2023-01-22 19:30:00,18469.571104935752,18491.978975597776,18436.92703901434,18462.650367652153,626.1942552011086
2023-01-22 19:45:00,18465.750792626222,18538.822591184216,18425.40434867678,18465.360305797425,524.2307398881388
2023-01-22 20:00:00,18468.670566970657,18541.984111955473,18404.05708592736,18462.90819303749,516.7593316712965
2023-01-22 20:15:00,18452.511355645176,18495.868673869187,18416.29723355332,18478.21471067077,1015.2527191536743
2023-01-22 20:30:00,18475.566934873324,18563.593425964806,18475.566934873324,18519.405723108608,659.6623304315199
2023-01-22 20:45:00,18524.783581214535,18601.01733231586,18516.35463778544,18542.785815926392,622.8037850603249
2023-01-22 21:00:00,18544.460773343326,18592.814127559894,18477.211127797225,18530.809218503597,1007.9665320947188
2023-01-22 21:15:00,18524.385795112637,18564.696900105737,18524.385795112637,18552.505909435637,746.8616883170872
2023-01-22 21:30:00,18549.692248311378,18587.666819938524,18497.0947401567,18523.628192897788,844.8146540933154
2023-01-22 21:45:00,18531.070422422683,18569.224856688576,18501.373718692997,18523.50419849532,550.0599982483639
2023-01-22 22:00:00,18520.867246817535,18605.98780984077,18520.867246817535,18551.715025146386,585.3703964774595
2023-01-22 22:15:00,18547.07200476251,18567.796662066612,18483.92432363959,18554.129567019434,549.1344582480652
2023-01-22 22:30:00,18555.119011717637,18630.05169302706,18503.48613675737,18564.884640135468,553.5933101461663
2023-01-22 22:45:00,18566.83800021178,18589.49174125444,18553.602997704063,18570.351965760536,1293.657547701036
2023-01-22 23:00:00,18563.524437037748,18643.566382471126,18525.849181093196,18573.270743980887,800.4227455258041
2023-01-22 23:15:00,18575.596538518254,18621.156790456953,18573.129828764435,18587.06864818583,603.6849873468309
2023-01-22 23:30:00,18576.330917475163,18654.938658682855,18575.807910626445,18593.282546337305,590.0542613250457
2023-01-22 23:45:00,18591.514613627496,18632.217948718207,18517.726815113965,18596.036681337857,1089.0274062552983
2023-01-23 00:00:00,18595.179078776895,18627.955311983875,18540.851175914646,18606.754833371393,1500.993223994134
2023-01-23 00:15:00,18599.018493302472,18636.110261142872,18565.35726444607,18608.79145523168,1366.5893813643333
2023-01-23 00:30:00,18609.1861579969,18659.48595618807,18558.212086433017,18626.00241340349,1096.9217081750414
2023-01-23 00:45:00,18628.81669876095,18659.529446703793,18611.275718797813,18622.621037451532,618.8098442361568
2023-01-23 01:00:00,18620.619653461872,18636.90281109655,18570.379137555286,18611.613376788697,915.0703356412632
2023-01-23 01:15:00,18605.79540649413,18632.24191436796,18564.75890497616,18619.455860524973,680.4143361925314
2023-01-23 01:30:00,18617.048431403,18652.065964626316,18554.54928160141,18600.418137546858,569.5032345146453
2023-01-23 01:45:00,18600.765960846784,18669.043129811194,18582.253582338883,18604.69127859982,520.5233156658566
2023-01-23 02:00:00,18602.708401291555,18667.472608105916,18562.339785600954,18609.933245222634,1693.7057703686885
2023-01-23 02:15:00,18607.729042711293,18629.846036237683,18586.343721941255,18604.31148788649,686.5029280825195
2023-01-23 02:30:00,18599.320865275105,18671.2392353245,18558.439332477854,18608.86176243241,635.6407137907989
2023-01-23 02:45:00,18607.81170532337,18646.829834569915,18564.241888717046,18600.66088027793,699.8941208873055
2023-01-23 03:00:00,18604.281646413077,18650.30516845208,18583.65706574292,18617.95088957427,788.195759705224
2023-01-23 03:15:00,18621.57502918916,18648.385892578663,18537.84950195782,18626.65212763496,657.8562660120883
2023-01-23 03:30:00,18625.825739788852,18667.030272128963,18619.55134488422,18632.092699493627,712.2546627135505
2023-01-23 03:45:00,18633.052071723032,18737.389469770038,18595.191154580938,18678.736023242633,1625.3872599280746
2023-01-23 04:00:00,18677.492218207848,18684.479852831515,18635.84819708773,18653.92710154793,578.5672223678922
2023-01-23 04:15:00,18653.838213710733,18701.450628173203,18653.19373541491,18665.71224960151,1251.4668981717155
2023-01-23 04:30:00,18665.682558582175,18697.825509630657,18591.070960815883,18648.623234072296,1517.2992832455793
2023-01-23 04:45:00,18659.264290948304,18695.472866052634,18628.89626519489,18671.643082196362,1089.7104731689733
2023-01-23 05:00:00,18669.325124577852,18699.037791988085,18615.82267798602,18676.931214257107,1025.775611236239
2023-01-23 05:15:00,18674.654238479616,18678.63482285876,18576.94212602356,18660.63492438898,1243.1448752500448
2023-01-23 05:30:00,18666.1102467076,18711.544706051103,18628.89863850167,18659.734996768068,673.1336979399455
2023-01-23 05:45:00,18649.61305400576,18693.99344409163,18632.14309063026,18671.211846465456,917.2953204601391
2023-01-23 06:00:00,18674.46802127313,18743.388966458708,18633.112560011043,18670.963394155984,895.6629340136604
2023-01-23 06:15:00,18675.538603970792,18694.033876710386,18606.399600241704,18673.100295292763,852.5956085667775
2023-01-23 06:30:00,18679.466087779296,18695.287196294405,18662.60131960287,18683.734238246452,1221.4281473173762
2023-01-23 06:45:00,18673.066896273907,18753.896742919427,18656.7081118823,18693.485217645295,1402.0157643661787
2023-01-23 07:00:00,18684.890552390636,18688.993031366397,18639.241857826873,18669.363203242196,769.0570703132722
2023-01-23 07:15:00,18676.003435781302,18714.317373189668,18625.33348882088,18676.696177745278,965.4753863552257
2023-01-23 07:30:00,18670.81858089958,18688.637603547744,18637.660283674242,18673.652260587158,548.0165989721833
2023-01-23 07:45:00,18679.447814503856,18698.394348380003,18602.35898916894,18648.61349528314,751.7874677655813
2023-01-23 08:00:00,18660.906925852356,18683.87088146596,18622.41888557111,18652.60369503836,1357.3600591275397
2023-01-23 08:15:00,18653.915075680958,18700.911656385597,18620.602282904227,18642.159203621453,750.2229824650311
2023-01-23 08:30:00,18631.36585477842,18682.755433910617,18617.788941990344,18650.16110751689,542.350123181082
2023-01-23 08:45:00,18652.2482574109,18726.233375771277,18595.874984305832,18645.905789926524,1210.481834101056
2023-01-23 09:00:00,18638.707742112194,18662.36244686681,18630.28917990699,18648.137828043717,885.4333025621347
2023-01-23 09:15:00,18644.03350433809,18681.294355599635,18638.663675163665,18656.503764555662,775.4759076926551
2023-01-23 09:30:00,18652.060524765442,18708.86501321083,18595.823726757233,18653.12903427195,775.2317446122144
2023-01-23 09:45:00,18656.215017092443,18670.45986335252,18636.643730292024,18653.34644485418,513.5084386132693
2023-01-23 10:00:00,18653.97032740178,18654.49022004465,18622.65768805487,18640.690719586433,930.3386922714699
2023-01-23 10:15:00,18641.36904190182,18690.544542499116,18601.47902553339,18642.832711260813,989.25490421138
2023-01-23 10:30:00,18638.903447833836,18723.349403099306,18638.679374390085,18651.53668056822,721.097185919963
2023-01-23 10:45:00,18657.971519165872,18731.77775532561,18602.8298764812,18661.977169105405,646.3051389899814
2023-01-23 11:00:00,18671.264854138815,18700.376943458625,18635.62262328527,18675.06178696652,585.852887777814
2023-01-23 11:15:00,18670.715568715415,18706.487625538106,18670.715568715415,18690.438937179704,663.3401693783239
2023-01-23 11:30:00,18681.560081226067,18738.366191410223,18599.001921854586,18672.50689111275,1791.3970973787757
2023-01-23 11:45:00,18680.619319463465,18706.48387897485,18605.999290857057,18647.988363705634,1886.0258540131742
2023-01-23 12:00:00,18648.003049346753,18658.263994476056,18612.035989401895,18633.992589752073,1602.0346768681964
2023-01-23 12:15:00,18637.735137572647,18694.03983987851,18607.411267447766,18647.220828513386,624.6798728687327
2023-01-23 12:30:00,18648.089840552362,18714.845968678306,18562.696461411568,18656.392991032943,569.3968375489845
2023-01-23 12:45:00,18650.812351930785,18656.476321467708,18617.318081416473,18641.642162285236,666.4057182745084
2023-01-23 13:00:00,18645.806581529403,18645.806581529403,18554.99107544309,18603.91351963244,704.5240611045426
2023-01-23 13:15:00,18600.884505528895,18632.092519221827,18542.112362828182,18612.63999035821,541.0666924760121
2023-01-23 13:30:00,18606.80268742466,18645.49919576381,18566.214489516828,18616.004223526583,1058.1877001045136
2023-01-23 13:45:00,18628.870319801263,18646.299521212637,18608.221841072387,18623.797724511947,841.8379906198344
2023-01-23 14:00:00,18627.6619172821,18627.6619172821,18576.65035135212,18610.389637250122,632.4189296879626
2023-01-23 14:15:00,18618.92383714579,18661.037873593137,18587.25731212925,18628.44986542753,873.1646477681345
2023-01-23 14:30:00,18624.669701008675,18653.755633330642,18566.176417986495,18602.717562809903,963.0940454149869
2023-01-23 14:45:00,18602.542677926765,18640.375294892034,18590.7241549746,18607.11137985053,752.3297610339195
2023-01-23 15:00:00,18605.265841834836,18650.65964051177,18554.873991018754,18609.32253772666,657.7447480815188
2023-01-23 15:15:00,18608.183575403476,18649.604125579626,18586.204698773134,18599.922820731554,576.3255787546942
2023-01-23 15:30:00,18591.982008446717,18648.359938044632,18591.982008446717,18627.742556866404,1402.3271479958
2023-01-23 15:45:00,18629.726057178625,18657.311557742407,18541.07541464022,18622.834138061415,515.8567312181284
2023-01-23 16:00:00,18625.454206132694,18654.56770858323,18575.829128538775,18637.457993197357,621.0735387935306
2023-01-23 16:15:00,18633.771575123636,18671.121411286,18631.51426370623,18643.31724844612,743.9793882000179
2023-01-23 16:30:00,18649.84561384779,18673.482621993673,18598.194512804723,18624.007968634236,784.7966424917428
2023-01-23 16:45:00,18614.082259276347,18648.71153792838,18567.700234666936,18608.35578250447,569.7786263644946
2023-01-23 17:00:00,18603.828904628386,18653.556801548726,18594.05620956973,18614.62716786847,1526.6226635690682
2023-01-23 17:15:00,18613.519159589512,18653.323373645853,18579.38947888684,18596.891698740055,736.7035074726437
2023-01-23 17:30:00,18594.458336583935,18616.718040027758,18580.342523968844,18594.742274414115,1972.225129323383
2023-01-23 17:45:00,18597.389808992015,18657.584596537385,18574.81125618288,18590.94355990577,536.0778023950668
2023-01-23 18:00:00,18600.637127324866,18636.045438618872,18554.05355522584,18601.514360014065,878.665440493656
2023-01-23 18:15:00,18601.01683830251,18698.494089673353,18562.412233128147,18611.98734895503,1838.098929236923
2023-01-23 18:30:00,18609.46217880783,18631.692448650432,18557.631729879256,18614.07047660434,899.352878661903
2023-01-23 18:45:00,18619.65645133433,18661.76975917165,18613.057862480156,18625.51864733287,746.7755267951737
2023-01-23 19:00:00,18618.5045012102,18676.249878667153,18618.5045012102,18641.79080554172,1885.2039638359336
2023-01-23 19:15:00,18651.879709561115,18715.03342408238,18628.33975150825,18658.29909634563,1904.809970821094
2023-01-23 19:30:00,18657.44260507277,18694.672056665448,18627.215185298126,18665.494427221918,964.1605618482075
2023-01-23 19:45:00,18669.494298828133,18676.37369127907,18631.37559308236,18645.473295254294,562.0468259017679
2023-01-23 20:00:00,18642.164735079106,18718.66448958022,18633.98573218496,18655.065460841608,1228.3058023143615
2023-01-23 20:15:00,18649.858109281082,18677.797911669753,18633.602043058403,18664.745018835558,592.5420542659471
2023-01-23 20:30:00,18676.54136826836,18676.54136826836,18609.548326848024,18629.849617826883,722.8596617927602
2023-01-23 20:45:00,18627.62913878407,18627.62913878407,18576.186958828286,18598.541639091167,1154.6942059265186
2023-01-23 21:00:00,18594.728892203384,18603.48417775884,18544.14376860443,18587.87124403645,960.0901461697694
2023-01-23 21:15:00,18592.907040285092,18658.87099799343,18558.339705421033,18607.21168977743,684.1376443050066
2023-01-23 21:30:00,18614.27325996571,18628.316588184287,18563.470486142116,18596.92591182476,1939.213977648735
2023-01-23 21:45:00,18594.159266808183,18648.654531467575,18548.398263524297,18618.4119096776,703.0166040314231
2023-01-23 22:00:00,18619.073784060234,18689.216429821114,18612.87015677847,18634.26610965374,655.013240042679
2023-01-23 22:15:00,18620.930174515255,18665.901438126682,18620.930174515255,18634.26351981299,1307.7381955494136
2023-01-23 22:30:00,18636.85916932049,18682.734602670906,18603.392070883277,18644.72352773033,900.1969349201164
2023-01-23 22:45:00,18653.848881786238,18663.000384567396,18553.924097034578,18635.75471868812,664.6866852238945
2023-01-23 23:00:00,18635.656242241243,18684.845728722055,18624.082305949505,18640.242617596086,525.5326573933426
2023-01-23 23:15:00,18644.20138133554,18682.960583458273,18603.486686653963,18645.782218074233,805.7284655651001
2023-01-23 23:30:00,18635.684767483825,18674.613080002506,18589.00342119602,18644.623273549973,613.4906677366454
2023-01-23 23:45:00,18648.637719352464,18668.429310141382,18574.904085579015,18646.510022659848,950.7406205452561
2023-01-24 00:00:00,18652.525946377253,18697.510686336645,18543.460352494043,18632.820457151596,1137.782765983362
2023-01-24 00:15:00,18634.098200522258,18655.86812637892,18610.04978457687,18622.837379232747,624.9885229727146
2023-01-24 00:30:00,18620.04795045998,18620.04795045998,18548.693581234587,18591.840380434387,597.2149697834576
2023-01-24 00:45:00,18594.901457850476,18622.887641633126,18558.386530194075,18596.016149009352,713.3781542263572
2023-01-24 01:00:00,18589.049164447595,18620.176253711463,18554.44123301506,18598.311773778474,1242.867036162298
2023-01-24 01:15:00,18593.73966610036,18605.74659430183,18559.595822416984,18590.105269260817,806.2367831605836
2023-01-24 01:30:00,18585.29160467126,18626.13773283192,18555.067049535835,18610.893743499062,594.0794227066655
2023-01-24 01:45:00,18618.748763424403,18645.101432523985,18567.473513283177,18603.26264048455,621.8552525184991
2023-01-24 02:00:00,18603.633436808126,18706.39089096255,18555.247469951955,18621.017534673243,584.8355946080376
2023-01-24 02:15:00,18620.81833879732,18691.19477523294,18620.81833879732,18658.05682206941,1199.6139993685726
2023-01-24 02:30:00,18654.42291004399,18746.47412472901,18654.42291004399,18671.970459457065,1104.3547934739838
2023-01-24 02:45:00,18676.786242903774,18713.369411857333,18664.520563363334,18677.967201583426,876.3112210732529
2023-01-24 03:00:00,18680.1829582722,18696.351230014574,18640.91887964329,18681.120759016612,686.9309462722579
2023-01-24 03:15:00,18685.085356413227,18697.70820999257,18589.78779727773,18662.49361598105,628.9199340849467
2023-01-24 03:30:00,18653.482970943765,18687.374024735404,18652.419436218635,18665.208004678127,622.5871792476997
2023-01-24 03:45:00,18665.568077280604,18716.054319347364,18625.92715507882,18671.679559831697,710.0084940918579
2023-01-24 04:00:00,18681.410709788535,18743.63913195761,18681.410709788535,18721.968851670284,871.1339433263928
2023-01-24 04:15:00,18713.416506818376,18768.533283202334,18680.022371696512,18725.20179431042,648.6012822275056
2023-01-24 04:30:00,18732.163752452536,18747.859257255885,18703.07373509539,18728.45186164357,1615.5437481765775
2023-01-24 04:45:00,18739.470620909193,18761.96368659471,18667.427529643046,18733.078454583323,624.344667745135
2023-01-24 05:00:00,18724.941271176325,18724.941271176325,18683.677577863204,18710.453029366996,836.3377375516469
2023-01-24 05:15:00,18708.169182423822,18734.90502422,18674.70537393071,18701.648439160843,958.1748134391576
2023-01-24 05:30:00,18700.84548151582,18756.6512386797,18671.146869418822,18715.05133733255,690.4507465085231
2023-01-24 05:45:00,18720.838384912127,18756.604861686243,18712.736459945332,18726.34313626809,1044.4818045362774
2023-01-24 06:00:00,18724.755998541354,18724.755998541354,18625.848166275024,18682.662036312577,692.9865838484856
2023-01-24 06:15:00,18674.878000746812,18709.21705551727,18611.224933233538,18664.649610463934,970.1598745750632
2023-01-24 06:30:00,18661.724904206643,18679.386785563438,18585.715021372875,18653.41205327588,726.9833458419563
2023-01-24 06:45:00,18646.657736933805,18688.43077743353,18620.97754514126,18651.42953503467,708.8006877209522
2023-01-24 07:00:00,18651.75180059071,18654.42842755578,18619.699766299917,18634.91488496938,666.9496929336533
2023-01-24 07:15:00,18648.718255206826,18691.955195592553,18614.974013638603,18654.909762526786,640.2549863716102
2023-01-24 07:30:00,18658.59885686593,18719.551284341524,18643.56224641535,18679.155822198954,951.9376587802891
2023-01-24 07:45:00,18682.378420692363,18695.471562973995,18663.960024425294,18680.663617585302,1015.3189592042955
2023-01-24 08:00:00,18680.651960974075,18712.476477657376,18628.643908633232,18677.540631101525,1179.3786804502379
2023-01-24 08:15:00,18675.899717893568,18740.891414866313,18675.899717893568,18695.05751525896,755.8009420775152
2023-01-24 08:30:00,18694.884521167605,18732.360234349955,18644.838934794992,18688.648006342024,573.4093052343402
2023-01-24 08:45:00,18695.05938415079,18728.911947211905,18660.950438935623,18703.33630026111,582.9923308081097
2023-01-24 09:00:00,18696.810333634374,18772.916812638043,18668.206799847227,18707.631481357712,529.2111823359165
2023-01-24 09:15:00,18705.747438867278,18720.076417553886,18685.21253680153,18708.040290394943,821.5079282013234
2023-01-24 09:30:00,18701.98158097282,18788.58830571949,18661.352794756844,18739.587096684514,1986.3810414244417
2023-01-24 09:45:00,18741.583727266723,18770.09727838846,18715.4863366994,18754.92379264213,577.0916517502599
2023-01-24 10:00:00,18767.47096584907,18767.47096584907,18672.641169633058,18722.560396117326,866.3762773975385
2023-01-24 10:15:00,18721.76237105434,18762.312188936696,18669.95715029064,18723.257185889393,584.2126564309365
2023-01-24 10:30:00,18724.539010443747,18786.26639458408,18688.65430261051,18712.991682051023,563.590202942463
2023-01-24 10:45:00,18714.12627902945,18753.285475407232,18682.10290355581,18705.904750454505,1227.0143267940095
2023-01-24 11:00:00,18709.431641972016,18769.55503791082,18697.34470480704,18722.453099742776,590.0136843874735
2023-01-24 11:15:00,18719.68295428035,18734.16529666947,18689.280637824086,18718.304825384876,766.6608534013952
2023-01-24 11:30:00,18715.707524444744,18773.82461989141,18691.32156306738,18736.252513435305,628.603235542729
2023-01-24 11:45:00,18745.14774282999,18746.021338763974,18644.427649534093,18711.768310721847,1405.3703146561245
2023-01-24 12:00:00,18710.589115005594,18775.600359928067,18674.106140780037,18703.909971822333,682.6162345013615
2023-01-24 12:15:00,18704.157576186823,18746.804635533113,18643.703069982417,18703.263084346218,554.288337491588
2023-01-24 12:30:00,18714.161314942696,18714.161314942696,18650.367260744537,18674.361923946803,832.1779870884834
2023-01-24 12:45:00,18672.026125082066,18710.581741978778,18660.269631878196,18672.388722826392,803.8359707631441
2023-01-24 13:00:00,18670.245331725848,18691.28248666702,18617.813212284087,18668.189388109695,803.9566723426381
2023-01-24 13:15:00,18661.12635608291,18723.832833233944,18628.515423912075,18667.027310686768,619.1294234412892
2023-01-24 13:30:00,18655.777091480224,18736.889916887343,18655.777091480224,18682.761467302378,763.9643029432322
2023-01-24 13:45:00,18678.380431720725,18723.55037598668,18636.330611905527,18680.710048917696,1328.9995724591158
2023-01-24 14:00:00,18675.576839697234,18675.85454919504,18610.893156921364,18661.406395440463,570.895933954827
2023-01-24 14:15:00,18663.64199061092,18683.727014996955,18576.078493840512,18667.853785910396,686.0538497143998
2023-01-24 14:30:00,18664.310198541843,18752.656907276763,18609.47216693708,18690.29209121099,1429.7233214961661
2023-01-24 14:45:00,18684.617163447598,18736.387539946238,18648.87243877308,18722.285452020016,750.9851289392792
2023-01-24 15:00:00,18730.144191896154,18730.144191896154,18678.29460286364,18712.42788145243,755.1949198192419
2023-01-24 15:15:00,18715.63356158522,18773.67046539838,18689.737954317145,18728.632832803483,1282.5413628537144
2023-01-24 15:30:00,18730.002045414418,18786.11727083065,18697.00713785899,18720.684226659014,530.0638473976659
2023-01-24 15:45:00,18724.848190933324,18769.32970390611,18654.444178597983,18724.06696519684,626.7962179341896
2023-01-24 16:00:00,18722.658375801082,18787.744227568102,18666.49522660974,18724.45607515173,539.3011785873043
2023-01-24 16:15:00,18725.63066435339,18733.171026740787,18688.363987435267,18704.22385144348,571.7738588979068
2023-01-24 16:30:00,18708.726135073837,18792.98106596878,18679.133182721554,18720.89983321334,1528.7537002612187
2023-01-24 16:45:00,18720.460281207255,18741.27360866405,18653.098340230197,18705.427008505845,709.476131176559
2023-01-24 17:00:00,18704.68463362334,18756.53355594388,18679.831853728196,18718.36827141131,592.4484011498841
2023-01-24 17:15:00,18712.413092316292,18730.78330726214,18677.481411520756,18706.441245480273,1199.9067068947495
2023-01-24 17:30:00,18706.080820564912,18736.835833970657,18651.72385448331,18683.86112377624,654.5334216677045
2023-01-24 17:45:00,18686.533550876306,18751.97968599694,18678.55769253671,18691.593890036354,643.660528137208
2023-01-24 18:00:00,18696.637498459735,18696.637498459735,18642.226755162057,18680.392813066064,574.1714906225626
2023-01-24 18:15:00,18677.86110092356,18690.545147326397,18601.47961892932,18654.414358420214,698.3241679852362
2023-01-24 18:30:00,18647.770919521565,18666.699481117186,18639.844897681287,18651.6127601726,1028.3705565746886
2023-01-24 18:45:00,18643.647916648737,18677.1595162025,18603.583329618876,18652.535821674443,758.5685383234716
2023-01-24 19:00:00,18655.46122793802,18711.201983576197,18608.50387181309,18637.029584484953,1015.9796763120248
2023-01-24 19:15:00,18642.019491183783,18677.28362663037,18586.00633671693,18661.954323919,731.9021089914164
2023-01-24 19:30:00,18659.642566380568,18755.195938637553,18638.915488530994,18677.27375777226,1561.24353148051
2023-01-24 19:45:00,18679.65042822164,18720.15121383087,18660.15000415331,18694.09919105256,914.0661190742845
2023-01-24 20:00:00,18686.355010211264,18738.957674205867,18683.096900058626,18699.731475619687,1148.9780204536034
2023-01-24 20:15:00,18703.502798576686,18710.969471404336,18659.66206640102,18698.425553725778,1063.2910780356933
2023-01-24 20:30:00,18708.025952118198,18721.44592110891,18636.68199584941,18692.697282320332,776.8755153683201
2023-01-24 20:45:00,18690.416037768784,18703.027812774228,18670.186662401793,18686.86072827211,875.3147420803555
2023-01-24 21:00:00,18686.559157516633,18748.223646726463,18665.849411468556,18709.8745028297,1201.0559291708062
2023-01-24 21:15:00,18705.810933103854,18770.951111309903,18682.59251512238,18713.74625732506,610.7749174298807
2023-01-24 21:30:00,18716.074809761874,18794.69531900911,18660.87810868602,18735.21360086279,743.2134415494832
2023-01-24 21:45:00,18737.422595433374,18774.201570926503,18723.308421052254,18742.68764831113,652.9653806005923
2023-01-24 22:00:00,18753.10380484752,18775.636375163347,18653.431486650454,18722.41513943675,692.0395009095304
2023-01-24 22:15:00,18726.500068040175,18726.500068040175,18634.61939499203,18692.451776200065,1365.836086613619
2023-01-24 22:30:00,18694.243809883876,18737.30596483923,18694.243809883876,18714.043519263665,665.2453954224725
2023-01-24 22:45:00,18730.717063609372,18744.716745143764,18690.766372201142,18713.433294202645,1490.403833239398
2023-01-24 23:00:00,18710.74943639131,18765.964680668352,18706.026599044715,18742.694303209,601.3011250757701
2023-01-24 23:15:00,18746.327975629327,18746.327975629327,18704.776826502002,18728.59751014762,696.8526131542097
2023-01-24 23:30:00,18733.040290823094,18767.661915195335,18698.38847012767,18726.794808829574,924.8866396443983
2023-01-24 23:45:00,18720.527923552665,18749.87264655769,18693.92478543977,18734.73639180102,1371.6569018184773
2023-01-25 00:00:00,18738.911194887518,18785.339402181733,18712.46631002032,18757.117588929497,1355.8774482603806
2023-01-25 00:15:00,18764.869438353024,18822.78671606599,18764.216284494392,18783.32297557971,926.8506908178655
2023-01-25 00:30:00,18789.518220250866,18789.518220250866,18753.182689449714,18771.805555261795,548.8380594512164
2023-01-25 00:45:00,18773.596476880997,18815.88201195715,18756.426900310067,18793.98724178293,746.8303524456151
2023-01-25 01:00:00,18787.027224621663,18847.908013435783,18787.027224621663,18815.505006475894,617.120110728128
2023-01-25 01:15:00,18814.693734823468,18855.223264374865,18814.360006988554,18833.457955520436,837.1409987770779
2023-01-25 01:30:00,18833.54276863032,18892.44569602371,18818.66196704505,18860.385398996637,687.8817575540731
2023-01-25 01:45:00,18858.592636674453,18901.017934486445,18818.98992610739,18840.95395807503,1088.2045392706868
2023-01-25 02:00:00,18844.77538560995,18861.97706090365,18746.332164109117,18830.396663576823,610.4239465492371
2023-01-25 02:15:00,18830.541801140545,18931.09885027205,18805.59579389395,18818.556564322014,678.5545501379507
2023-01-25 02:30:00,18815.06360429281,18843.70646632881,18764.849348674634,18811.132564115138,704.0630079329585
2023-01-25 02:45:00,18817.73580475621,18922.603214355935,18817.615782635476,18839.622967316267,828.2741390238494
2023-01-25 03:00:00,18845.326864101222,18885.01161964872,18827.482303121014,18851.898043026642,1266.2120704524282
2023-01-25 03:15:00,18857.69042156472,18887.081482758622,18783.61878358549,18866.12205621205,727.2775974053175
2023-01-25 03:30:00,18861.953017022515,18872.999279993866,18810.059794065695,18860.41227793347,830.9780076454805
2023-01-25 03:45:00,18851.17374570594,18887.29273037445,18795.954126428463,18865.731511221773,514.6424794626315
2023-01-25 04:00:00,18855.22926246367,18940.629514016662,18819.439759539604,18893.424636766013,796.3531688058448
2023-01-25 04:15:00,18887.449931955754,18900.398659820683,18840.178717791394,18883.745225006198,586.6212026157876
2023-01-25 04:30:00,18889.680088872254,18941.96039919941,18856.51333442555,18888.86578520094,813.3290152668175
2023-01-25 04:45:00,18885.451220483857,18931.24370153089,18873.01485551698,18884.875845156163,1434.4450477005093
2023-01-25 05:00:00,18884.480778249625,18988.847089493152,18866.85230740639,18908.53536553061,886.5819797886694
2023-01-25 05:15:00,18913.76311156132,18975.61218886756,18812.417254448705,18931.95529172128,1587.2944572235597
2023-01-25 05:30:00,18936.64682402287,18952.112647289014,18895.099796650768,18934.71368929796,663.3011610554961
2023-01-25 05:45:00,18927.90476328738,18965.149898390453,18904.439446144163,18917.2127560232,759.454788306642
2023-01-25 06:00:00,18902.54759034483,18940.498634307613,18873.365218904964,18895.68592758388,634.6078835282967
2023-01-25 06:15:00,18897.544422514486,18932.62163382368,18821.555331762862,18881.24010284797,1038.8667849829617
2023-01-25 06:30:00,18887.73413536075,18892.76608475477,18842.59897540203,18855.85161681562,853.0049004937405
2023-01-25 06:45:00,18846.129062612126,18887.635783651192,18839.407099295764,18857.609501995837,795.2686168365668
2023-01-25 07:00:00,18857.881190914108,18879.541009893663,18826.499716573802,18849.158205100568,1244.718883758366
2023-01-25 07:15:00,18850.517899288338,18881.266786386153,18817.37569943934,18869.085820882123,610.3866090250949
2023-01-25 07:30:00,18877.674483536906,18877.674483536906,18813.211276983522,18854.486221846375,882.4364805383836
2023-01-25 07:45:00,18855.256738424367,18880.51791139767,18831.452180162098,18852.964200366656,551.2437557629241
2023-01-25 08:00:00,18856.710386332565,18950.776915944178,18826.718668671863,18860.27925173166,673.835567898925
2023-01-25 08:15:00,18876.663305150676,18915.530150290746,18842.675675867784,18861.19005829627,1312.201487426121
2023-01-25 08:30:00,18855.33943773889,18943.156165647473,18838.98216580495,18858.415361102496,1731.4405889901361
2023-01-25 08:45:00,18862.511604131872,18899.753534831918,18845.535174112978,18874.866170584195,912.3405910589759
2023-01-25 09:00:00,18876.962330716528,18939.154367190346,18817.925644336912,18879.852276626814,685.3831799188702
2023-01-25 09:15:00,18879.601814121805,18906.272849675548,18863.072691771624,18878.37626940199,626.8079206318694
2023-01-25 09:30:00,18872.173127831396,18925.553971482535,18872.173127831396,18905.02939290669,808.4658165148348
2023-01-25 09:45:00,18909.721644711797,18985.42625353865,18870.221969074664,18923.307330002845,1494.8984667449308
2023-01-25 10:00:00,18920.22343028141,18960.076274388062,18891.577569212404,18927.858613892124,756.3948295675665
2023-01-25 10:15:00,18927.833523078432,18965.571353931642,18911.86316717299,18939.042029589178,566.0296192174598
2023-01-25 10:30:00,18923.80180517293,18992.46474684142,18900.379015541967,18932.41065439688,1099.0830027017619
2023-01-25 10:45:00,18940.779188437024,18940.779188437024,18830.321424739268,18894.31665108567,964.4087672872677
2023-01-25 11:00:00,18883.121532522127,18897.99212795042,18853.617078135943,18873.6192515373,1164.087760963248
2023-01-25 11:15:00,18874.878461581655,18900.202681149858,18856.980792162816,18879.86330714163,2132.0702954340154
2023-01-25 11:30:00,18877.119403706925,18920.283377830037,18825.578343925124,18883.654457529323,758.7689866819453
2023-01-25 11:45:00,18884.64858727023,18952.612545633598,18877.23560760502,18890.072020775577,614.9262033731837
2023-01-25 12:00:00,18901.198066421613,18923.74348833501,18863.75931949649,18890.783486874996,778.8510059743851
2023-01-25 12:15:00,18896.87500546496,19004.23516445172,18835.832436667493,18917.45481013391,1267.774420147139
2023-01-25 12:30:00,18924.338452736934,18936.196126939067,18887.369959371266,18912.6478873236,633.4622698414244
2023-01-25 12:45:00,18909.09535197079,18996.054591673532,18905.801686692124,18943.694280639436,1025.7638279825942
2023-01-25 13:00:00,18940.105258875526,18969.34754067821,18884.087514697876,18906.51903829939,929.2765122533557
2023-01-25 13:15:00,18912.8563180507,18992.142601269767,18893.35152025753,18924.581034040468,639.7210149369396
2023-01-25 13:30:00,18927.24960731465,18986.935213390858,18821.032715877824,18929.621578449216,1207.7361753545144
2023-01-25 13:45:00,18934.196585408947,18957.486695033378,18899.343200939224,18914.874133907997,1184.7270672167988
2023-01-25 14:00:00,18914.718790103372,18937.200121097358,18904.780092284316,18922.37707985262,983.6118103314088
2023-01-25 14:15:00,18914.467390378773,18941.589780415616,18873.8394145205,18913.71396498467,583.4292830518676
2023-01-25 14:30:00,18919.726625275733,18960.099172290466,18919.726625275733,18937.90660426584,914.8286098940114
2023-01-25 14:45:00,18933.357874962785,18949.873379976318,18885.098956228023,18935.212601230218,543.8612808425612
2023-01-25 15:00:00,18933.351664297683,18993.609177846432,18933.351664297683,18955.99887501879,587.9292004812891
2023-01-25 15:15:00,18951.012703932196,18974.899817844173,18864.705210279702,18961.812763686194,701.1458778973032
2023-01-25 15:30:00,18958.033220049005,18989.406769864996,18920.12443453173,18964.827187081224,579.7548166824643
2023-01-25 15:45:00,18962.885887801876,18975.892417531853,18912.1199901699,18948.136447678044,554.9591593904719
2023-01-25 16:00:00,18946.108526581644,18997.35847688035,18907.74071282441,18964.08248183365,783.269843605058
2023-01-25 16:15:00,18968.93292597353,19006.60991584149,18879.21128582172,18955.413306483264,1128.8861610298334
2023-01-25 16:30:00,18954.305248260745,19052.022111018145,18927.059891517296,18971.34435611597,919.4227586835713
2023-01-25 16:45:00,18984.737404601932,18984.737404601932,18919.82961310478,18945.271585564064,2116.9039233456024
2023-01-25 17:00:00,18939.909386724783,18976.52933265698,18923.74305610095,18957.670695140412,1081.655223685978
2023-01-25 17:15:00,18944.68310031704,18984.466389887977,18915.57161320936,18928.634761364643,1082.617694485484
2023-01-25 17:30:00,18933.196367091365,18934.209678130712,18887.084030487997,18905.100705232075,593.1106208732167
2023-01-25 17:45:00,18903.55764385094,18954.714014515648,18873.498681532412,18927.937711286035,1368.6556523531383
2023-01-25 18:00:00,18937.63199213513,19007.083947958177,18894.36337299106,18919.857860574135,577.2120734917344
2023-01-25 18:15:00,18913.576628496,18968.156521558594,18877.495973857156,18927.38524064644,777.622808581946
2023-01-25 18:30:00,18930.837656892218,18962.02630483522,18926.319190406884,18946.80429497937,723.4843085889951
2023-01-25 18:45:00,18939.155001306317,18967.98511839789,18900.515870058785,18941.79455788254,518.7802147813139
2023-01-25 19:00:00,18942.533729950108,19038.25358095241,18882.462036410358,18975.57208748086,1275.305140604279
2023-01-25 19:15:00,18971.812205723236,19054.856574303773,18952.70011103854,18985.056930248884,827.3235452971882
2023-01-25 19:30:00,18981.644704192506,19072.523509709583,18981.644704192506,19011.31504530282,1537.6323209077598
2023-01-25 19:45:00,19009.844858325723,19074.69318322293,19000.717099002886,19026.74108251365,703.35720413243
2023-01-25 20:00:00,19023.560720289894,19040.829088794384,19006.190078344647,19025.748113192567,752.7208272323854
2023-01-25 20:15:00,19013.279007027177,19053.684501190328,18999.209595676675,19030.295965283458,537.7680441474948
2023-01-25 20:30:00,19039.592931417974,19072.773483903427,19029.834997600265,19044.158850099153,621.9639791881502
2023-01-25 20:45:00,19043.707868353686,19076.81231322961,18964.240857527486,19054.55642405513,552.9591880230635
2023-01-25 21:00:00,19055.446457650167,19055.446457650167,19006.671769810557,19031.77067532193,564.9497922085822
2023-01-25 21:15:00,19025.845024216844,19040.356199647715,18998.29792630255,19015.23264657389,1145.2338335343902
2023-01-25 21:30:00,19017.942559714167,19067.46662237424,19013.4343501073,19024.857533812523,801.0901583995222
2023-01-25 21:45:00,19031.20331806299,19062.733668941943,18978.502722295412,19024.024873768318,1387.9808320904856
2023-01-25 22:00:00,19029.56769728223,19049.252205493325,18932.94115866834,19033.109070707334,691.7617693858206
2023-01-25 22:15:00,19029.378130294645,19050.833804383117,19001.933451904217,19016.26056353358,575.5636802695765
2023-01-25 22:30:00,19018.304849078453,19066.191605158605,19017.89530559938,19043.45654059834,1310.3412629178154
2023-01-25 22:45:00,19038.387604392272,19064.817873025026,18990.90583295677,19042.626404224746,515.3681409659239
2023-01-25 23:00:00,19040.613865700932,19086.427221823044,19030.73155506458,19049.740260192273,1479.652254895828
2023-01-25 23:15:00,19052.3418803703,19163.351825581718,19028.242860735798,19070.349353054167,587.3479323800037
2023-01-25 23:30:00,19072.891212161154,19084.95762804447,19041.528429053593,19059.878712476897,653.0984081184102
2023-01-25 23:45:00,19060.15309152654,19156.218831753104,19000.38036814636,19046.07263367479,718.7643386801432
2023-01-26 00:00:00,19036.871351823156,19075.531452918094,18989.734532376315,19057.533335983302,1082.5079301712685
2023-01-26 00:15:00,19051.569864508627,19087.389340519556,18976.76224385492,19043.207454715524,740.2585033633887
2023-01-26 00:30:00,19049.350401825162,19099.330809876923,18988.739176406845,19043.497476418637,851.2493957594339
2023-01-26 00:45:00,19040.729000914507,19128.91266023295,19040.729000914507,19089.625636601024,1106.8613928302127
2023-01-26 01:00:00,19090.38012729365,19090.38012729365,19045.036022379187,19073.38028420312,725.6663371216703
2023-01-26 01:15:00,19074.816918124583,19098.56793657803,19060.849264825076,19075.6162740741,673.8429309818764
2023-01-26 01:30:00,19081.81452057524,19123.624826470783,19049.990007482233,19090.090203623615,1613.686371868102
2023-01-26 01:45:00,19090.480126033002,19105.603734256383,18975.93761798827,19066.81824278701,840.2300158085749
2023-01-26 02:00:00,19069.61774423633,19091.93879777647,19037.74233201205,19067.50070940528,913.9144902345644
2023-01-26 02:15:00,19069.108005991013,19107.033654527964,19001.246917906097,19061.09388200485,527.7626845326226
2023-01-26 02:30:00,19060.071217219836,19094.810118596437,18981.914698623375,19041.615408527476,577.9009873299822
2023-01-26 02:45:00,19045.782436580925,19145.99975744861,19004.917947476464,19048.758886154574,991.2284767062414
2023-01-26 03:00:00,19043.511677300026,19075.320852786346,19021.747948606015,19041.80141672072,779.8190546002904
2023-01-26 03:15:00,19058.53467489568,19101.379512043124,19011.26820963636,19035.84801445412,603.261626257883
2023-01-26 03:30:00,19036.163641633226,19037.32401719633,19002.962965275437,19021.736744093367,747.9716372512117
2023-01-26 03:45:00,19013.101843615248,19040.205837527712,18975.055695826562,19010.91902309071,1184.7444655397067
2023-01-26 04:00:00,19008.749988286727,19008.749988286727,18959.29088878744,18979.99197418176,705.8288364124159
2023-01-26 04:15:00,18984.31923692861,19040.43451135423,18944.918856589367,18979.609286526495,512.5659788052482
2023-01-26 04:30:00,18982.828263420586,18998.047521898676,18890.038682207123,18973.60531588994,677.8390022241819
2023-01-26 04:45:00,18968.62693522823,19019.903530067528,18925.008813805554,18967.332213264453,1409.745955768125
2023-01-26 05:00:00,18967.103018121637,19005.049413264143,18943.63231352455,18975.952341337692,1385.713671931949
2023-01-26 05:15:00,18989.723586838565,19030.315360625053,18934.89632378806,18983.522876580722,1013.8194984955941
2023-01-26 05:30:00,18992.117146698198,19006.194964181203,18856.27723667935,18975.04737224233,1031.983084339822
2023-01-26 05:45:00,18975.33386102309,19059.02359016998,18975.33386102309,19018.46623724557,894.2509762758876
2023-01-26 06:00:00,19024.302858482726,19024.302858482726,18939.1334191705,19004.314137772755,1472.6391593401543
2023-01-26 06:15:00,19020.466134647188,19043.899276166947,18935.149774834925,19002.764884228058,579.0545547596504
2023-01-26 06:30:00,18999.195938897068,19008.784873456007,18917.57272779907,18994.249388701817,581.6242728069864
2023-01-26 06:45:00,18996.368619443856,19009.528915782954,18936.33164989056,18975.598092379594,841.8440624860007
2023-01-26 07:00:00,18983.47260413272,19005.080745299965,18957.08902106885,18988.17144492529,619.1570945660707
2023-01-26 07:15:00,18997.9608407228,19030.611750205528,18969.904173831503,18999.175854194258,1056.761960875146
2023-01-26 07:30:00,18997.590744857232,19077.396628910286,18950.181404712668,18989.308234278033,687.7791181560274
2023-01-26 07:45:00,18994.149026688865,19030.2275540094,18979.503446442708,19005.151319863464,575.5916783458914
2023-01-26 08:00:00,18997.01970793087,19028.57661110936,18990.58637516713,19003.17065396061,664.1020898818339
2023-01-26 08:15:00,18995.495091340938,19029.421825481477,18929.440816489227,18998.433978870107,1018.7057268681039
2023-01-26 08:30:00,19002.8517400615,19033.98642611716,18988.522931024516,19006.637261373326,837.1744477150294
2023-01-26 08:45:00,19005.96424840681,19038.05878620491,18977.29257493748,19016.42030594297,546.4738629798273
2023-01-26 09:00:00,19019.914532783314,19028.88285175159,18937.847852149105,19015.628557472475,623.185288841131
2023-01-26 09:15:00,19008.385705196448,19035.357641166433,18968.963808729277,19012.925829073018,1143.316686954164
2023-01-26 09:30:00,19019.30331255773,19058.685506091933,18974.90058805235,19013.09539795661,593.4934999038685
2023-01-26 09:45:00,19012.683616354017,19032.03262626397,18967.054797965346,19009.442030556234,567.2351452465172
2023-01-26 10:00:00,19005.10671708421,19045.62003869577,18982.89980010237,19019.230291295717,544.0270986154416
2023-01-26 10:15:00,19014.83634524048,19032.42405825419,18968.579738976558,18998.401688304482,897.7678522542958
2023-01-26 10:30:00,18983.407829640466,19052.14053361512,18964.961477328856,18996.183297541636,1796.060331697835
2023-01-26 10:45:00,18994.890855407564,19038.11589970699,18973.481477649402,19000.568939086537,701.6280557594519
2023-01-26 11:00:00,19003.28843709949,19071.875465002857,18979.82595995104,19027.563972478547,939.1082790031676
2023-01-26 11:15:00,19025.723328657445,19096.151576186414,19013.98293526705,19043.623245401694,580.6413159179921
2023-01-26 11:30:00,19049.913134151433,19078.979453639757,19007.572459881485,19026.714729589083,962.5141906497222
2023-01-26 11:45:00,19020.279282004507,19085.662284549668,19019.54293526029,19046.125863700425,1659.736809725702
2023-01-26 12:00:00,19048.530985537014,19101.679950540267,19015.883070235304,19048.731761918592,555.400582927337
2023-01-26 12:15:00,19037.57388126474,19050.35928050738,19021.844042823606,19038.859354860826,1731.9235769221048
2023-01-26 12:30:00,19043.232257823784,19105.808009771757,18986.42485082057,19055.773976434728,642.7532006795411
2023-01-26 12:45:00,19055.549022471867,19103.464434640216,19025.231620568404,19040.463242793074,693.9259213146099
2023-01-26 13:00:00,19049.5244560251,19063.76316581017,18978.56541461648,19035.937943953842,745.8935467964752
2023-01-26 13:15:00,19042.728983883862,19060.125504647556,19005.53442331858,19045.473393238954,878.4646674966045
2023-01-26 13:30:00,19043.722556670007,19094.34865312163,19005.026955508372,19043.74474150123,1059.0379515724273
2023-01-26 13:45:00,19049.964901265474,19063.848588666504,18979.522636688776,19046.17735993149,614.8357598580919
2023-01-26 14:00:00,19055.839132400673,19113.635419958842,18974.652220216794,19042.337180283102,528.6911409240109
2023-01-26 14:15:00,19046.498806008378,19098.389657626733,19043.410478671853,19057.45478840484,729.4895579661011
2023-01-26 14:30:00,19057.569922579798,19092.519136881925,19026.771557642336,19056.949232967243,595.0024801383162
2023-01-26 14:45:00,19064.54279337263,19106.635095770132,19016.723701765,19051.527210826178,533.6254570188479
2023-01-26 15:00:00,19058.03766365247,19119.358211126284,18993.861982989692,19064.878378945417,585.4038267927803
2023-01-26 15:15:00,19063.86478760596,19091.36460159728,19034.895036224352,19069.83143801405,572.637228104922
2023-01-26 15:30:00,19060.57913872575,19094.58948210642,18994.346744967617,19043.53705564161,895.315484728179
2023-01-26 15:45:00,19049.851739857906,19083.606429561998,18994.95180428304,19048.659450685598,523.9300048466368
2023-01-26 16:00:00,19047.954988973466,19117.2921508527,19047.954988973466,19104.357888639188,1238.401635030211
2023-01-26 16:15:00,19098.82799473177,19112.802980705095,19080.624878090246,19098.86962313688,531.7127129705315
2023-01-26 16:30:00,19098.640513059927,19135.41143175155,19072.686854054293,19112.39103334251,824.5861927547156
2023-01-26 16:45:00,19114.941454621807,19163.681366632907,19079.65674919642,19109.703357860864,673.1580070255231
2023-01-26 17:00:00,19103.988438775785,19161.5798490912,19087.186767095805,19118.442018141337,1062.281801527593
2023-01-26 17:15:00,19115.04418361418,19141.45399270182,19088.30321057544,19121.594340358995,716.286660104246
2023-01-26 17:30:00,19118.157928132616,19121.408544374026,19079.07310228372,19106.513804847793,1627.8675149218186
2023-01-26 17:45:00,19104.52045742726,19159.92189543285,19070.44286653501,19103.47897122747,827.1970756359184
2023-01-26 18:00:00,19097.56997500168,19128.473758982393,19075.947044119235,19103.387774531497,1484.5537884234773
2023-01-26 18:15:00,19097.57931116746,19159.38515549452,19066.819478906433,19096.285456922295,563.6091858186919
2023-01-26 18:30:00,19103.591357744317,19109.985114006267,18991.36507991368,19079.36087829281,664.6529903692985
2023-01-26 18:45:00,19079.927030331994,19115.905180843904,19069.236027798313,19090.656147433536,963.2939179265495
2023-01-26 19:00:00,19094.378752803317,19131.836652440947,19040.240651232172,19110.161094597108,740.3189394735379
2023-01-26 19:15:00,19116.634711176073,19162.905027964793,19097.362863385566,19116.011753369847,569.3534303447165
2023-01-26 19:30:00,19111.2428097523,19145.6078688457,19071.74233596432,19097.700483115943,887.623429795858
2023-01-26 19:45:00,19098.112072800013,19141.13543175567,18977.829096402245,19081.013823578745,676.311136262142
2023-01-26 20:00:00,19086.995106708073,19093.775701577586,19064.876499928916,19082.198089196365,1460.7694343555904
2023-01-26 20:15:00,19081.884487732128,19139.769440636363,19051.05314055019,19104.80114347503,710.1297489570682
2023-01-26 20:30:00,19106.086290294515,19134.806829074092,19075.414085368553,19098.56978812249,1239.1011611126949
2023-01-26 20:45:00,19093.365549253493,19151.67433511546,19081.657712469983,19098.329423464682,603.6099973754012
2023-01-26 21:00:00,19095.02411028701,19132.69751877581,19037.66657216419,19077.545760003348,723.5591185964878
2023-01-26 21:15:00,19074.38709880648,19153.88572013216,19074.38709880648,19110.130703732997,881.2765846753695
2023-01-26 21:30:00,19118.40221464111,19127.215732949764,19073.18404605212,19113.274526175745,875.3379489573034
2023-01-26 21:45:00,19117.397724996757,19141.312973633176,19075.558563883293,19089.712021155075,668.634155645547
2023-01-26 22:00:00,19095.608541815658,19128.72825978663,19077.25021671681,19090.478424603614,2204.6637476391143
2023-01-26 22:15:00,19088.6003794015,19110.744360427598,19080.3629475758,19098.44041630738,783.0616234108168
2023-01-26 22:30:00,19095.57348954334,19112.694868344362,19047.659201459108,19082.31297973148,1455.7012702725526
2023-01-26 22:45:00,19084.268336010275,19152.532599983057,19033.64913212899,19107.600458596597,777.9000210218165
2023-01-26 23:00:00,19099.33969699137,19228.706210534252,19044.197369816204,19118.5576861687,840.6435106515122
2023-01-26 23:15:00,19114.920746499534,19153.253745350412,19110.949337430757,19124.326487993116,567.8948916450297
2023-01-26 23:30:00,19126.54409934534,19199.933830234582,19126.54409934534,19172.86698985812,632.2330428746396
2023-01-26 23:45:00,19172.989917502386,19208.40087514272,19154.03271738733,19187.241069306216,843.8728178728695
2023-01-27 00:00:00,19183.234757569888,19244.812286242206,19146.90452802137,19189.722089111554,604.4992004625955
2023-01-27 00:15:00,19174.16445827178,19257.54505817949,19093.367126246336,19162.133128020116,963.6485518605798
2023-01-27 00:30:00,19154.990375130707,19169.259856328426,19129.334171978055,19147.962633400715,626.9585504177347
2023-01-27 00:45:00,19140.59378070413,19201.455935013193,19122.604304151533,19145.455347766936,793.5134573885226
2023-01-27 01:00:00,19137.497130027037,19162.02084225833,19105.938058323005,19146.47819336764,817.0673352294112
2023-01-27 01:15:00,19144.631924171154,19190.51034844036,19074.84574005074,19136.85598167928,1103.5591378681015
2023-01-27 01:30:00,19143.148361653166,19161.488379958937,19088.69072620002,19148.618875670854,554.8964751356484
2023-01-27 01:45:00,19135.892365479205,19163.279687712788,19122.24779007082,19137.25048547899,783.763935161512
2023-01-27 02:00:00,19139.14808989328,19168.45096484632,19077.3080705079,19127.661802057293,711.4992242663452
2023-01-27 02:15:00,19126.81533851449,19181.434787373953,19116.82913728573,19140.94326262646,863.2715114333909
2023-01-27 02:30:00,19135.38727858808,19156.875035779096,19063.794719661993,19137.111674595897,600.8854932287926
2023-01-27 02:45:00,19126.287548349814,19173.381958960195,19063.788662374798,19123.3378861412,1844.8882958959066
2023-01-27 03:00:00,19122.797693413042,19174.670680369076,19109.912118045424,19121.637075726278,587.4497487954702
2023-01-27 03:15:00,19121.55993468964,19176.431580207314,19093.348313149098,19126.04086087718,617.4568414062123
2023-01-27 03:30:00,19128.683762565313,19128.683762565313,19070.301002098782,19093.388330427788,1644.2144442006806
2023-01-27 03:45:00,19090.091995163642,19144.59456571611,19074.130102270476,19092.60287631065,1167.6097535031463
2023-01-27 04:00:00,19098.945982510224,19160.219760706852,19072.178450953237,19091.239389101785,802.8729434464799
2023-01-27 04:15:00,19087.994969055017,19091.29551821722,19004.173491273552,19048.284657988814,720.011782676174
2023-01-27 04:30:00,19052.241494725724,19087.32422950083,19011.530104610705,19058.56352459428,828.44763625769
2023-01-27 04:45:00,19054.228165980025,19068.87267579446,19037.349543330318,19053.090400264882,534.1795133148845
2023-01-27 05:00:00,19069.770960998572,19069.770960998572,18980.594432175098,19038.801930227935,1333.362330846233
2023-01-27 05:15:00,19039.601723285123,19071.17783549713,18968.719135140782,19030.50485991629,539.213060376754
2023-01-27 05:30:00,19031.738597229818,19073.715061451963,18978.74119438409,19053.292887131644,585.945021914589
2023-01-27 05:45:00,19052.14754657661,19164.43464638432,19052.14754657661,19082.78059429925,901.5900644854119
2023-01-27 06:00:00,19066.556425011775,19095.431319776733,19044.948744668054,19076.44934734757,828.4080990243069
2023-01-27 06:15:00,19066.488269822865,19092.346008746845,19061.498236976935,19075.51142919563,569.5423727162165
2023-01-27 06:30:00,19067.91409539168,19239.004315950075,19033.34993322795,19096.493364188707,590.5463955128723
2023-01-27 06:45:00,19092.761924560094,19118.11432122314,19054.968538802474,19081.94014557911,889.1592874445063
2023-01-27 07:00:00,19080.209289825594,19129.341039860235,19047.18872631254,19079.62638824962,1207.9862623421143
2023-01-27 07:15:00,19085.942849532952,19123.393808161843,19012.24915105514,19061.93928848667,569.8410011855136
2023-01-27 07:30:00,19061.128325511178,19119.40801846305,19004.444830467986,19076.09110845196,1287.1920089017835
2023-01-27 07:45:00,19071.813497235566,19160.901861272,19070.73598876791,19087.2335613105,665.2779944082516
2023-01-27 08:00:00,19083.424971981603,19113.422214988906,19041.11230730626,19062.404975668993,846.081462860433
2023-01-27 08:15:00,19075.555729873027,19122.269520643134,19072.898672219508,19091.712833216105,828.0114520486137
2023-01-27 08:30:00,19085.649446631312,19108.574627075814,19077.505845249747,19094.277943076417,921.399646028359
2023-01-27 08:45:00,19103.9044067662,19139.31802094222,19049.30421925174,19086.15425915792,553.7584016013942
2023-01-27 09:00:00,19073.74373391223,19144.28770362931,19060.77383283639,19092.448218855432,773.6399395457744
2023-01-27 09:15:00,19092.78227026229,19127.77264708582,19048.429396716354,19062.575018025225,697.2896226023943
2023-01-27 09:30:00,19063.95277515449,19101.075519331644,18997.585033822215,19058.26698413868,708.5477746161777
2023-01-27 09:45:00,19062.193931296122,19106.478239351894,19020.889801696296,19061.14332649287,1017.3535546226525
2023-01-27 10:00:00,19061.25923227892,19079.994767541568,18975.27254717566,19038.330636433762,736.8994740592494
2023-01-27 10:15:00,19041.091760224885,19101.9885348414,19018.447037901922,19060.89353022921,826.1528846989477
2023-01-27 10:30:00,19058.531290422452,19137.549730712934,19022.843588515192,19069.1782417551,1132.034621971296
2023-01-27 10:45:00,19069.21222932857,19117.23645360836,18977.70998383657,19074.22929250739,816.1176264619097
2023-01-27 11:00:00,19073.781255409216,19129.95671689016,19048.387015810622,19087.841659257894,1109.4715550427604
2023-01-27 11:15:00,19077.592674505973,19118.078470611363,19059.43321094567,19098.226568395814,562.3647259549357
2023-01-27 11:30:00,19088.27325252024,19116.34328834719,19080.454236937294,19093.85741069111,807.4236437760784
2023-01-27 11:45:00,19094.791021501893,19133.79675717987,19032.168023838738,19082.353203195653,668.8567670354357
2023-01-27 12:00:00,19082.247248359912,19139.405828849747,19067.159877375434,19080.630631521817,710.3899711401316
2023-01-27 12:15:00,19080.954577047,19080.954577047,18994.436110425446,19050.53326332089,2020.3660744260214
2023-01-27 12:30:00,19059.710692044464,19109.238569784728,18988.94757851402,19050.43046864683,744.946120969203
2023-01-27 12:45:00,19050.530495304498,19071.46925786944,19024.5280308515,19044.375432239987,667.6670244376728
2023-01-27 13:00:00,19045.501025598598,19100.220114719814,19032.010208249067,19054.831545081444,633.4571204493096
2023-01-27 13:15:00,19055.762849641986,19109.22627661095,19055.762849641986,19082.344290392102,1424.2993210543273
2023-01-27 13:30:00,19081.263538571377,19122.141926275424,19076.479227791897,19109.50965762062,790.2683254664406
2023-01-27 13:45:00,19099.10648685029,19164.464757397258,19081.62154268739,19095.00514036818,752.8731821076818
2023-01-27 14:00:00,19104.71413726448,19104.71413726448,19066.375241025646,19085.541288599175,602.3912390083362
2023-01-27 14:15:00,19080.34270450017,19116.90025801719,19013.515757325196,19097.5090535823,735.2728770966756
2023-01-27 14:30:00,19098.041045306814,19148.175953100697,19080.692335650823,19109.19454292296,1098.8824208114722
2023-01-27 14:45:00,19110.312594279665,19144.40708352276,19075.889160487674,19100.496180256832,1173.723920377134
2023-01-27 15:00:00,19102.65871722557,19142.506779210613,18990.654252590717,19086.79746390651,725.3016103815758
2023-01-27 15:15:00,19090.159024387176,19110.167916598828,19042.508450059962,19096.60470210759,1558.2880795795293
2023-01-27 15:30:00,19097.319238737076,19154.184152611484,19031.985562029855,19127.436564753934,805.0625861643158
2023-01-27 15:45:00,19127.890957017593,19138.349851007704,19103.45579086196,19118.32651862304,707.4975797227665
2023-01-27 16:00:00,19117.83524861617,19192.144131603774,19077.926552264387,19111.20472494557,729.570834336875
2023-01-27 16:15:00,19116.087522453097,19213.914995774387,19072.074971871596,19121.86722851197,710.6029087216092
2023-01-27 16:30:00,19107.9581988494,19142.8777565669,19087.82165747478,19130.408062939852,622.4008517822344
2023-01-27 16:45:00,19127.5103168894,19135.876115914452,19095.41644940784,19121.543660663774,531.4775101715719
2023-01-27 17:00:00,19111.427687564297,19181.335080360568,19092.053450356754,19140.043433492512,655.5829749955562
2023-01-27 17:15:00,19137.777852649855,19154.12727019964,19097.746254209807,19123.38391271643,549.5054097818639
2023-01-27 17:30:00,19130.81754229072,19130.81754229072,19056.63423670482,19111.51072997768,759.2258298948396
2023-01-27 17:45:00,19113.617579963324,19113.617579963324,19042.837813287966,19080.341166286293,595.8611882031869
2023-01-27 18:00:00,19080.412232535793,19140.907226167426,19043.846683146312,19090.787473063578,625.5467109980815
2023-01-27 18:15:00,19082.584234085847,19132.745577724752,19052.110356830464,19095.468893989484,693.1197775145984
2023-01-27 18:30:00,19086.041453205424,19138.300224299044,19076.202815747743,19090.254642154454,613.1065746684825
2023-01-27 18:45:00,19089.68201397698,19124.64239481142,19072.867695404446,19103.645791521427,554.009737626899
2023-01-27 19:00:00,19109.803742498672,19173.23514872127,19017.28499935747,19087.111554801508,815.0163879799495
2023-01-27 19:15:00,19083.29282308723,19167.196352453677,18960.69789184371,19078.648159396274,756.3556285591952
2023-01-27 19:30:00,19085.790940486444,19124.598640020606,19053.711594748933,19079.024160485136,525.9997527728215
2023-01-27 19:45:00,19087.06987823608,19133.01342478625,19080.43424689037,19099.319963756087,965.4361376726771
2023-01-27 20:00:00,19102.822001695407,19151.17272062518,19060.662688680764,19117.15599607377,635.6683147465924
2023-01-27 20:15:00,19121.940886611515,19166.951001134177,19059.442453656422,19118.075053877554,540.7607096539593
2023-01-27 20:30:00,19125.14130062134,19163.219833836185,19105.90340648043,19126.619458768524,540.1497298313036
2023-01-27 20:45:00,19107.688466675783,19203.85237683736,19107.688466675783,19165.567814231683,1177.7117251708296
2023-01-27 21:00:00,19165.246358686592,19213.800645980224,19148.801045139713,19162.83700563127,597.3250131759917
2023-01-27 21:15:00,19168.80951981794,19239.649961726376,19160.487575552736,19174.134958760238,605.2747678350445
2023-01-27 21:30:00,19176.362455193685,19222.62991477826,19165.293500618693,19179.982619598133,518.9472668124115
2023-01-27 21:45:00,19187.81366162228,19233.774020559966,19139.66530724708,19197.44790720405,722.0158787898027
2023-01-27 22:00:00,19197.284797902266,19220.56870856172,19097.752394649044,19179.42213097808,577.4704658747524
2023-01-27 22:15:00,19171.556477088678,19183.10502215182,19132.005455127382,19153.82726016911,686.003861397148
2023-01-27 22:30:00,19149.014838122635,19211.819329909555,19062.226379992866,19150.5106980532,1030.138413207784
2023-01-27 22:45:00,19143.950516496236,19185.862930503423,19130.257692866293,19161.48338925047,928.3655465082365
2023-01-27 23:00:00,19158.38975303209,19229.332328759963,19121.575482120832,19171.186335007387,565.566286619779
2023-01-27 23:15:00,19162.2277471567,19201.857618045153,19111.155204487557,19163.940061021014,839.4280526907456
2023-01-27 23:30:00,19167.01552719316,19190.67082081034,19115.885995681925,19168.780888388137,1130.5309311701483
2023-01-27 23:45:00,19169.77841467784,19200.46266586872,19155.168290267593,19178.06406323795,568.3189641043538
2023-01-28 00:00:00,19180.822508842142,19233.436142676223,19146.716043894863,19189.02414072304,582.1830133651005
2023-01-28 00:15:00,19179.015647931476,19237.497915751806,19165.372631907543,19206.796369610365,689.1251117707251
2023-01-28 00:30:00,19213.965697649728,19254.745524792736,19210.647127033066,19226.435030111246,670.1302133189853
2023-01-28 00:45:00,19225.782302112275,19330.10739745289,19208.91924529963,19243.64543274512,605.7521377588424
2023-01-28 01:00:00,19240.34591877271,19296.97833304247,19209.190992782354,19252.55540516725,697.5572485615663
2023-01-28 01:15:00,19259.642554314443,19330.05366836878,19252.502965900847,19287.34555162904,967.4604620710091
2023-01-28 01:30:00,19291.77440961826,19309.721117034125,19270.494699451185,19287.75106425008,984.2787941657334
2023-01-28 01:45:00,19276.47115716325,19310.92717241961,19254.508707308018,19282.198188311642,1056.6875507976329
2023-01-28 02:00:00,19269.452485267604,19298.851526770708,19248.39938257029,19286.978218256318,815.8751699186279
2023-01-28 02:15:00,19283.035143526093,19324.295165782252,19258.685629228014,19282.036646907152,556.8691129124956
2023-01-28 02:30:00,19280.081272578776,19345.100227682997,19250.947062119532,19300.919962138898,806.2060465672096
2023-01-28 02:45:00,19303.916835681535,19317.52930518276,19261.858541457143,19303.261214370235,1161.4114254954036
2023-01-28 03:00:00,19307.224869306243,19371.21608796777,19288.691990966498,19330.639397680407,1772.2678189120302
2023-01-28 03:15:00,19335.366218311927,19437.568809240278,19295.26758059689,19347.462958073786,661.187917058833
2023-01-28 03:30:00,19341.722554164862,19359.96333903271,19239.05217726003,19328.242483721777,826.9421471744397
2023-01-28 03:45:00,19330.336372335136,19366.251242186296,19310.468627684117,19324.45554360662,713.0096731539115
2023-01-28 04:00:00,19329.279789191456,19366.371392219866,19281.367350349163,19323.34463736308,947.4562904050659
2023-01-28 04:15:00,19320.918790990734,19385.606222601473,19320.918790990734,19340.082576535304,560.5425456544975
2023-01-28 04:30:00,19329.286864564627,19363.257073986304,19310.06078029162,19330.95585682247,836.4049344339469
2023-01-28 04:45:00,19323.858977137737,19355.281168082307,19298.24981378278,19317.51818266815,714.9073914330042
2023-01-28 05:00:00,19317.219413494062,19353.85914384137,19283.626261896123,19298.4050281199,793.9109751283514
2023-01-28 05:15:00,19300.573175891568,19300.573175891568,19244.28079864795,19269.849537962345,1040.496958629741
2023-01-28 05:30:00,19262.982536289546,19326.333037600078,19216.602028041965,19260.45068296266,663.5644840031202
2023-01-28 05:45:00,19257.738150558307,19315.210329571266,19191.563398905877,19251.340103594095,604.9706311678185
2023-01-28 06:00:00,19253.67586778085,19300.820027151847,19205.448036146838,19255.760047946074,789.5024338910796
2023-01-28 06:15:00,19261.421273171418,19283.76011743209,19227.229946528732,19251.980168293085,641.1842711769579
2023-01-28 06:30:00,19258.6530538149,19275.483632340063,19190.97780006756,19239.109332706317,930.3735282657212
2023-01-28 06:45:00,19223.687272581352,19236.431466620903,19187.113731621266,19206.534684777842,593.9151856138346
2023-01-28 07:00:00,19213.836582522763,19278.611249149788,19164.80746296443,19231.039350128427,679.3315499389768
2023-01-28 07:15:00,19227.242972275377,19262.22538952532,19190.996254468762,19231.529771449208,851.5598389593916
2023-01-28 07:30:00,19231.17004974352,19304.366686731337,19231.17004974352,19262.036377618282,793.5780011684412
2023-01-28 07:45:00,19257.722306689404,19327.468470433632,19217.972165772408,19267.416985652144,558.9002536939013
2023-01-28 08:00:00,19274.860883923186,19320.83484927289,19193.964786223107,19288.541560987986,979.8903116229739
2023-01-28 08:15:00,19283.117906196432,19318.06505582238,19224.424219779467,19251.70123442183,1217.802351233335
2023-01-28 08:30:00,19254.154676963404,19275.01092152583,19173.23278412326,19259.750036006233,1496.8230924447419
2023-01-28 08:45:00,19255.69409544891,19299.735227925776,19255.69409544891,19277.623309755167,594.0438541914406
2023-01-28 09:00:00,19268.807306432544,19313.72625795168,19199.3437991776,19279.99120332275,611.9584594831313
2023-01-28 09:15:00,19279.713546566665,19312.516602539912,19213.15695444678,19268.123849770614,659.12728232821
2023-01-28 09:30:00,19268.887814332782,19319.01616817435,19207.66840530239,19260.739942426437,521.5894446537825
2023-01-28 09:45:00,19258.537445228587,19280.687800288637,19222.535300522693,19243.641622418818,757.573360574699
2023-01-28 10:00:00,19243.30697744546,19305.887080266562,19201.805111226888,19235.146831588365,1571.9570654575682
2023-01-28 10:15:00,19241.828015782932,19241.828015782932,19172.883323695576,19220.382258910875,708.729851135977
2023-01-28 10:30:00,19228.844262234536,19252.407185002245,19189.499318001137,19211.41640763796,828.9082016054716
2023-01-28 10:45:00,19199.168577666096,19235.864386230034,19178.93264992536,19216.33079063609,540.533618552494
2023-01-28 11:00:00,19222.31716418962,19222.31716418962,19140.03961347899,19179.874138475796,634.1790381514876
2023-01-28 11:15:00,19196.654093431618,19196.654093431618,19125.101185510506,19144.462393911814,1054.2973277607907
2023-01-28 11:30:00,19139.46599836347,19143.685667616166,19117.459531996414,19131.61552557371,832.0485568742499
2023-01-28 11:45:00,19139.42653243075,19163.91346820172,19113.691180138263,19141.79430571513,1304.6076880825965
2023-01-28 12:00:00,19150.59211385319,19237.26481842684,19104.386445098215,19140.879338057468,682.6167716791424
2023-01-28 12:15:00,19155.401448965567,19253.043753753907,19153.907683511934,19167.72243201839,637.3600942170465
2023-01-28 12:30:00,19165.674742359715,19214.199770833435,19124.871449108836,19184.733415998657,673.0897884568516
2023-01-28 12:45:00,19190.231729268355,19230.49950489633,19184.403852964984,19205.927107277355,651.8232429722304
2023-01-28 13:00:00,19204.47879699358,19265.254935855944,19190.750921740706,19218.332674950077,593.6796218262963
2023-01-28 13:15:00,19216.26431445892,19254.45535618484,19154.6430411762,19203.192511195204,914.5972909987511
2023-01-28 13:30:00,19200.767455882185,19252.480210406782,19168.988853255665,19184.36187881761,1055.1483731034589
2023-01-28 13:45:00,19188.88072697726,19219.07255840981,19089.894596324888,19183.706663945082,2003.6525392368474
2023-01-28 14:00:00,19182.03842845211,19210.60538625007,19156.1097425602,19189.886453154624,596.681005914701
2023-01-28 14:15:00,19187.82182334111,19227.82155994489,19123.19262492458,19198.482142605815,988.9153025726536
2023-01-28 14:30:00,19200.18956648449,19218.156607809324,19124.828253966014,19205.194246418218,549.2495376527114
2023-01-28 14:45:00,19204.268134321854,19240.939733667678,19137.519577904495,19210.966631209925,670.848823496258
2023-01-28 15:00:00,19210.62648745085,19210.62648745085,19176.510739337984,19194.717168229836,579.4181181902252
2023-01-28 15:15:00,19197.06373314981,19221.100319332887,19168.36054399171,19195.444073635495,546.5153797668578
2023-01-28 15:30:00,19187.667643901095,19269.88620070337,19154.007512408538,19177.420998863403,636.3063241496159
2023-01-28 15:45:00,19170.574050385934,19234.98507449206,19149.553679649915,19168.341803876232,579.3482765152569
2023-01-28 16:00:00,19167.77189067339,19189.28200177817,19144.1579438564,19161.310043369434,931.3128369724245
2023-01-28 16:15:00,19156.802405183193,19165.814357143106,19103.918235764395,19132.89347939358,875.7934908652941
2023-01-28 16:30:00,19131.338882390595,19164.59778907017,19107.526733105056,19144.017032679865,662.7894578836533
2023-01-28 16:45:00,19147.19528302877,19147.19528302877,19056.930881590568,19125.18355793541,629.2726496925172
2023-01-28 17:00:00,19131.721453977352,19230.081642295692,19131.721453977352,19156.83884240637,1270.9149167782143
2023-01-28 17:15:00,19169.17182124625,19208.6161013809,19154.755313890677,19171.654129219034,791.3760841284729
2023-01-28 17:30:00,19167.676701785742,19215.06417686835,19165.314566918034,19188.863049831667,665.1837306801885
2023-01-28 17:45:00,19187.288675702704,19204.376639465314,19176.122731165742,19188.841247797358,1098.2164146580765
2023-01-28 18:00:00,19188.72868051483,19224.39804699495,19134.492017563567,19205.98549157884,666.4989027553294
2023-01-28 18:15:00,19210.673919237153,19289.264658043638,19210.673919237153,19251.97619277831,869.3356293735084
2023-01-28 18:30:00,19248.505143436232,19326.02902975814,19183.452019528933,19254.521574875263,572.7649399978085
2023-01-28 18:45:00,19259.754980465175,19274.422999538518,19203.497260524804,19260.725321558813,1371.3519942508888
2023-01-28 19:00:00,19266.341411745376,19274.959891808605,19226.460423774253,19247.58996860752,758.5021281466917
2023-01-28 19:15:00,19241.46880473353,19282.862348973966,19192.34682963461,19207.62137850312,644.7636070067916
2023-01-28 19:30:00,19197.270695572697,19263.317375287545,19130.869310493534,19185.311474246973,1507.6390402530465
2023-01-28 19:45:00,19193.947798912555,19193.947798912555,19123.373554450784,19153.28362082725,703.0853119035534
2023-01-28 20:00:00,19150.560212939166,19228.875865859165,19125.665735426133,19178.680092822662,604.8912173688842
2023-01-28 20:15:00,19173.277805448368,19176.83192920916,19139.33015656897,19151.671197727148,1113.5011805490633
2023-01-28 20:30:00,19156.62589440058,19207.248906412216,19104.973470419656,19142.431833248444,525.0230963059346
2023-01-28 20:45:00,19159.981965635725,19166.27131549897,19098.299539640604,19123.74418331628,588.1386394924948
2023-01-28 21:00:00,19125.77129185339,19163.91858316136,19099.360748077586,19123.291006689797,604.7406212565398
2023-01-28 21:15:00,19118.12522065761,19162.819706607257,19070.384620616176,19106.037614195764,796.4343350589378
2023-01-28 21:30:00,19105.476065135746,19171.69496732165,19105.476065135746,19130.259320608046,818.9904565467015
2023-01-28 21:45:00,19131.15511037238,19138.629076356843,19060.599455967353,19124.253143909285,789.9439310096163
2023-01-28 22:00:00,19125.61200451053,19148.270474619716,19078.991426286957,19135.37094246704,755.3430739563714
2023-01-28 22:15:00,19135.16375522282,19135.16375522282,19076.95548760417,19108.622535535367,1192.3422707870263
2023-01-28 22:30:00,19110.772256053027,19122.003124376624,19003.929228329718,19107.52722503688,658.4669423176657
2023-01-28 22:45:00,19103.44332132701,19183.293120861883,19052.622263145877,19102.86679844092,787.5365923654899
2023-01-28 23:00:00,19102.757586018863,19172.51780876607,19102.757586018863,19144.12057886196,647.3882695808484
2023-01-28 23:15:00,19137.93038576523,19153.787365595144,19098.82855050525,19138.20878121107,648.581745160804
2023-01-28 23:30:00,19131.880419672754,19181.626127721127,19131.880419672754,19149.47906924535,927.6857874637122
2023-01-28 23:45:00,19143.847636758324,19144.217733421825,19054.504634455534,19126.263788910117,797.9322614348516
2023-01-29 00:00:00,19126.66667942362,19168.61821425693,19086.510061290977,19112.43594932104,950.4122117811381
2023-01-29 00:15:00,19125.335052970477,19160.402496552542,19077.557484519955,19120.092799653303,1249.5274484815873
2023-01-29 00:30:00,19116.07469055406,19143.355272927645,19049.004187320275,19098.75026250727,1206.7423003177605
2023-01-29 00:45:00,19100.72256848996,19142.515729049235,19097.344874860886,19113.88639495737,556.2068506738648
2023-01-29 01:00:00,19119.06793244486,19194.34303925726,19080.702198202485,19112.762132961485,733.5164062844558
2023-01-29 01:15:00,19108.300934648727,19140.377740142685,19101.518667453547,19124.18096518737,558.4251079165653
2023-01-29 01:30:00,19128.199674825297,19144.15153007865,19078.679075209177,19099.07833707218,2032.6605982159372
2023-01-29 01:45:00,19101.989090832412,19151.603183920637,19090.258875119045,19134.208177958655,649.609997481723
2023-01-29 02:00:00,19130.868785855764,19224.106962152408,19130.868785855764,19166.40947160831,600.3789268771961
2023-01-29 02:15:00,19159.336383507634,19205.554723099613,19130.649806510817,19175.831525276368,836.698600585589
2023-01-29 02:30:00,19183.124832793383,19217.980654751515,19152.197561309807,19177.51296411782,575.9639116578957
2023-01-29 02:45:00,19170.201137121607,19234.663635022975,19168.020068246595,19188.52437614668,787.6026922632954
2023-01-29 03:00:00,19185.628076832556,19212.22366897331,19112.853564117497,19172.022171040542,563.0459375224624
2023-01-29 03:15:00,19161.225786457548,19183.110224378863,19136.596064910675,19160.87185180291,1168.7442351604152
2023-01-29 03:30:00,19165.493971604195,19166.036298493404,19114.096834008706,19144.207806994447,1083.231082786796
2023-01-29 03:45:00,19154.20726081012,19187.63400041312,19100.5225854637,19145.87977951065,610.1431033534926
2023-01-29 04:00:00,19145.606562873574,19201.554470658997,19141.08561593909,19164.91672940729,933.4924835217563
2023-01-29 04:15:00,19167.642913758238,19198.99453288313,19147.22334201084,19184.880802658245,676.0257792032634
2023-01-29 04:30:00,19180.353925640153,19180.353925640153,19131.392961812857,19155.214281546134,820.7703255334785
2023-01-29 04:45:00,19156.565722131956,19193.188750526213,19156.565722131956,19180.6043530559,655.2337168857052
2023-01-29 05:00:00,19178.74272890256,19178.74272890256,19149.402617261072,19161.038636892958,1188.6317213111433
2023-01-29 05:15:00,19153.321798283596,19212.498829643235,19116.96254025517,19163.976112915454,776.0595469091003
2023-01-29 05:30:00,19174.84192014732,19213.106638176676,19126.942584595752,19160.89254619715,782.9985559928564
2023-01-29 05:45:00,19162.05165372747,19196.641135402013,19121.00018910413,19161.12036766493,664.7620711651613
2023-01-29 06:00:00,19158.03906118075,19220.97863351387,19132.602240093976,19160.884324693412,569.3626045413247
2023-01-29 06:15:00,19168.560449987523,19225.506063161458,19145.673841625252,19186.1854522513,1372.854769233736
2023-01-29 06:30:00,19193.34658664609,19232.025254085354,19175.477719756083,19208.2953361147,625.8572376111791
2023-01-29 06:45:00,19208.586140581356,19235.237476378446,19147.19282870524,19207.024702628187,1053.1850528640184
2023-01-29 07:00:00,19197.805465770256,19282.30186918163,19195.17507716517,19210.985261404923,782.9662571136199
2023-01-29 07:15:00,19215.437485024227,19275.49714112837,19197.921228379855,19228.001838624707,844.322366826811
2023-01-29 07:30:00,19219.151615930434,19219.151615930434,19094.518482917934,19176.55048620096,1165.3068127185559
2023-01-29 07:45:00,19183.37729211323,19227.993976641737,19122.566509030617,19175.522018099597,537.5796747183626
2023-01-29 08:00:00,19176.47161177797,19176.47161177797,19099.4484612309,19159.329424742176,712.83351890373
2023-01-29 08:15:00,19148.898872095982,19194.56062804926,19094.57742226724,19134.525466318868,822.6835487372018
2023-01-29 08:30:00,19117.43324789338,19163.181231000435,19103.916825503533,19125.986082731248,798.0364771750138
2023-01-29 08:45:00,19129.955759123728,19160.097060066368,19110.188573219883,19127.11046625546,800.7122667942554
2023-01-29 09:00:00,19128.59286781478,19147.537444753503,19110.5473153009,19127.853286634465,814.6572530646878
2023-01-29 09:15:00,19135.167615689177,19172.32340561553,19075.595476284696,19142.271704371244,642.0779317297998
2023-01-29 09:30:00,19141.943232077905,19171.57584213164,19129.731347107256,19149.59002251398,585.3243417476174
2023-01-29 09:45:00,19154.57861136109,19196.462915832435,19146.923752642688,19167.143531190875,1233.1055005128655
2023-01-29 10:00:00,19160.72965706432,19225.148960099905,19149.75153570384,19177.776035470513,1282.346925612329
2023-01-29 10:15:00,19172.506969872375,19237.809361359472,19171.820422324443,19198.970755762537,560.7040026227571
2023-01-29 10:30:00,19207.841278244032,19276.16311532088,19107.081118384085,19163.090867815983,825.0496511220782
2023-01-29 10:45:00,19168.848575820677,19194.162040056683,19162.87499288946,19179.04251157804,858.2890513215647
2023-01-29 11:00:00,19175.09888448747,19208.822931001432,19146.169122687235,19195.09555742735,854.3083261701734
2023-01-29 11:15:00,19189.942490253252,19263.728226223422,19187.658914976284,19221.758384616667,723.3635545612113
2023-01-29 11:30:00,19238.38510439962,19272.351884685253,19168.098075911334,19216.649290086414,1254.0992435781197
2023-01-29 11:45:00,19218.397236787085,19282.133104515728,19158.346599109584,19191.221577054665,608.5056132236797
2023-01-29 12:00:00,19187.633391712046,19236.134172350212,19141.15480580993,19195.567737309993,518.8932049183151
2023-01-29 12:15:00,19190.61015633671,19234.293863392548,19185.924400881857,19207.94229742216,748.8298120184893
2023-01-29 12:30:00,19206.926571479133,19213.339842446316,19108.29108096741,19181.26753121116,641.4078064608883
2023-01-29 12:45:00,19185.81858676763,19230.738759868316,19100.38484789194,19164.1103597773,917.9671334463451
2023-01-29 13:00:00,19168.87874317574,19198.12607483016,19144.657455869463,19169.708185565243,1310.106186287561
2023-01-29 13:15:00,19174.031150238916,19192.306881038043,19154.06800289848,19172.952708370667,1218.552282344237
2023-01-29 13:30:00,19161.625472942804,19209.96207815502,19049.14327987595,19176.24272466883,641.2499642688027
2023-01-29 13:45:00,19176.30222153302,19224.576126442007,19159.60669522369,19173.478113283094,766.3719809311755
2023-01-29 14:00:00,19176.762373377616,19190.92924543847,19098.941554517365,19176.211856291324,610.1380668047245
2023-01-29 14:15:00,19172.901176331663,19190.09393748269,19124.873944177343,19154.380045669102,1344.9494796960334
2023-01-29 14:30:00,19165.076287916258,19235.73820626223,19132.966428239262,19145.115194750888,603.5890417353876
2023-01-29 14:45:00,19157.112961176925,19180.996724387875,19097.93577815707,19124.79476858796,1452.3517101364216
2023-01-29 15:00:00,19124.15632134574,19133.338998791543,19046.288397335644,19114.197639965692,1474.2176048118945
2023-01-29 15:15:00,19106.91959002369,19150.324672517447,19082.66067203054,19108.644824880477,632.3465730773971
2023-01-29 15:30:00,19104.029443218846,19135.588425046655,19050.717577156553,19095.474919894066,560.7625216140117
2023-01-29 15:45:00,19105.093336370574,19174.3838498702,19095.591422062866,19122.997024352517,772.4521048711
2023-01-29 16:00:00,19125.820006111535,19142.22683177016,19068.529350983692,19117.373094913368,549.1830945539747
2023-01-29 16:15:00,19126.962684350667,19166.14290257289,19099.98314008436,19127.6525952827,1110.4670375384364
2023-01-29 16:30:00,19127.107079563495,19155.94142513121,19090.348243306926,19127.626946531826,1155.0502558657367
2023-01-29 16:45:00,19128.435852521947,19149.48095002204,19091.43354370058,19130.660351692288,555.9995196602458
2023-01-29 17:00:00,19123.208788450094,19184.109593390967,19074.960161390296,19121.33003462565,700.8551127293804
2023-01-29 17:15:00,19124.299416300484,19182.22409956565,19122.265645363233,19149.213539892335,1223.7113644682793
2023-01-29 17:30:00,19144.25634408192,19229.119485480915,19127.222967011017,19146.53615718328,1084.6761892841776
2023-01-29 17:45:00,19138.510116345893,19216.26065842346,19138.510116345893,19161.753559830857,1058.682795830368
2023-01-29 18:00:00,19167.319829576078,19256.27493767047,19140.160153876786,19157.750665421892,1123.8526536020256
2023-01-29 18:15:00,19152.474873728894,19169.50854289724,19056.319568513103,19136.302070892994,761.6603275343015
2023-01-29 18:30:00,19134.118906476237,19163.07980028829,19104.21469496037,19128.58976980795,1192.8700321223678
2023-01-29 18:45:00,19123.10829428084,19161.686386686968,19098.505635081216,19119.38808370818,1509.5833335067057
2023-01-29 19:00:00,19131.611077139452,19166.327818202124,19056.077119057914,19116.521245308766,661.6181369822634
2023-01-29 19:15:00,19134.546201972214,19137.768145795413,19064.698461803717,19103.781530171353,537.2768507275819
2023-01-29 19:30:00,19110.643923293614,19137.46650599699,19072.424473502982,19107.296859290633,1054.8478771798807
2023-01-29 19:45:00,19101.849146280085,19157.44024348747,19101.849146280085,19120.92571745408,1773.3242225465904
2023-01-29 20:00:00,19121.453591445617,19172.996515804276,19103.850242272656,19147.382016572083,707.8823240396422
2023-01-29 20:15:00,19144.08766791702,19174.867758339853,19091.13271711999,19133.545128225986,610.1843431702082
2023-01-29 20:30:00,19131.075010444547,19200.67502860753,19091.333908292156,19158.535542524034,796.0235483544479
2023-01-29 20:45:00,19152.11360278283,19212.538912529053,19123.798509502736,19159.835816148763,666.7141323232858
2023-01-29 21:00:00,19166.152815702226,19213.060241318915,19114.88747709658,19166.83792893853,730.1049922234855
2023-01-29 21:15:00,19170.01033436016,19207.63298247006,19127.13964476995,19174.869204657134,703.8404073529682
2023-01-29 21:30:00,19172.124392217043,19177.108581341345,19140.049289358365,19164.458397916063,587.0868782159229
2023-01-29 21:45:00,19161.540816256285,19236.253820640348,19130.349120885345,19179.033332725285,864.8742028459948
2023-01-29 22:00:00,19185.91372957791,19257.532559169933,19185.91372957791,19206.146831108705,668.5473466895879
2023-01-29 22:15:00,19208.45528772372,19277.579259331604,19203.881847119967,19218.45746396736,1102.9178461007
2023-01-29 22:30:00,19217.611247555484,19252.302631888437,19196.821547156404,19228.527638230033,615.7714201676927
2023-01-29 22:45:00,19224.41860617288,19224.41860617288,19135.41753206511,19188.991510461474,877.1573206494377
2023-01-29 23:00:00,19191.700999330762,19249.726413119897,19175.588794739317,19193.902164503714,655.6867499071021
2023-01-29 23:15:00,19194.423307296976,19241.463750062772,19162.044764825354,19190.364884324823,733.6872525638869
2023-01-29 23:30:00,19186.584349505436,19189.04570253966,19117.58776235656,19174.58813609681,907.8588329006143
2023-01-29 23:45:00,19169.703310702258,19239.261314862903,19115.64433164182,19177.18579191155,1337.9300168915443
2023-01-30 00:00:00,19173.182351757278,19175.600052777685,19125.76033423669,19154.87534684214,839.1745684409109
2023-01-30 00:15:00,19159.404423823973,19220.839833174086,19139.59181546371,19178.43296505631,598.4502159355601
2023-01-30 00:30:00,19182.13633581869,19229.09063620522,19152.994962715766,19190.173204932504,1063.1750975500274
2023-01-30 00:45:00,19196.297879485643,19316.826181365013,19189.178360781592,19219.353393219873,1166.4473078594801
2023-01-30 01:00:00,19217.91476295412,19238.992508159918,19197.579068391304,19223.87005314689,817.652995722463
2023-01-30 01:15:00,19228.639977843617,19280.351999602044,19224.769412754875,19266.488489865966,1369.7666309904757
2023-01-30 01:30:00,19262.66252502837,19262.66252502837,19190.641791348677,19241.710435007615,850.3381943681641
2023-01-30 01:45:00,19243.211867706705,19243.211867706705,19183.022518004287,19218.190494754253,622.9959347546055
2023-01-30 02:00:00,19222.789928228503,19272.22756266802,19188.935799212348,19221.17964067927,906.7894515148257
2023-01-30 02:15:00,19216.0496991381,19254.04561633863,19179.54745184595,19219.616127044712,842.6207300309978
2023-01-30 02:30:00,19219.921179133213,19219.921179133213,19166.60711757844,19195.540834137013,971.0886194004346
2023-01-30 02:45:00,19191.977396205064,19237.3896152355,19145.662286634833,19177.321867899685,818.4996171387031
2023-01-30 03:00:00,19170.055956075386,19207.59466454242,19154.014974837108,19176.19201337857,1505.859856251662
2023-01-30 03:15:00,19174.392586432183,19204.236550157868,19161.669310778965,19175.910855392453,726.3388799031227
2023-01-30 03:30:00,19170.90673646867,19203.403371012348,19155.968809008566,19173.72185703205,1799.926981917069
2023-01-30 03:45:00,19169.564784896338,19204.431588403473,19114.416328697174,19172.287177396138,805.2812918980903
2023-01-30 04:00:00,19176.080504472662,19184.010146641813,19140.72940069167,19165.861790383606,745.0943151907309
2023-01-30 04:15:00,19165.662506101977,19237.89606658392,19161.38624873425,19179.930132276397,545.0509018085327
2023-01-30 04:30:00,19182.146383658142,19229.280888736306,19164.600206095332,19211.425344365864,599.8599017436518
2023-01-30 04:45:00,19215.084725883044,19231.26849280641,19184.774365645997,19213.294759919903,601.5865579179817
2023-01-30 05:00:00,19208.886552772907,19223.8860466496,19163.08545654999,19209.462165076897,1264.6935344864926
2023-01-30 05:15:00,19204.778590471033,19269.560397607333,19185.56709196658,19221.28750361178,998.9070923920281
2023-01-30 05:30:00,19229.407619751,19255.56088662988,19124.874632894192,19203.363820131057,1190.0077073693865
2023-01-30 05:45:00,19204.62137293518,19228.47017604503,19142.016632976753,19196.215374942356,1234.1950785307986
2023-01-30 06:00:00,19194.134896395775,19202.453803267385,19151.690798382133,19176.29262652304,771.5446461118639
2023-01-30 06:15:00,19167.50954524832,19202.881203281588,19139.604675001545,19190.73212611259,832.9106986928847
2023-01-30 06:30:00,19175.28218651381,19218.05336702618,19175.28218651381,19198.446703914895,626.2034368181615
2023-01-30 06:45:00,19203.29417263559,19232.809766581857,19175.533722084612,19188.02106413076,558.4596496325609
2023-01-30 07:00:00,19184.23647371114,19231.81870366238,19163.884625669667,19190.148075082056,513.3846731620166
2023-01-30 07:15:00,19187.882025097555,19259.039444137514,19167.828131638096,19192.60029633559,643.0724139446147
2023-01-30 07:30:00,19188.851922140824,19241.835778691213,19175.955236505837,19203.79332933342,546.4985515490058
2023-01-30 07:45:00,19210.32872607756,19210.32872607756,19134.336695323334,19158.59160582184,840.3972725083036
2023-01-30 08:00:00,19169.26917182825,19240.028287087032,19169.26917182825,19195.683324595688,1075.9538344722391
2023-01-30 08:15:00,19197.13357816507,19246.99416292743,19197.13357816507,19222.169456043634,611.2511295637173
2023-01-30 08:30:00,19208.56779419866,19238.499057451012,19142.14853452909,19202.61998775635,594.0517036755558
2023-01-30 08:45:00,19202.05320764917,19245.136022285813,19113.188943211524,19193.598200950517,2461.1453530220965
2023-01-30 09:00:00,19191.17675335728,19247.159197497906,19177.32065877522,19207.281990582673,568.5852571982672
2023-01-30 09:15:00,19204.913527220782,19278.989697616806,19204.913527220782,19229.078970774997,693.9520857881747
2023-01-30 09:30:00,19230.44299939504,19230.44299939504,19137.214998597236,19208.23594430532,2205.2303856232634
2023-01-30 09:45:00,19202.863267083136,19265.338954677154,19153.572795119566,19232.464562614223,1162.573820504815
2023-01-30 10:00:00,19236.413907650436,19297.261054057948,19223.03341101975,19242.414350058116,573.4574433215627
2023-01-30 10:15:00,19247.99580181726,19264.968545399963,19153.328715685697,19224.464190487743,691.0469237072831
2023-01-30 10:30:00,19221.678636845296,19267.866206245548,19201.573874036832,19230.152697471534,918.8402564804451
2023-01-30 10:45:00,19225.195430033284,19284.21341027696,19197.21377407139,19229.609581923578,613.1214664991642
2023-01-30 11:00:00,19225.480368555644,19277.62474476002,19221.420957193324,19243.45453604667,867.7409464251756
2023-01-30 11:15:00,19247.90324952166,19272.68263526627,19192.1401113226,19230.19700937001,726.270123443471
2023-01-30 11:30:00,19225.371245324422,19225.371245324422,19183.696274574344,19208.571457983,618.1801625293741
2023-01-30 11:45:00,19211.891242855603,19251.31171416753,19183.287841507485,19220.109433979593,775.1934313134562
2023-01-30 12:00:00,19223.991287585188,19236.955799761483,19207.9780611319,19222.114298278186,774.0374728216206
2023-01-30 12:15:00,19221.678093022176,19235.44607773558,19201.51634837124,19219.58129945725,584.8343515290826
2023-01-30 12:30:00,19223.94126440272,19261.25456690071,19223.18164812614,19239.870858246042,571.8412334322367
2023-01-30 12:45:00,19235.21567997248,19292.201017008305,19210.762975346108,19248.95822555123,854.3125932149338
2023-01-30 13:00:00,19252.816782426056,19252.816782426056,19207.490791232685,19232.469772982007,1176.052872622469
2023-01-30 13:15:00,19228.083161451974,19234.810689602222,19126.041394687214,19203.71478835805,620.301992116648
2023-01-30 13:30:00,19199.142662281498,19267.3899109737,19162.650398326492,19207.653532983622,652.8444576636253
2023-01-30 13:45:00,19203.062313796017,19271.04325499795,19203.062313796017,19226.31028045094,1089.7736938178336
2023-01-30 14:00:00,19223.79673269885,19246.06409254562,19175.62644564641,19189.99716123465,687.4402301583642
2023-01-30 14:15:00,19188.92712907908,19188.92712907908,19109.454265416727,19157.07903538315,695.0566542836502
2023-01-30 14:30:00,19151.211407204042,19156.767919017835,19089.23919575781,19137.977764768046,561.4052895919617
2023-01-30 14:45:00,19137.33978382892,19184.986298109485,19037.546287910776,19115.43580209783,1237.2021467439993
2023-01-30 15:00:00,19112.840574966005,19132.650406053835,19059.939222644844,19092.37905415005,862.5305647088231
2023-01-30 15:15:00,19094.56954264288,19178.307216867346,19042.352558591836,19082.01547315012,578.032623171509
2023-01-30 15:30:00,19082.07861442489,19158.184888643435,19082.07861442489,19102.81845669999,611.107867249773
2023-01-30 15:45:00,19100.741194808892,19128.207408098955,19056.302166436108,19090.6111224197,690.7552544850175
2023-01-30 16:00:00,19093.78546662951,19191.07372771571,19076.653544195495,19126.069488512007,1182.6284627029468
2023-01-30 16:15:00,19123.838729165083,19178.82122702253,19123.838729165083,19151.272914451576,786.708142272028
2023-01-30 16:30:00,19155.27182736245,19228.275458783297,19152.85545130315,19184.769392048354,994.5805282608064
2023-01-30 16:45:00,19182.617796453174,19201.45889707183,19161.046192873204,19174.90843670209,921.5080595060477
2023-01-30 17:00:00,19180.389398617062,19204.79674118275,19124.454944101122,19175.61334062845,814.6622483179998
2023-01-30 17:15:00,19174.538824630494,19193.962846994273,19149.433980724767,19179.53763540274,534.2237450828476
2023-01-30 17:30:00,19184.167103774365,19233.2617564017,19170.4432774284,19183.761723212683,906.9411502656642
2023-01-30 17:45:00,19183.882908115866,19201.963620229366,19156.28119033704,19182.779549456187,1244.4443360948283
2023-01-30 18:00:00,19179.188562328876,19280.565047259737,19142.07770656355,19197.089070985312,677.7432081477378
2023-01-30 18:15:00,19197.639036024535,19225.900225550668,19163.848388853577,19200.180159359144,1056.393282111146
2023-01-30 18:30:00,19208.30906013608,19260.923169632813,19154.947819400146,19216.46006745096,550.357986274606
2023-01-30 18:45:00,19214.678096556803,19227.505603329395,19190.776616509396,19212.10448399236,633.8295842496426
2023-01-30 19:00:00,19210.550826902763,19270.2748753848,19149.18403650737,19213.897668819387,563.6912962223629
2023-01-30 19:15:00,19213.067675219198,19265.925677239768,19200.685426370463,19243.1939294464,1080.0634502047444
2023-01-30 19:30:00,19244.522676194283,19244.522676194283,19126.454972010288,19220.267498155208,997.5038341434148
2023-01-30 19:45:00,19225.116156455624,19283.128429716464,19221.7166137671,19237.049383329464,1748.4257832761125
2023-01-30 20:00:00,19232.605617910456,19282.4013249275,19198.58911962805,19259.053279032843,1138.4945755085523
2023-01-30 20:15:00,19264.398212848584,19326.60996840988,19198.83546618605,19273.8914811408,577.9026410709271
2023-01-30 20:30:00,19279.16127010399,19305.148250810948,19244.832297970068,19275.21025525197,708.2594909266222
2023-01-30 20:45:00,19278.54589352908,19341.024646310045,19255.959748755162,19277.970077947204,1243.7441380450011
2023-01-30 21:00:00,19267.855493514606,19364.261782291203,19267.855493514606,19289.87539435843,1130.84853008237
2023-01-30 21:15:00,19296.104017358688,19343.461600471634,19293.861934689296,19309.653762931714,614.3810586460644
2023-01-30 21:30:00,19317.15953269475,19330.506510695028,19281.194440721232,19298.68972031041,886.5608333765897
2023-01-30 21:45:00,19295.06563373684,19315.63756978273,19197.52377177226,19283.291508359085,881.5391670750198
2023-01-30 22:00:00,19279.196461849868,19308.270426135816,19278.15124672056,19293.63519252932,845.7468363055293
2023-01-30 22:15:00,19297.475318015142,19347.928811900874,19291.226335523126,19309.402617362743,635.3866026256641
2023-01-30 22:30:00,19298.232186073736,19381.16175476598,19285.414011716548,19299.709378035965,534.3890032118943
2023-01-30 22:45:00,19300.42253143658,19302.76984939394,19256.406330864935,19278.040648678627,839.2334180393086
2023-01-30 23:00:00,19286.766299460967,19323.690370361877,19225.402398626647,19288.78933713108,535.793467212593
2023-01-30 23:15:00,19287.406619027017,19310.09485676699,19206.89418750474,19270.00353401728,1276.470959955107
2023-01-30 23:30:00,19275.518892783795,19283.09136409053,19245.214676726973,19267.236555498464,798.6644355969714
2023-01-30 23:45:00,19262.693259493106,19292.978284824163,19262.693259493106,19276.986582603447,538.8601587070832
2023-01-31 00:00:00,19277.60679948496,19299.946023259043,19249.067187248183,19273.888427866284,811.3512146692885
2023-01-31 00:15:00,19279.189905420637,19323.266781100847,19225.15537819481,19289.45067439107,549.7317286840079
2023-01-31 00:30:00,19286.387513532347,19331.998866323695,19267.066930689587,19295.92008233876,586.9656689917541
2023-01-31 00:45:00,19291.43207021594,19342.421972709657,19218.58741261442,19306.834141507068,617.4748687903036
2023-01-31 01:00:00,19301.216275516428,19355.22198821959,19296.03069340454,19310.109387645134,1328.9546489792426
2023-01-31 01:15:00,19313.405051463986,19336.596361517495,19185.72347298356,19314.785052752668,630.8044722591505
2023-01-31 01:30:00,19312.42255888453,19396.943551224642,19266.576388689686,19339.181687026008,599.8081011808209
2023-01-31 01:45:00,19338.58724615181,19343.50813497318,19286.54453344903,19316.4371323755,976.1271898562565
2023-01-31 02:00:00,19314.81665475776,19332.05402208362,19303.239734911145,19318.763960946817,710.2531966721073
2023-01-31 02:15:00,19321.765154749944,19350.85299845193,19266.282811962952,19316.72602773526,717.4296553490102
2023-01-31 02:30:00,19314.199445234197,19401.859784683238,19252.247679188986,19300.89531380478,648.0019403083853
2023-01-31 02:45:00,19303.824320517804,19325.715424089907,19288.44551964844,19304.695044567805,840.4107596710253
2023-01-31 03:00:00,19311.4714613931,19319.28376072353,19268.75039060005,19294.54721753607,537.8507063629418
2023-01-31 03:15:00,19294.969339988646,19325.205719715734,19239.58505767126,19299.929172021322,774.9464442041717
2023-01-31 03:30:00,19301.435302162427,19334.22058466207,19220.226585950597,19303.864905258244,634.8445518823178
2023-01-31 03:45:00,19308.73554528975,19364.221324952956,19269.28502646648,19300.140867068607,532.4705427526031
2023-01-31 04:00:00,19299.42400024176,19316.273915966707,19223.036842385176,19286.17611609155,757.2819298548671
2023-01-31 04:15:00,19289.042800563646,19308.097465471776,19252.63633463543,19273.086976100472,550.7850496828984
2023-01-31 04:30:00,19278.897224244953,19319.93256641667,19235.641703581354,19297.114931198765,621.1210781487961
2023-01-31 04:45:00,19300.258231362353,19300.258231362353,19205.074046939688,19264.48105955012,594.3249362940347
2023-01-31 05:00:00,19266.450407372377,19278.738727657743,19231.92524930181,19249.179549691456,643.9857896779101
2023-01-31 05:15:00,19248.603327972858,19299.78030797115,19211.822319387364,19261.548717197456,551.694984513523
2023-01-31 05:30:00,19264.68030137128,19331.26628452807,19247.192740025155,19285.48015755299,934.4268634953412
2023-01-31 05:45:00,19283.5957191616,19323.88540135873,19235.944175534834,19288.54235133797,557.2077629297683
2023-01-31 06:00:00,19280.857386715135,19358.418649558753,19280.857386715135,19308.353672151537,623.6973341684935
2023-01-31 06:15:00,19313.00632605088,19313.00632605088,19238.747279755036,19271.84143081384,1038.094893173338
2023-01-31 06:30:00,19280.992601251375,19284.648538992642,19205.462918621204,19262.01672235222,599.1565421055584
2023-01-31 06:45:00,19257.133083043605,19283.40468068452,19212.024737538657,19234.820140820488,856.9693301321155
2023-01-31 07:00:00,19229.519633983153,19240.00227334145,19196.34528085766,19227.855342902734,1031.6467466412182
2023-01-31 07:15:00,19221.448757218466,19287.2441116093,19158.38798943376,19247.33341333415,1320.2814072855247
2023-01-31 07:30:00,19256.049661127607,19279.6652357627,19197.7660218808,19224.92414294723,1020.4059036282482
2023-01-31 07:45:00,19229.042896216502,19237.91436694527,19162.885885874988,19218.495693901754,1052.4908999488057
2023-01-31 08:00:00,19218.485138149117,19218.94600022825,19162.431177323007,19194.431497590576,810.4033952389096
2023-01-31 08:15:00,19182.05735604458,19273.353672171797,19171.270734766564,19217.010860577604,701.448822906331
2023-01-31 08:30:00,19219.75966387857,19219.75966387857,19183.656777306096,19195.299202577917,1058.729392498756
2023-01-31 08:45:00,19186.483889923922,19262.877425526443,19136.40634485858,19191.818865192152,890.2798288302942
2023-01-31 09:00:00,19192.257886517356,19222.306125577314,19153.326430736885,19203.090905365658,887.9207526494022
2023-01-31 09:15:00,19202.739974895587,19240.41633503251,19194.52581568323,19220.721624501188,557.2123384906395
2023-01-31 09:30:00,19212.87893490506,19316.991710775103,19212.87893490506,19258.26789798886,894.9854378739612
2023-01-31 09:45:00,19261.786813802184,19325.392278341395,19231.195076013035,19263.081124280954,1489.3854609066395
2023-01-31 10:00:00,19255.920697922385,19260.206251940726,19212.230537507443,19228.88456104365,970.3929965369581
2023-01-31 10:15:00,19219.8022011219,19251.680468223618,19219.8022011219,19234.067757448225,585.7915046693142
2023-01-31 10:30:00,19227.358627305635,19275.909797254913,19224.414468677933,19261.8911407707,720.9140405569739
2023-01-31 10:45:00,19265.95775600168,19278.908686978528,19221.665655002536,19264.760175081585,620.1724486595964
2023-01-31 11:00:00,19275.788346982834,19280.12969551525,19204.600606743457,19262.577973650652,936.3028077283249
2023-01-31 11:15:00,19264.41205817949,19319.40249288068,19247.695381850248,19268.23886420257,596.3127853991369
2023-01-31 11:30:00,19273.137447526875,19304.13724386833,19261.972444773935,19284.088084524938,622.343897715485
2023-01-31 11:45:00,19287.95038626869,19287.95038626869,19222.690802282275,19257.885795584043,615.3550333754707
2023-01-31 12:00:00,19261.68679680873,19261.68679680873,19224.311548637143,19245.960551283108,897.6987634966174
2023-01-31 12:15:00,19242.479538648495,19287.809318539723,19176.873897931782,19245.56786792285,649.9240862733297
2023-01-31 12:30:00,19243.634086947095,19323.4752929252,19159.134596271844,19237.003288848584,1197.1601502086287
2023-01-31 12:45:00,19242.044215381968,19258.353714816032,19183.65334380399,19228.531336276705,593.6813597693796
2023-01-31 13:00:00,19222.23879761712,19273.098489892414,19197.869653336493,19244.45462377736,723.742968126145
2023-01-31 13:15:00,19244.77279492614,19281.461641726124,19231.818550142143,19243.94085822391,756.2116626644246
2023-01-31 13:30:00,19249.079688796082,19326.59071212135,19202.46429573073,19256.167753376187,1104.3511542589636
2023-01-31 13:45:00,19253.90201804381,19341.235611247645,19238.818479727564,19260.99560427585,966.0896974214235
2023-01-31 14:00:00,19261.394608673065,19277.869106398342,19246.904214027112,19264.670741924798,817.0889015904332
2023-01-31 14:15:00,19262.136770142395,19310.687777473744,19259.770062824697,19286.15323716903,685.2621645414305
2023-01-31 14:30:00,19290.51907569287,19307.348594847463,19274.002808845024,19289.44162303662,1441.064456283472
2023-01-31 14:45:00,19284.0603054573,19336.102240491186,19253.95283111777,19293.766366943466,813.7503469727119
2023-01-31 15:00:00,19295.683180820633,19335.210849940315,19255.63636633341,19282.997560147844,551.7835159419208
2023-01-31 15:15:00,19298.183265542975,19305.284576621896,19261.557526981313,19278.63537793991,512.2870607285513
2023-01-31 15:30:00,19280.301469343336,19307.67594830437,19242.04961097266,19268.17988889617,1424.6961924999289
2023-01-31 15:45:00,19269.03668082121,19269.03668082121,19185.9804527307,19248.577811018054,1765.8357725263431
2023-01-31 16:00:00,19248.12807596076,19285.031583345495,19178.27349704416,19230.291836447155,2611.3357047366576
2023-01-31 16:15:00,19232.35492271193,19232.35492271193,19173.79743125844,19193.80030776184,687.2400487692149
2023-01-31 16:30:00,19191.976233517395,19282.70756092709,19183.934359414692,19205.65868307959,700.9146839662368
2023-01-31 16:45:00,19200.536860795826,19236.7194014671,19159.362163165646,19179.050582491895,662.0830650186931
2023-01-31 17:00:00,19173.440594678923,19203.805091835042,19170.092152161913,19187.257692456125,808.3734280317414
2023-01-31 17:15:00,19196.43092996862,19209.19338232893,19115.221599946206,19163.206089869902,728.0735146633494
2023-01-31 17:30:00,19167.63172289344,19219.38111329579,19040.352688014143,19144.71646479552,933.5320922963591
2023-01-31 17:45:00,19139.840385327876,19139.840385327876,19101.45907093805,19121.8511999083,670.0649311577066
2023-01-31 18:00:00,19126.273608683656,19170.894623090488,19082.448081942282,19109.507147935085,1602.7034067766829
2023-01-31 18:15:00,19108.007986342156,19166.676236190222,19073.070321284336,19123.082253807388,545.094248184309
2023-01-31 18:30:00,19130.46744728083,19163.82867599647,19112.50249866648,19149.67058565131,908.424686183092
2023-01-31 18:45:00,19147.45626754406,19183.49914770074,19128.887766252974,19144.996260669464,813.062410244003
2023-01-31 19:00:00,19140.096207838124,19206.648860942907,19116.9141123253,19149.976887174835,547.3094906736383
2023-01-31 19:15:00,19148.61484710564,19151.881504481466,19088.57206799702,19128.11662096447,2667.4648771405446
2023-01-31 19:30:00,19125.940189981317,19157.67523254009,19104.1601999929,19122.100252022832,1219.5379490113328
2023-01-31 19:45:00,19117.1676373419,19163.288350639355,19058.797717281774,19129.17471393643,772.565934803508
2023-01-31 20:00:00,19125.887984397606,19140.053819801902,19084.10619363678,19115.337881610925,587.9114006270071
2023-01-31 20:15:00,19120.421486694788,19137.130261439826,19037.13489037714,19118.860731556102,767.3622558523574
2023-01-31 20:30:00,19114.743279944432,19128.182738705334,19040.717135509905,19109.771534809002,1148.0427429439042
2023-01-31 20:45:00,19104.64573602787,19119.58485433147,19064.079388843034,19103.092875788192,1318.1147456488304
2023-01-31 21:00:00,19094.512589364007,19201.156309009093,19088.602896537763,19133.13253975115,718.5920644901626
2023-01-31 21:15:00,19134.684691525264,19179.949281670804,19094.468796370922,19140.709012795924,546.3246493303484
2023-01-31 21:30:00,19127.553843481706,19154.21519771709,19070.02077735266,19136.684870186742,2030.4761525827125
2023-01-31 21:45:00,19143.299964319307,19163.997895445296,19100.945774955708,19138.543001359827,1585.9454213506754
2023-01-31 22:00:00,19139.084112312845,19172.052198046425,19134.469878544376,19152.04652604579,765.2949008309276
2023-01-31 22:15:00,19147.71020358532,19218.68330573292,19096.05231639764,19145.87772858232,1191.5293043626993
2023-01-31 22:30:00,19141.010022040904,19212.14119555426,19137.679382669416,19160.44097263565,1001.5444818617134
2023-01-31 22:45:00,19162.327504042238,19195.96669110511,19111.878738877243,19149.664549583886,541.1446659492584
2023-01-31 23:00:00,19152.11637662609,19153.659399769647,19078.191228931024,19110.261820491953,650.6528268372851
2023-01-31 23:15:00,19115.045010790756,19198.5993707807,19103.365971683274,19132.06533954429,562.4612859803901
2023-01-31 23:30:00,19131.21493733106,19131.21493733106,19024.646789505096,19106.249505378077,1301.0825736044242
2023-01-31 23:45:00,19117.77151162523,19128.272036164584,19081.31842912675,19104.357613951757,537.0972310464981
2023-02-01 00:00:00,19102.528067172738,19149.121241687164,19087.385010704624,19104.709260735424,549.9026487723349
2023-02-01 00:15:00,19105.44631268906,19190.351747353,19092.98614292521,19140.399470409844,954.6871970631964
2023-02-01 00:30:00,19144.617127894802,19144.617127894802,19033.62631097714,19106.74579498198,985.2175950755784
2023-02-01 00:45:00,19098.792727972006,19114.905916105407,19072.770069257578,19098.709092713027,539.1237871923171
2023-02-01 01:00:00,19106.756938720686,19200.39256125831,19057.04442140771,19098.595466314095,1625.7418829558271
2023-02-01 01:15:00,19098.79199070843,19131.82784547682,19061.25325962614,19096.559803749715,621.4719889657232
2023-02-01 01:30:00,19096.014585018504,19107.77384745856,18983.278070151424,19085.17718754639,593.3600854618321
2023-02-01 01:45:00,19073.457305710926,19110.469549484576,19049.863416289776,19096.7699171661,713.6468107102146
2023-02-01 02:00:00,19088.176254713107,19088.176254713107,19038.46360453879,19056.04524036253,810.425327030534
2023-02-01 02:15:00,19043.64442671712,19134.518122981946,19043.64442671712,19058.57610991792,576.9848868623823
2023-02-01 02:30:00,19052.705730349153,19152.34154353042,19011.77347545086,19071.791989226203,553.8203086607175
2023-02-01 02:45:00,19084.074812642608,19086.603678065738,19050.684553589028,19068.62704056366,619.5074333111636
2023-02-01 03:00:00,19073.5221542386,19095.051791394326,19033.872263616628,19068.22642640869,784.0587235779213
2023-02-01 03:15:00,19070.691169104473,19130.191083856727,18970.103398728836,19087.49635247813,633.4362773306461
2023-02-01 03:30:00,19090.065464467603,19090.065464467603,19048.996893769254,19074.91935941318,865.9079776668646
2023-02-01 03:45:00,19078.663694212333,19078.663694212333,19022.31352680414,19060.348512713445,562.4564623820147
2023-02-01 04:00:00,19048.990836455425,19097.927501443308,19026.07183458005,19062.333282290554,1041.8246677215682
2023-02-01 04:15:00,19064.006288291752,19098.751068019603,19021.584473603765,19084.046627346583,643.7243260332378
2023-02-01 04:30:00,19083.346311818757,19111.67224908376,19053.28544471443,19087.586181619103,572.2885639359048
2023-02-01 04:45:00,19087.29059647435,19121.18116688282,19016.032245926886,19106.455830374223,1006.4049310685856
2023-02-01 05:00:00,19117.045366369388,19117.045366369388,19033.807981387632,19052.623127967807,1063.9657242753888
2023-02-01 05:15:00,19045.97891348584,19082.492397725757,18992.842639434402,19038.1150079126,1007.8492373314829
2023-02-01 05:30:00,19036.58531775836,19039.009747239867,18999.724456217587,19024.049320893097,1170.0154834486825
2023-02-01 05:45:00,19032.06981817113,19032.06981817113,18985.469338107006,19012.508460554578,1391.9547582714372
2023-02-01 06:00:00,19012.640735043355,19034.43198819353,18946.191035684606,18999.084602649426,994.1335154801926
2023-02-01 06:15:00,19000.813726358334,19042.712193916566,18886.16373009172,18999.73102349971,872.8332892972376
2023-02-01 06:30:00,19004.95770175418,19047.08939301488,18941.131316780247,18985.09209097998,1226.5831896451803
2023-02-01 06:45:00,18986.20297784684,19019.052011761585,18921.34132144955,18989.93539213268,551.8824865788431
2023-02-01 07:00:00,18998.020230214708,19063.09649130993,18938.199968673594,19020.104761345276,1191.9092667231992
2023-02-01 07:15:00,19022.389594044664,19086.994497919368,18998.775849931062,19016.506169167682,693.2711361309364
2023-02-01 07:30:00,19014.87276105372,19044.113050793545,18984.607393854916,19018.212641471033,511.54850320548564
2023-02-01 07:45:00,19025.11215638309,19156.196406119943,18990.30055631598,19040.380044805806,1077.5586451533736
2023-02-01 08:00:00,19052.73743815364,19087.933953806278,19052.73743815364,19071.562557113313,1224.000329278802
2023-02-01 08:15:00,19078.557401944323,19172.37391574326,19071.375192502746,19096.184183456302,1088.8536677370053
2023-02-01 08:30:00,19087.105213125844,19087.105213125844,18979.20819794361,19059.876435479626,665.3080323518495
2023-02-01 08:45:00,19056.44376310537,19114.020690295398,18965.768292555393,19063.901722186456,574.2610894545006
2023-02-01 09:00:00,19065.407470765087,19108.2446048153,19021.042443445327,19067.536775920467,840.9528385651122
2023-02-01 09:15:00,19058.322706228028,19105.207249610423,19027.591675736887,19066.81374473565,509.9565727654504
2023-02-01 09:30:00,19068.604003260152,19090.071007475195,19000.770302871762,19046.194630227565,610.1656642230271
2023-02-01 09:45:00,19047.842611202694,19075.54071839023,18988.339401493104,19039.874399148062,648.5031590535873
2023-02-01 10:00:00,19043.235648059563,19049.083203592752,18961.090413346963,19025.0868456439,746.9876841125881
2023-02-01 10:15:00,19026.46359153047,19026.46359153047,18958.11468474966,19000.099144357864,1066.9017133102552
2023-02-01 10:30:00,19000.746824553476,19083.76554468098,19000.746824553476,19019.722215003192,2726.0566681747587
2023-02-01 10:45:00,19026.100819338226,19041.8470919801,18983.892116447198,19009.658553531746,594.9641196773965
2023-02-01 11:00:00,19008.241618067834,19047.643411786066,19000.79200450578,19024.774507488655,787.6088160297833
2023-02-01 11:15:00,19018.18042467946,19084.676081554506,19012.619468170993,19026.62947863069,587.5049733921489
2023-02-01 11:30:00,19026.006768213494,19041.7453128977,18984.02446049867,19020.695450165233,559.7103566115177
2023-02-01 11:45:00,19029.734993837053,19029.734993837053,18940.378681731378,19002.185953689524,632.4437406957145
2023-02-01 12:00:00,19001.079784804413,19040.486771119427,18918.35469411824,18979.156968818024,704.1689068970904
2023-02-01 12:15:00,18981.774629375486,18989.934112225197,18939.88883444541,18968.60960106631,1484.2145152384717
2023-02-01 12:30:00,18964.76632441536,19020.197682014274,18941.541493379587,18961.332818109888,760.9783627965043
2023-02-01 12:45:00,18962.97428000731,18962.97428000731,18895.025076234393,18932.216335650362,597.457269835847
2023-02-01 13:00:00,18930.9575612602,18995.55309321004,18910.784142325705,18950.150431234557,551.0459722770313
2023-02-01 13:15:00,18954.42033740605,19010.0221654742,18934.638172036575,18969.654115070956,670.8236066622267
2023-02-01 13:30:00,18972.914719336874,18987.90185079155,18914.564747813085,18969.003899803785,570.021026032254
2023-02-01 13:45:00,18971.873632830055,18995.55221569807,18938.773525142908,18953.14015057077,1395.83809698637
2023-02-01 14:00:00,18951.01217317747,18966.22373205214,18904.50575346843,18926.23146689337,676.0269019236615
2023-02-01 14:15:00,18912.733608275215,18953.333219728527,18831.268153119618,18913.275193516936,724.9387931420898
2023-02-01 14:30:00,18902.771945771783,18947.627991723883,18902.771945771783,18935.577948867543,813.6862278636073
2023-02-01 14:45:00,18922.33568156767,18978.048687342645,18922.33568156767,18943.50520544088,955.0657168293078
2023-02-01 15:00:00,18937.19969583455,18968.63429820373,18905.871268532544,18947.943727830072,1204.0948955480726
2023-02-01 15:15:00,18963.79481955208,18964.922141462317,18878.31391686591,18932.88175509034,549.1070801251427
2023-02-01 15:30:00,18940.6770446565,18990.22961919701,18928.14672895221,18941.32016324518,1207.6693439749024
2023-02-01 15:45:00,18945.10994476313,19006.16169634872,18911.924140521707,18949.353796992924,540.3399227176841
2023-02-01 16:00:00,18946.59645595268,18984.656650774803,18927.44036820003,18969.1691103047,708.8059665586611
2023-02-01 16:15:00,18970.706462345464,19023.698632499858,18923.519863981328,18980.86680073958,752.6899737622018
2023-02-01 16:30:00,18975.512847676735,18975.512847676735,18916.981287943705,18943.150463749378,617.336614449391
2023-02-01 16:45:00,18946.182921141433,18985.150313606744,18918.617110179635,18938.970588386204,805.8370051295664
2023-02-01 17:00:00,18930.714477319572,18939.187663920733,18910.193498857934,18923.070659754594,990.6174448197175
2023-02-01 17:15:00,18918.009576369775,18951.190905090894,18918.009576369775,18937.128205770507,613.9269337989639
2023-02-01 17:30:00,18941.642359976544,18966.99646057755,18902.350603759452,18937.62255299072,961.7152661640587
2023-02-01 17:45:00,18937.793750931924,18998.02725041255,18893.45192713678,18932.214865277285,701.2540444092103
2023-02-01 18:00:00,18925.95598619374,19040.654612342787,18919.570707895935,18933.305309732135,795.3722566686863
2023-02-01 18:15:00,18936.383484880513,19008.29187231107,18915.416233006814,18948.903061936486,726.8608269130024
2023-02-01 18:30:00,18951.366852640633,18960.36811815554,18894.46163734913,18946.978423573997,1314.6769582357767
2023-02-01 18:45:00,18944.24044143523,19015.31741743357,18944.24044143523,18967.92037884518,587.4883451285483
2023-02-01 19:00:00,18971.278685147412,18997.409178207046,18964.00185716464,18978.780226238185,688.4295040800631
2023-02-01 19:15:00,18979.68723724175,19051.27691294881,18958.641001658325,18999.961047072673,661.8238421741036
2023-02-01 19:30:00,18997.354238671,19031.93681434322,18936.1989450851,19009.66528857198,623.8842641812375
2023-02-01 19:45:00,18999.712399160853,18999.712399160853,18946.253775269728,18985.01752678541,865.6504566774217
2023-02-01 20:00:00,18984.03505898819,19016.82502377439,18979.897632425793,18996.22913415586,2117.6000809745988
2023-02-01 20:15:00,18988.39056870176,18991.956395375903,18937.401308846616,18980.314114429857,575.1978643310605
2023-02-01 20:30:00,18980.726320867267,19027.00021654626,18922.439320376954,18989.685288622502,990.7913943290882
2023-02-01 20:45:00,18994.3625555517,19031.566395877908,18964.36824870206,18993.16632571715,858.1678371610602
2023-02-01 21:00:00,19010.590832363378,19035.301402487687,18984.980517996923,19002.85558430109,651.0169492479909
2023-02-01 21:15:00,18994.904071056444,19027.44577286346,18968.643940061145,18996.852676300176,526.0755436864218
2023-02-01 21:30:00,18997.832057928033,19037.01705910368,18988.99293208748,19024.822267753738,1241.474179908993
2023-02-01 21:45:00,19026.948795306886,19036.752698332984,18990.164940144787,19021.006591119916,714.4424585274039
2023-02-01 22:00:00,19027.049801773086,19061.49135270038,18995.889291173262,19048.518759788272,747.4190186571724
2023-02-01 22:15:00,19046.564117001297,19117.392878514023,19009.724002977793,19058.75588379452,654.5781812683555
2023-02-01 22:30:00,19059.712297777314,19134.21607448441,19057.9278725113,19103.588107782034,775.9647084479924
2023-02-01 22:45:00,19102.729517935157,19183.814684574176,19100.26016390948,19147.13841970518,1339.7620396832415
2023-02-01 23:00:00,19159.568306728383,19190.885213686164,19128.59415700759,19152.272353308046,1068.0398698627766
2023-02-01 23:15:00,19157.04487838726,19157.04487838726,19131.006611227825,19143.596262714007,1008.1612224738416
2023-02-01 23:30:00,19135.373634104057,19185.349192020636,19103.528084001373,19157.107915802844,680.9890673966376
2023-02-01 23:45:00,19155.30409998552,19155.30409998552,19097.317332479437,19130.102297470465,1935.8760270458274
2023-02-02 00:00:00,19137.036113970797,19222.086663736573,19121.04495413602,19134.971862015245,1158.3703173886277
2023-02-02 00:15:00,19135.261383895046,19135.261383895046,19087.01778600256,19110.981670601963,772.7798723321289
2023-02-02 00:30:00,19110.501527676075,19155.03207029876,19073.705098312515,19118.715158307266,532.9287394100056
2023-02-02 00:45:00,19122.12363448827,19172.57398769231,19122.12363448827,19140.24278416177,592.78007646182
2023-02-02 01:00:00,19147.224886344924,19194.72961153029,19111.836006663198,19160.892222665752,861.4003634815001
2023-02-02 01:15:00,19154.885859144284,19196.566234874663,19102.572967323278,19140.36195169747,672.306271788853
2023-02-02 01:30:00,19128.3916810378,19225.64315833315,19068.212874026307,19170.618078225176,939.1830668282366
2023-02-02 01:45:00,19168.000648954832,19237.28494012216,19141.34656935049,19160.823965146486,643.2615099608415
2023-02-02 02:00:00,19166.844750016022,19168.581189094504,19125.18050094962,19156.43109191354,516.4123739363621
2023-02-02 02:15:00,19153.988948621616,19191.85440587659,19089.719605816223,19151.3557628098,714.3020914647806
2023-02-02 02:30:00,19152.99898230465,19252.763784074727,19142.76579706409,19180.570164072775,1451.5927955436591
2023-02-02 02:45:00,19191.140431497413,19218.867039203364,19165.44361945605,19187.72814651615,892.6332261783463
2023-02-02 03:00:00,19186.39323210411,19216.34175533845,19146.565127347065,19201.39936254132,597.190351599866
2023-02-02 03:15:00,19204.221929400504,19221.103721913758,19174.760705271896,19203.307374754295,561.2858742884363
2023-02-02 03:30:00,19200.301904546362,19282.79993060953,19182.85913483451,19220.44896657191,664.2436105942719
2023-02-02 03:45:00,19221.61736639793,19237.86688205648,19195.29537763645,19225.31965868137,753.0761128465209
2023-02-02 04:00:00,19225.59016731005,19246.68138379408,19184.893414083,19204.548450668095,1044.9478136708672
2023-02-02 04:15:00,19192.13322093454,19266.52717645979,19189.79986242777,19207.446719481195,842.9026771255002
2023-02-02 04:30:00,19207.832536980597,19248.092785442113,19184.457099360818,19226.179116974592,652.6320033220162
2023-02-02 04:45:00,19223.51027584766,19243.17100558081,19159.40984761664,19213.809836117536,963.1672237691042
2023-02-02 05:00:00,19219.875533252383,19265.312701951127,19180.110323646633,19199.10107333814,740.6156809965003
2023-02-02 05:15:00,19195.77400623626,19230.988309167227,19157.797832816846,19196.781526505456,940.1078676486809
2023-02-02 05:30:00,19201.33675031865,19229.61152767604,19132.241712086587,19180.173370746168,812.2899823675709
2023-02-02 05:45:00,19186.811245814053,19201.898565787706,19138.721095358578,19172.44865339691,535.6610299549391
2023-02-02 06:00:00,19182.55352300964,19216.970638498708,19182.39007699736,19199.19962244404,1555.3965885698194
2023-02-02 06:15:00,19203.672928691547,19241.234101191192,19201.324164223926,19220.468220700965,997.2032418151518
2023-02-02 06:30:00,19222.215186779275,19268.198938578535,19177.077855902153,19203.752832266237,814.3436233448149
2023-02-02 06:45:00,19201.809597737203,19219.290536312026,19145.145851607096,19198.932641774703,514.038604752931
2023-02-02 07:00:00,19210.95914307764,19271.98438336166,19173.10881041753,19205.599564823304,687.6204842511809
2023-02-02 07:15:00,19200.36396827367,19279.886152551328,19174.45642991135,19213.94332041005,932.3553465689222
2023-02-02 07:30:00,19221.62719743313,19261.95433736169,19207.937912393096,19247.998700665805,1123.6198234905
2023-02-02 07:45:00,19238.404007478686,19285.292920933527,19214.033597538975,19238.201333254485,636.2320241139852
2023-02-02 08:00:00,19238.132523062846,19297.706338216976,19238.132523062846,19264.79745152122,971.1907532457016
2023-02-02 08:15:00,19259.217189417555,19273.536325268542,19176.359678259792,19240.919317159252,603.0963512440011
2023-02-02 08:30:00,19244.01002902906,19281.80013087866,19221.543530584007,19246.121220415476,696.3426201310539
2023-02-02 08:45:00,19243.71340968217,19259.053840289216,19202.06557430597,19233.098817150585,903.724797155284
2023-02-02 09:00:00,19234.967590937456,19267.147508785787,19215.94465126518,19243.0011290741,578.6366798934856
2023-02-02 09:15:00,19232.74857299955,19240.34058029356,19183.048561845157,19217.957172342238,718.9143270074562
2023-02-02 09:30:00,19221.002203176256,19221.002203176256,19146.94972666536,19191.712261458637,796.3645758841105
2023-02-02 09:45:00,19181.74764929993,19231.09385475307,19181.74764929993,19204.21554019351,669.5580405402405
2023-02-02 10:00:00,19211.82449120034,19233.44302734041,19177.476432246167,19217.17134672764,740.9976339056816
2023-02-02 10:15:00,19213.54665939385,19244.99633685741,19178.39396531521,19217.347528951595,1047.63635890846
2023-02-02 10:30:00,19212.463269285734,19212.463269285734,19161.681228621826,19184.508214115616,761.1159948171485
2023-02-02 10:45:00,19189.800044597774,19255.85332618038,19189.800044597774,19231.611079928785,1407.268161962375
2023-02-02 11:00:00,19231.9791185941,19294.005439399793,19231.9791185941,19267.30214401335,1432.8494143991272
2023-02-02 11:15:00,19262.293865455664,19307.183588675573,19165.238294212766,19265.788273845992,708.7651008777643
2023-02-02 11:30:00,19263.431777677793,19320.853524918763,19233.544159809993,19265.463394592898,560.8705510348602
2023-02-02 11:45:00,19265.6861597948,19286.51015118206,19247.038708343407,19267.984946499542,616.9844595481624
2023-02-02 12:00:00,19273.06491648504,19324.783412075925,19242.618818714804,19262.898969445476,1092.2822006092829
2023-02-02 12:15:00,19252.088954987546,19299.210472767503,19185.972818606857,19270.370789492426,585.2090309439794
2023-02-02 12:30:00,19266.962190491337,19279.485767405662,19211.55528269122,19246.583404111163,569.3326538111672
2023-02-02 12:45:00,19250.622434374345,19328.29061040595,19187.083046528813,19253.641234053834,872.5120831665658
2023-02-02 13:00:00,19247.917860364563,19282.963098877182,19227.35956055032,19269.978658319433,924.5794608305073
2023-02-02 13:15:00,19262.11464000117,19302.832271519623,19221.48801509302,19288.57469486043,1803.7772739316592
2023-02-02 13:30:00,19286.92493794788,19316.40353589567,19207.219444041075,19273.459908297908,1045.410969438793
2023-02-02 13:45:00,19278.077505968828,19290.11290761706,19241.6794624338,19274.255372277054,1289.4206432272374
2023-02-02 14:00:00,19284.465611649095,19320.02473553384,19246.458374549926,19264.19868859131,1020.5041719540337
2023-02-02 14:15:00,19264.00673027985,19309.093980524303,19251.8067752086,19265.94267711788,632.716119032627
2023-02-02 14:30:00,19265.882445607294,19305.564216416475,19220.284583496075,19277.021455417314,908.0577523522929
2023-02-02 14:45:00,19281.10011913431,19334.39328338718,19260.034837341846,19284.31596953656,589.4761044707318
2023-02-02 15:00:00,19275.787012689194,19307.62338260283,19261.566188910605,19285.862953001495,696.691659770247
2023-02-02 15:15:00,19282.603627070264,19353.457987014346,19275.738993413986,19316.649978746467,1540.5966677058784
2023-02-02 15:30:00,19323.420995083132,19390.387467241086,19252.883398354646,19360.548574451273,931.3885782212634
2023-02-02 15:45:00,19364.440970833417,19379.293374969584,19311.721922914094,19327.356303876626,1078.764326030934
2023-02-02 16:00:00,19328.68628666977,19386.869202395475,19328.68628666977,19357.930224211577,847.438396046935
2023-02-02 16:15:00,19356.31441215664,19371.031177414,19321.11252639577,19352.452873988557,534.6191548722516
2023-02-02 16:30:00,19363.20964012839,19401.845824815027,19306.550608757392,19345.58998479203,596.6831039372474
2023-02-02 16:45:00,19356.52367220818,19379.746603128515,19345.60470183112,19357.240517049246,585.7546157953648
2023-02-02 17:00:00,19353.18521626382,19374.502077777506,19320.385870475213,19360.746712940938,578.6480294994642
2023-02-02 17:15:00,19371.645124454655,19410.337903721727,19337.205230247146,19349.051130548018,667.0830918086488
2023-02-02 17:30:00,19345.96370280864,19428.84344037782,19303.664450951645,19353.26090692435,803.5527753649963
2023-02-02 17:45:00,19364.272439181885,19364.272439181885,19288.122675762203,19329.83971659322,735.8158888625483
2023-02-02 18:00:00,19327.126095856755,19369.88363492274,19303.6884859334,19343.682256730033,554.7597544990784
2023-02-02 18:15:00,19343.908459047816,19343.908459047816,19285.661836836356,19301.49696719055,622.577131942249
2023-02-02 18:30:00,19292.223560750648,19333.87353538797,19284.13066943955,19299.070567337858,614.093766310839
2023-02-02 18:45:00,19305.096519632454,19323.377360025424,19262.369193253446,19294.628584399707,1420.6032953292918
2023-02-02 19:00:00,19300.926679102133,19334.273353321958,19297.939553581993,19316.458121835243,667.8380943962077
2023-02-02 19:15:00,19316.36831825005,19360.898540386024,19302.33128508861,19320.907443333952,694.9731339994215
2023-02-02 19:30:00,19319.28027829735,19327.53913646893,19253.307227822173,19298.678090232817,558.4464717691549
2023-02-02 19:45:00,19287.673085136466,19404.943813099286,19284.780078207776,19305.580799325584,683.9945261182673
2023-02-02 20:00:00,19297.570855241538,19322.02490669698,19246.32105730192,19305.948464015066,595.8124126351912
2023-02-02 20:15:00,19299.80596941535,19372.427454587076,19286.289302245317,19336.25222751799,641.7171024138348
2023-02-02 20:30:00,19336.230396854426,19388.013276660713,19336.230396854426,19360.360234027987,627.6989824104867
2023-02-02 20:45:00,19365.623261053854,19462.458289041675,19358.76925065754,19384.101256763188,1896.6062782208082
2023-02-02 21:00:00,19384.403921711644,19426.55693006651,19371.635031454352,19407.166494231824,605.7599677872693
2023-02-02 21:15:00,19410.467415418814,19410.467415418814,19337.319697849216,19389.088972152487,623.0757049755096
2023-02-02 21:30:00,19394.92221139383,19468.451021378703,19394.31883167343,19411.82344809805,607.4132027917683
2023-02-02 21:45:00,19405.993729647475,19462.359729649117,19405.993729647475,19432.03469194056,1084.033174935158
2023-02-02 22:00:00,19434.465205961103,19464.77802653649,19380.778747209046,19423.54571977894,632.5492043752245
2023-02-02 22:15:00,19417.371150831503,19503.613802375465,19417.371150831503,19442.05236643788,602.6253965494125
2023-02-02 22:30:00,19437.090942969044,19481.807890537064,19421.045310549787,19450.705516258844,571.3310349800929
2023-02-02 22:45:00,19454.178214151067,19476.34265054864,19403.937675872243,19452.65217652139,563.3278454708333
2023-02-02 23:00:00,19449.614347265433,19467.46437037255,19401.072759890205,19429.768728027193,1439.8958239290798
2023-02-02 23:15:00,19436.087025704826,19462.30042572741,19432.734517110104,19449.173250885327,759.3032869214343
2023-02-02 23:30:00,19454.406941882607,19478.292726623793,19428.82015581921,19442.26495786348,1308.8405172342686
2023-02-02 23:45:00,19450.928257062606,19520.735985332543,19435.0646877063,19490.692851051812,731.1772201106256
2023-02-03 00:00:00,19493.986617285147,19536.929214549265,19464.293779309166,19490.847783735608,599.3420387317847
2023-02-03 00:15:00,19498.173329283185,19522.264901324383,19431.1162731189,19478.58367955699,549.7142403580668
2023-02-03 00:30:00,19478.00490806338,19524.3813327289,19457.028653204972,19501.302691845398,694.931704387746
2023-02-03 00:45:00,19505.4518658462,19512.451403415147,19484.69523453081,19498.624801969367,586.9626467370227
2023-02-03 01:00:00,19489.828828317615,19502.445592914446,19434.85653346004,19481.154442745355,918.8026722322829
2023-02-03 01:15:00,19469.69392548637,19562.868088558294,19469.69392548637,19496.410734400844,1180.0729272126675
2023-02-03 01:30:00,19488.71302727661,19590.258330897737,19436.56232049563,19511.95766496817,629.1428500185029
2023-02-03 01:45:00,19508.876758503575,19566.26021145734,19508.876758503575,19543.043128403133,732.2766650735616
2023-02-03 02:00:00,19529.36090345788,19544.20503103966,19441.345310457924,19526.223577085857,1896.8996119437438
2023-02-03 02:15:00,19518.229132406384,19543.56547171772,19494.223785537055,19510.31050183081,588.9175547916891
2023-02-03 02:30:00,19503.757375299403,19534.317361580495,19447.469137856377,19504.361491306037,776.0396369627042
2023-02-03 02:45:00,19507.102484885494,19552.33599740309,19469.026288760564,19492.650877947563,679.121508555065
2023-02-03 03:00:00,19483.994376063336,19533.455923731224,19483.994376063336,19499.220869439676,723.5124755927773
2023-02-03 03:15:00,19492.34387141453,19530.611435044077,19471.26136352474,19496.65998343825,877.20397438594
2023-02-03 03:30:00,19495.604989970187,19558.43699393218,19435.731668914774,19502.289695475007,525.0657375869517
2023-02-03 03:45:00,19501.841511046754,19531.737630695425,19479.329414126052,19498.384573450923,661.0246592920892
2023-02-03 04:00:00,19480.941689889405,19579.541410244816,19472.28956243701,19521.087289330524,1453.2530551347884
2023-02-03 04:15:00,19523.083297778383,19595.92368459984,19523.083297778383,19573.904091138284,828.3569504359206
2023-02-03 04:30:00,19570.993204806684,19627.30917811506,19516.568732683623,19579.528888446912,518.7128012107576
2023-02-03 04:45:00,19587.03410428053,19629.93238978147,19535.677303981593,19582.140663386483,639.413444171956
2023-02-03 05:00:00,19586.69372760392,19621.64503883786,19583.210868682283,19601.312582679206,966.1490914509056
2023-02-03 05:15:00,19599.29498905981,19610.49021636119,19571.94066614591,19596.33092709174,883.7655112208191
2023-02-03 05:30:00,19600.566358322336,19643.22802725312,19540.306739765227,19584.324409023367,1523.4056557215517
2023-02-03 05:45:00,19585.764737279882,19623.81831139556,19542.541949421502,19587.68682585668,687.6325860742106
2023-02-03 06:00:00,19585.782982288485,19686.087177099867,19555.048160034472,19612.958640690693,725.8972785080906
2023-02-03 06:15:00,19620.424265499973,19659.544186112358,19508.475248910036,19600.617429333328,714.9718179268891
2023-02-03 06:30:00,19599.272395688713,19629.966771814346,19577.418153910534,19598.732628988768,771.1364918510156
2023-02-03 06:45:00,19589.177767663623,19613.248151630803,19555.912442470417,19594.993346939104,579.0201244640891
2023-02-03 07:00:00,19587.753838386976,19626.520517371508,19527.565143289514,19591.567748290756,512.4420830938535
2023-02-03 07:15:00,19599.898432020575,19651.85900612237,19561.907460413444,19592.55967171689,1394.7337290092794
2023-02-03 07:30:00,19589.91594970482,19622.385927584728,19561.87698128738,19574.87784662185,1305.1301626595111
2023-02-03 07:45:00,19574.55727478108,19605.047869053273,19569.711611842566,19587.334836308295,534.9383873126981
2023-02-03 08:00:00,19593.46164367675,19593.46164367675,19534.871065306288,19570.253832995404,1124.8392372635165
2023-02-03 08:15:00,19569.251662112965,19612.78015203968,19552.140622879688,19581.759935517664,673.2235917200227
2023-02-03 08:30:00,19587.444571045777,19607.224972797892,19537.43932110813,19563.793323857735,688.1651993339555
2023-02-03 08:45:00,19555.19407999264,19631.562276200937,19549.539905894322,19599.405699798514,725.40261481087
2023-02-03 09:00:00,19589.845599746128,19615.776937350664,19581.632309546807,19600.617889491317,1801.457800262307
2023-02-03 09:15:00,19605.688857734836,19680.62654779075,19595.15411260826,19607.40836491098,750.4040718134783
2023-02-03 09:30:00,19610.789270779387,19682.584326305507,19574.167233225744,19627.33205017201,574.5147057854131
2023-02-03 09:45:00,19619.641019212537,19680.408350705442,19571.60704315402,19635.837484852775,1083.8658606485367
2023-02-03 10:00:00,19623.207883997577,19687.116461825965,19623.207883997577,19666.61216590048,927.9855226680056
2023-02-03 10:15:00,19665.755083348216,19676.68799431479,19627.193707268165,19664.09450329221,726.2306498161098
2023-02-03 10:30:00,19672.35527596079,19677.205035027946,19624.969296655283,19664.530627346405,1082.2102638596732
2023-02-03 10:45:00,19657.049380005814,19689.727397194252,19616.17127552071,19664.54233436308,1094.1479846977284
2023-02-03 11:00:00,19654.361804407577,19689.96243727723,19643.505155112016,19671.410605517107,982.8201321925396
2023-02-03 11:15:00,19670.604032958734,19719.81593856108,19633.685217440434,19677.704769376636,1173.4055367493067
2023-02-03 11:30:00,19671.94004319848,19726.832783244132,19665.942360800793,19692.971016966876,743.3720360695937
2023-02-03 11:45:00,19684.755107141536,19756.24889216089,19679.45715488185,19705.936584481373,725.7129889884683
2023-02-03 12:00:00,19714.636616030723,19769.802336155095,19696.40071597341,19740.587316913017,1093.814334782812
2023-02-03 12:15:00,19743.126841122954,19789.160462871438,19689.320193490752,19755.44116079154,632.8199340085127
2023-02-03 12:30:00,19752.679026121677,19770.692177923236,19739.57125893752,19753.08093522225,678.5619011780115
2023-02-03 12:45:00,19752.48444286831,19819.40333532157,19711.590085560525,19741.275269900914,541.3181642868383
2023-02-03 13:00:00,19739.62559502696,19772.271074747223,19696.37711552148,19755.32180529218,539.7414027453812
2023-02-03 13:15:00,19756.31870069383,19808.35160729132,19756.31870069383,19783.02630654662,1461.372356610144
2023-02-03 13:30:00,19781.836602726526,19837.506086799112,19781.836602726526,19804.12425797381,1719.5002570656861
2023-02-03 13:45:00,19804.73404382985,19817.03344308017,19706.51769358249,19786.79274513962,709.7363721756369
2023-02-03 14:00:00,19779.68890672054,19813.001393246057,19733.045894115738,19762.321458587056,1115.4978599997623
2023-02-03 14:15:00,19759.53982528802,19790.489634828165,19740.382218862684,19759.47946447999,957.9909658078349
2023-02-03 14:30:00,19753.28664933945,19806.90890820659,19712.017779574624,19741.41350642277,1066.5969159158556
2023-02-03 14:45:00,19740.026658205355,19825.43419956524,19730.837261496876,19753.508345843,1035.9643188297237
2023-02-03 15:00:00,19749.469391598825,19758.116416156547,19689.046884026888,19743.443871060826,1106.3165400293876
2023-02-03 15:15:00,19737.127769348896,19788.214974804367,19726.3013416207,19745.958764375184,749.334648481053
2023-02-03 15:30:00,19736.334664790913,19785.824487064074,19704.370070162917,19744.71438611576,732.9795497482238
2023-02-03 15:45:00,19740.335988146777,19752.20780637207,19689.19988176421,19731.87006528621,1090.3064822348038
2023-02-03 16:00:00,19735.717318191262,19755.236418310873,19710.357611259835,19733.548740384824,720.1856473510983
2023-02-03 16:15:00,19726.861922461085,19784.003914295787,19726.861922461085,19759.437119934657,592.2081938544758
2023-02-03 16:30:00,19761.42445243527,19778.753187459894,19681.033959394183,19755.627433550922,540.6269025355101
2023-02-03 16:45:00,19761.97088275249,19775.64542767759,19662.71280504177,19748.3328399633,592.4814332684741
2023-02-03 17:00:00,19752.98894356527,19808.020068914917,19744.52787771596,19764.853554590776,649.4266531403224
2023-02-03 17:15:00,19777.956020343492,19805.94513315467,19752.74118205875,19770.688746567415,554.435232099368
2023-02-03 17:30:00,19765.134137319,19767.477763077117,19730.528152911396,19748.793907901836,931.0765861416123
2023-02-03 17:45:00,19763.940025757933,19819.9257918041,19748.640093480804,19767.748756136203,697.2340957879761
2023-02-03 18:00:00,19768.702508720842,19801.263803425056,19739.768342783576,19774.467023782414,954.430949172287
2023-02-03 18:15:00,19777.274596239768,19790.391763155858,19706.17625852062,19765.09334022549,619.3263798316822
2023-02-03 18:30:00,19769.51439035698,19798.833838575654,19750.730170268416,19786.74536979187,613.1565146732815
2023-02-03 18:45:00,19793.704093174932,19834.338911273822,19781.110428656724,19798.444410732543,539.9728684155411
2023-02-03 19:00:00,19794.23243699817,19828.626762769836,19780.095130558668,19806.065518174208,1423.566548356855
2023-02-03 19:15:00,19818.750958832643,19840.696303131303,19781.175576821774,19812.86734370195,1365.2818115716525
2023-02-03 19:30:00,19813.13867301995,19856.23089889644,19734.660101503054,19791.637200340807,917.1416085306228
2023-02-03 19:45:00,19797.84848621253,19826.770807638834,19765.306002374327,19809.246608222384,736.7152772567017
2023-02-03 20:00:00,19811.269395044706,19876.122947804848,19800.27318852694,19824.831832212603,997.1318867547228
2023-02-03 20:15:00,19825.310464885704,19860.403031405316,19812.57867529187,19837.69106835948,615.5210896111673
2023-02-03 20:30:00,19841.754080900504,19868.3492129073,19814.450000933582,19832.536366628876,1441.274131930621
2023-02-03 20:45:00,19836.03630987412,19908.05704321915,19833.43913009041,19856.986657595593,968.9208057281335
2023-02-03 21:00:00,19858.886345624105,19959.24108674058,19819.534576900973,19865.437815825957,539.3382862895241
2023-02-03 21:15:00,19871.308480782052,19893.416895805858,19802.394831445657,19846.396369950155,570.5815901698747
2023-02-03 21:30:00,19849.9599173867,19894.73238452771,19805.03199885827,19832.17713490987,615.5698730321568
2023-02-03 21:45:00,19831.815382323846,19874.17853809793,19788.59201484446,19833.621897114394,509.39507287079533
2023-02-03 22:00:00,19841.989690792117,19904.830893828672,19800.427183549065,19836.447875328446,674.6927763300276
2023-02-03 22:15:00,19835.150883634364,19869.752734193207,19809.373777613975,19838.36623950217,1655.9135665092167
2023-02-03 22:30:00,19840.69331617064,19851.380026856183,19767.692122081597,19837.409368958895,1088.4176220631182
2023-02-03 22:45:00,19838.512942682195,19935.15039674927,19819.04560697148,19833.20996075644,661.1265410343645
2023-02-03 23:00:00,19841.313185668685,19842.473570375085,19752.24193681748,19810.187612743717,1535.797726232005
2023-02-03 23:15:00,19807.80351718053,19881.746157606307,19744.97537842844,19836.858501176077,574.2717246813738
2023-02-03 23:30:00,19833.526735491938,19847.099522588047,19796.98046644338,19820.69148758527,628.4946814316078
2023-02-03 23:45:00,19810.025320953355,19856.765662765407,19759.28384117482,19814.439376440645,1291.8577008109364
2023-02-04 00:00:00,19817.10275529558,19890.52769609418,19780.371285490743,19814.055499636397,576.6884131225684
2023-02-04 00:15:00,19811.600135672295,19869.7815005517,19796.68255802956,19836.25404576761,691.7939331482801
2023-02-04 00:30:00,19842.66731376506,19894.4837654988,19842.66731376506,19878.660019895648,891.2242819334883
2023-02-04 00:45:00,19876.1491637195,19969.678352365787,19801.75686578792,19894.802695287217,1335.1429702236792
2023-02-04 01:00:00,19906.143259386343,19943.597051468107,19841.230285879243,19904.708989058963,627.0611796471842
2023-02-04 01:15:00,19903.604543018686,19962.062953653593,19881.313157222216,19904.408767391094,1054.8891021154002
2023-02-04 01:30:00,19892.195992300884,19961.167885914412,19854.76601395565,19903.59709175921,509.12509540575
2023-02-04 01:45:00,19908.737008665277,19986.86141761563,19908.737008665277,19948.121939987785,657.8629339199176
2023-02-04 02:00:00,19956.336231845537,19987.854987120845,19955.660846071994,19975.210874072513,863.0728383638767
2023-02-04 02:15:00,19970.500341278454,20041.39611568001,19916.712898495844,19971.458955591064,593.7029889907853
2023-02-04 02:30:00,19972.77820119658,20020.868917312524,19926.92143936846,19968.166939766557,682.8324694989373
2023-02-04 02:45:00,19974.60353275799,19993.247500068046,19946.831891169804,19978.544272654675,562.8854589534403
2023-02-04 03:00:00,19980.853327984372,20040.44400949227,19960.97346825592,19982.632872299586,1004.0866014226476
2023-02-04 03:15:00,19973.431724499405,19997.327836881166,19934.557302559824,19950.436296821164,803.2475381576077
2023-02-04 03:30:00,19957.453660151623,20087.757165643743,19934.458999132512,19982.46636433048,675.6244623270057
2023-02-04 03:45:00,19982.577994546627,19999.21157825639,19916.03365613715,19979.75850253887,627.0376086259208
2023-02-04 04:00:00,19979.325251707818,20026.966155085505,19957.290399156787,19993.68959544922,842.099591418569
2023-02-04 04:15:00,19995.514717071725,20020.231438090952,19931.719902841043,19968.992698155507,688.8170137329095
2023-02-04 04:30:00,19957.594156989868,19957.594156989868,19857.324450346274,19929.016237774347,993.6286422881076
2023-02-04 04:45:00,19923.432955530076,19960.589827034157,19907.271162771245,19921.398406750188,1198.2169232769115
2023-02-04 05:00:00,19920.412296530863,19977.428694526476,19854.639253262994,19926.9322766499,934.3142864192863
2023-02-04 05:15:00,19929.17070366538,19936.249608403163,19890.393432299603,19913.685055165835,572.2315380798498
2023-02-04 05:30:00,19913.319068056284,19913.319068056284,19821.67797947838,19884.405830910076,2087.016127918528
2023-02-04 05:45:00,19890.072762699554,19952.691961531422,19861.28035725344,19889.30414138827,922.2394577251698
2023-02-04 06:00:00,19900.995582016665,19921.719450005177,19856.266663857605,19882.750846824376,599.0910124273244
2023-02-04 06:15:00,19867.407740819017,19918.076218086786,19841.163657190787,19872.318241137305,854.6495630130187
2023-02-04 06:30:00,19869.400950894964,19897.126722169247,19843.98077986268,19871.679211181203,544.7844066100041
2023-02-04 06:45:00,19866.073790516257,19940.123893768,19866.073790516257,19900.562969924737,814.7172789814183
2023-02-04 07:00:00,19898.727533487596,19932.42281219536,19839.885884867577,19903.532948015818,1024.0715723700127
2023-02-04 07:15:00,19916.438312795755,19983.785965134117,19888.002838425724,19921.58716512069,623.247996575806
2023-02-04 07:30:00,19933.633702197516,19945.3377399428,19903.172252701337,19920.29625868014,911.156777869137
2023-02-04 07:45:00,19923.891139096253,19952.45845829154,19869.04477358051,19909.923560925745,1196.1236708040558
2023-02-04 08:00:00,19903.54234554355,19976.295618319582,19885.348539778486,19917.91126123863,702.6354137557079
2023-02-04 08:15:00,19917.248528392058,20037.42551139008,19876.099840949646,19905.916496088426,1047.5882646020127
2023-02-04 08:30:00,19903.926240788544,19903.926240788544,19830.71275160466,19863.34357894402,1454.3267197363937
2023-02-04 08:45:00,19867.527316514006,19885.333098178937,19809.358898262206,19850.34729009806,561.0605761924452
2023-02-04 09:00:00,19856.10889334497,19856.10889334497,19773.676894128243,19822.18154450401,869.1568365130768
2023-02-04 09:15:00,19821.68714261651,19883.57450252499,19821.68714261651,19841.421619809058,1617.101591126953
2023-02-04 09:30:00,19842.048337882672,19892.146859245106,19842.048337882672,19864.889997499395,866.194615351782
2023-02-04 09:45:00,19850.749040651488,19910.514346685017,19821.023357326594,19868.282073836603,806.679872121595
2023-02-04 10:00:00,19870.970923093406,19940.944969728193,19865.741117165948,19886.907389025797,664.9484044599876
2023-02-04 10:15:00,19887.162921955092,20016.404945295242,19871.131677570535,19899.012971348897,947.2425385602879
2023-02-04 10:30:00,19889.75096856604,19994.031290276307,19889.611117051605,19927.32235371548,1305.717206545197
2023-02-04 10:45:00,19927.99621264993,20030.55747307984,19927.99621264993,19949.603010491246,877.9609286742767
2023-02-04 11:00:00,19953.981381520425,19984.14500220373,19877.472838095662,19958.808427472057,1120.5492908527751
2023-02-04 11:15:00,19965.66983680894,19988.668699111422,19901.787142545738,19939.069520923927,1249.795300674484
2023-02-04 11:30:00,19945.25243118099,20016.962678833523,19919.764618582885,19950.719802485808,558.6205893865125
2023-02-04 11:45:00,19949.845923459838,19961.941934286933,19923.27387212685,19938.998596311147,544.2429841905814
2023-02-04 12:00:00,19929.97097924578,19946.233086081913,19905.505343843048,19921.732539554727,1627.6900379250662
2023-02-04 12:15:00,19918.34920134157,19971.270614261815,19895.33411918226,19918.855173682092,777.8455495748129
2023-02-04 12:30:00,19914.813102811495,19993.823574982078,19909.9493359073,19938.65848121057,661.0239398735229
2023-02-04 12:45:00,19934.95036393125,19977.719436750376,19912.60776492028,19936.31910076483,1193.1280404554052
2023-02-04 13:00:00,19927.96258324935,19952.641982087753,19897.79239172427,19929.93275796397,852.049054255602
2023-02-04 13:15:00,19936.124182865784,19949.540482356908,19893.494553836725,19912.055373699914,641.498778819746
2023-02-04 13:30:00,19912.140744748664,19923.131521756142,19874.340726649276,19905.85319754044,612.6993009876659
2023-02-04 13:45:00,19912.74005285055,19949.26402045872,19837.43912986849,19900.747444425608,531.0264940749174
2023-02-04 14:00:00,19898.198005965238,19945.999704531932,19841.7882775977,19888.29586185285,1678.0622524830474
2023-02-04 14:15:00,19899.903402451197,19899.903402451197,19831.07770554354,19851.729358016455,955.5268035797119
2023-02-04 14:30:00,19850.272815682914,19911.016441901487,19824.037751086267,19876.7976518595,564.852216351617
2023-02-04 14:45:00,19877.460036005985,19931.685904453432,19826.793934703306,19855.09118211927,774.0656703347141
2023-02-04 15:00:00,19854.06215032373,19889.29706250751,19841.2372048437,19857.19537092079,642.9180388993013
2023-02-04 15:15:00,19852.88443674587,19940.91981689348,19825.72948819846,19858.71590938545,588.4252950367845
2023-02-04 15:30:00,19858.566367699463,19901.34452963966,19858.566367699463,19886.578948594724,810.4482895441565
2023-02-04 15:45:00,19883.26358033627,19906.726765909447,19826.7827091388,19871.090912770364,582.8000831320803
2023-02-04 16:00:00,19865.4508521926,19899.88929136901,19809.532244884096,19862.75765567137,595.7556081906903
2023-02-04 16:15:00,19858.069934113228,19881.40271779343,19797.347500709006,19818.648407981098,1284.681455687928
2023-02-04 16:30:00,19818.108199695704,19867.98160870691,19737.57709143529,19816.204465658167,890.807413564135
2023-02-04 16:45:00,19813.45110334725,19865.909011627704,19813.45110334725,19838.577494320165,597.8086943426702
2023-02-04 17:00:00,19838.058071265936,19938.9743141689,19827.56061923022,19850.075643131644,715.5796073935513
2023-02-04 17:15:00,19845.656656446863,19917.975011565297,19827.79373708664,19865.141346684322,878.0081660323442
2023-02-04 17:30:00,19857.524469087864,19865.667523492793,19830.13232929059,19849.412871880224,731.758886747632
2023-02-04 17:45:00,19843.888281037667,19846.92919256784,19795.558867423544,19833.610396754328,2338.767979881452
2023-02-04 18:00:00,19831.066256766975,19923.73385840728,19816.237609658467,19851.36711643811,603.1370989457429
2023-02-04 18:15:00,19845.069252745936,19876.223300781916,19823.71974394072,19862.425410207234,1365.991542475069
2023-02-04 18:30:00,19861.66238623213,19905.141873030374,19811.69901905993,19847.51308888025,728.4950723113174
2023-02-04 18:45:00,19845.025608560103,19925.898770271906,19797.559552095103,19858.322455980553,529.9118967907283
2023-02-04 19:00:00,19856.81507299417,19946.96425860456,19846.743637523374,19863.77518812155,754.2490798860179
2023-02-04 19:15:00,19860.03529091598,19881.191518558764,19818.4873222575,19849.213364376083,1075.3844855757695
2023-02-04 19:30:00,19847.817059528465,19912.7641731548,19818.266423544414,19840.389402005258,539.7321833406646
2023-02-04 19:45:00,19832.453510299292,19835.121287651164,19779.831564904707,19816.632109620976,1612.043764416531
2023-02-04 20:00:00,19816.804904776654,19853.479954863753,19813.277038923698,19829.380549872254,783.6945577642852
2023-02-04 20:15:00,19833.76969117899,19845.60237960337,19784.984116850344,19818.18256406583,942.988397450081
2023-02-04 20:30:00,19827.369688691495,19884.263189452857,19805.486783915367,19846.688729420526,1109.0952594673536
2023-02-04 20:45:00,19843.604316373505,19901.033510789963,19792.947207380657,19867.453148155386,720.8308523379333
2023-02-04 21:00:00,19878.536451836208,19896.65874457595,19832.2765027825,19865.12078494639,512.5918246093072
2023-02-04 21:15:00,19867.918399461247,19890.031403192424,19859.603224242965,19875.63451256324,723.8793924426217
2023-02-04 21:30:00,19869.16034251214,19918.08808322196,19855.244072997695,19883.489637486913,2337.5628106900654
2023-02-04 21:45:00,19880.155949296943,19923.06213181417,19773.27058066303,19894.69470264467,894.4247672496961
2023-02-04 22:00:00,19884.392320058403,19947.628262005746,19842.617136358807,19882.79527098973,558.5783615880564
2023-02-04 22:15:00,19879.990301836704,19922.540771646105,19861.086031093528,19882.88120737326,796.5414898859716
2023-02-04 22:30:00,19901.72545006363,19918.24754526474,19835.003205886307,19898.69991829911,1336.141235423446
2023-02-04 22:45:00,19912.868112603293,19972.37723080604,19910.79475841411,19924.408323900345,1295.8066720904706
2023-02-04 23:00:00,19922.48324676106,19974.349770900026,19906.583198962162,19926.065072089757,1235.4204720812052
2023-02-04 23:15:00,19932.33483096079,19979.899813559874,19894.133381439628,19921.57950357392,865.7852951797678
2023-02-04 23:30:00,19910.83798640657,19927.734894584602,19889.049910572874,19911.779233951605,878.908596215441
2023-02-04 23:45:00,19903.389706756614,19934.362340186504,19879.952296250736,19913.845379817274,1292.0155276881642
2023-02-05 00:00:00,19908.157928330624,20008.474395077377,19908.157928330624,19930.15456706483,732.4461783606026
2023-02-05 00:15:00,19921.205228809533,19955.342397129414,19879.846932651548,19924.028396651483,788.0895913668379
2023-02-05 00:30:00,19919.39161443242,19947.828543907286,19852.319732395154,19929.356516567244,897.4916479569492
2023-02-05 00:45:00,19918.72064634109,19986.242617139047,19914.45928432313,19942.660613222557,622.4253976647777
2023-02-05 01:00:00,19944.310289349392,19972.141207052235,19863.298569360097,19924.4642955503,818.4291452206716
2023-02-05 01:15:00,19926.764004255358,19957.171291305272,19881.975334008246,19933.168282180613,582.6809439450881
2023-02-05 01:30:00,19923.621954950497,19967.465211423598,19891.91086606324,19930.114696861187,1043.3170041437584
2023-02-05 01:45:00,19933.72829660596,19952.75064333065,19872.542878260494,19938.398323046506,694.305143819594
2023-02-05 02:00:00,19931.615613039092,20003.701799112903,19902.556832233,19944.604371595116,943.5641331920592
2023-02-05 02:15:00,19936.883278662535,20065.158919865633,19936.007621080746,19976.021766055153,1505.6720400620684
2023-02-05 02:30:00,19980.2428359072,20018.22433629452,19927.480510369594,19996.549416944177,891.7298061531153
2023-02-05 02:45:00,19997.10296722898,19997.10296722898,19921.402991273906,19969.265887456695,849.0518758866821
2023-02-05 03:00:00,19977.62272424647,20016.369064410443,19938.889226774838,19985.00263669265,673.2496253787564
2023-02-05 03:15:00,19986.478629841582,20000.25274533968,19921.60624601009,19942.6817541837,668.8596772882979
2023-02-05 03:30:00,19948.45464024582,19967.681047257614,19851.18658205271,19947.076741153684,1303.0941098083335
2023-02-05 03:45:00,19953.06599417246,19976.255671929262,19901.752362708656,19923.933052788223,1814.2549744178266
2023-02-05 04:00:00,19912.339145150807,19984.377774548673,19912.339145150807,19969.996571839634,708.3325286699376
2023-02-05 04:15:00,19966.299301445037,19993.54677666125,19921.551604845354,19966.353565585112,560.2576990583008
2023-02-05 04:30:00,19961.05739129868,19983.99153423817,19920.520299076856,19946.462082734823,765.8920907692532
2023-02-05 04:45:00,19947.99754780503,19999.61356238024,19918.999905619858,19931.46428992712,756.9289047312499
2023-02-05 05:00:00,19930.759094772024,19953.73792027919,19844.67817984051,19902.83782766563,761.6533019559201
2023-02-05 05:15:00,19904.477936442443,19921.484992491693,19857.53806356834,19908.416554185427,917.5081571632423
2023-02-05 05:30:00,19919.54522793404,19919.54522793404,19834.183105909,19902.332836944184,1019.6723490011159
2023-02-05 05:45:00,19904.48800017982,19952.270260666966,19825.305662450937,19878.372386616553,956.7195788912451
2023-02-05 06:00:00,19875.8699343476,19935.764504982828,19842.73618353865,19875.080188258013,574.0407067995573
2023-02-05 06:15:00,19876.693767959678,19911.252471029227,19782.24290536839,19875.173001997377,610.5320136942281
2023-02-05 06:30:00,19883.986833310766,19912.402806191556,19823.30364816601,19872.277063001275,752.6931256712844
2023-02-05 06:45:00,19876.51075533505,19881.588674914237,19828.443230309334,19857.686576363376,874.2255741784845
2023-02-05 07:00:00,19859.432652749416,19896.86794760871,19835.746815729493,19858.6030299191,631.9940106059619
2023-02-05 07:15:00,19870.572532775965,19900.265783824452,19818.505204208555,19880.956066809813,612.4547174832632
2023-02-05 07:30:00,19891.057047597795,19909.256064984624,19824.482008273495,19884.748966095023,683.9348199581776
2023-02-05 07:45:00,19895.293777661216,19916.12142930508,19832.553109569202,19886.543113300253,552.4956841938164
2023-02-05 08:00:00,19883.190014885946,19915.13834901801,19867.675425330617,19884.646405295804,571.3871382435369
2023-02-05 08:15:00,19885.557686260174,19888.608131695946,19826.48387596798,19865.187639274023,678.48220744147
2023-02-05 08:30:00,19875.76605034072,19893.91626778192,19833.411428638337,19858.774140600144,1018.3256560276135
2023-02-05 08:45:00,19852.15147691208,19852.15147691208,19767.445012020315,19810.97847365772,665.3429645390536
2023-02-05 09:00:00,19807.312824460936,19872.38321989345,19779.902693087926,19807.184703729632,761.0846903063153
2023-02-05 09:15:00,19799.984009929343,19866.144659921112,19737.904405864483,19793.09506124019,1006.952742181639
2023-02-05 09:30:00,19794.27164233251,19884.781107056522,19744.7180737634,19809.369211119887,650.0255174970065
2023-02-05 09:45:00,19802.631071535012,19882.42662922148,19797.131890389006,19818.574274819817,1285.0463189139205
2023-02-05 10:00:00,19810.268832066384,19876.99377853322,19779.83518556236,19818.344585511564,548.7220253354627
2023-02-05 10:15:00,19817.069493370436,19859.497294705576,19759.053745119618,19817.918241647527,836.4414673247956
2023-02-05 10:30:00,19822.074642208237,19880.829051274333,19822.074642208237,19862.18739967615,1077.0960601892205
2023-02-05 10:45:00,19849.89856199938,19886.632836353863,19820.367410003226,19863.573197582384,943.8857877033766
2023-02-05 11:00:00,19867.08016853421,19979.96119551244,19857.474207896492,19885.42973276884,759.2040053096541
2023-02-05 11:15:00,19874.65475231164,19914.8263838334,19852.07352944559,19897.112567582833,848.7576436410496
2023-02-05 11:30:00,19902.727681911063,19938.88864176706,19849.534996915405,19894.196911755545,591.6874542670521
2023-02-05 11:45:00,19890.97295740013,19927.476244431648,19816.988984197502,19893.60531698032,863.4458582978018
2023-02-05 12:00:00,19890.497499982324,19911.12969552144,19849.69839729658,19875.3222473595,588.3721340282669
2023-02-05 12:15:00,19870.041830235274,19966.570680867993,19783.0534387205,19874.88431953885,632.5593570734553
2023-02-05 12:30:00,19882.43188751989,19882.43188751989,19823.373548527932,19852.869393718996,719.8627830848118
2023-02-05 12:45:00,19859.83897453071,19866.783312361462,19789.228592359792,19849.942401132193,587.9915444152026
2023-02-05 13:00:00,19853.649133830197,19867.12280267712,19812.325926145404,19828.866681961204,1462.0266722533925
2023-02-05 13:15:00,19828.771976308744,19893.33548187576,19824.629734445556,19837.940229902346,958.364498233234
2023-02-05 13:30:00,19834.77790127282,19860.170630440844,19789.533315835863,19814.404261363987,794.8860305986302
2023-02-05 13:45:00,19808.718003722406,19834.58502972355,19759.067576090158,19813.613299607823,529.3732417864354
2023-02-05 14:00:00,19816.59907807996,19902.66811168591,19816.59907807996,19851.96447246964,1324.0486360043699
2023-02-05 14:15:00,19852.455998332018,19921.022067604485,19829.695014275476,19876.331601349873,1242.5228642999693
2023-02-05 14:30:00,19880.807227251575,19880.807227251575,19817.640700327887,19857.574381139784,650.0004654801056
2023-02-05 14:45:00,19845.146200664603,19899.841400429217,19824.714922444044,19882.44423668737,1137.7846848317577
2023-02-05 15:00:00,19891.375842867812,19897.131132441813,19824.0221632958,19870.928004052526,868.73558092273
2023-02-05 15:15:00,19867.85082140666,19912.06293993657,19842.468363286298,19873.895364126776,607.2746193643029
2023-02-05 15:30:00,19878.712190102724,19886.913939419355,19821.699778637347,19860.832756302658,597.9640293032893
2023-02-05 15:45:00,19860.95182057466,19861.091526409433,19776.779657547104,19845.92118500711,625.4539690809947
2023-02-05 16:00:00,19845.472180469227,19870.980508865,19783.89755228274,19834.669878547396,587.8028437611725
2023-02-05 16:15:00,19828.265196895776,19859.943390750086,19820.151133654414,19845.883388308186,978.5065080734731
2023-02-05 16:30:00,19841.64300077905,19879.69010354377,19788.784319827588,19820.947002173118,1309.5259702187288
2023-02-05 16:45:00,19824.46586223832,19908.245723615324,19798.301202975472,19852.367563449556,1940.3970709355012
2023-02-05 17:00:00,19851.487079865048,19956.383178966553,19800.56847349884,19850.327122038558,553.7373338419665
2023-02-05 17:15:00,19838.312376788108,19892.439445216853,19815.950804246066,19868.695834819668,853.0923852670509
2023-02-05 17:30:00,19873.826915900438,19922.39744133774,19829.294648626754,19870.28960787251,514.4537253431865
2023-02-05 17:45:00,19876.13232538143,19993.347322772548,19863.057698100198,19876.56987819852,1017.2699309938538
2023-02-05 18:00:00,19883.755265254942,19935.779493497546,19799.061952459953,19886.26151804244,580.2718309542045
2023-02-05 18:15:00,19887.909868887455,19943.339566074843,19810.65060224549,19895.66838269497,1040.6006081092141
2023-02-05 18:30:00,19892.24827110926,19949.198174713703,19892.24827110926,19921.19323731639,595.2234441965749
2023-02-05 18:45:00,19918.800142734162,19960.8703337762,19896.396145098937,19920.08724294817,638.0606693790506
2023-02-05 19:00:00,19907.81200487614,19954.777832681957,19873.032666313957,19904.015979301013,1017.3675040173276
2023-02-05 19:15:00,19894.24415103491,19940.352979861233,19845.522873025853,19901.851887796325,840.6215084016997
2023-02-05 19:30:00,19897.13130424151,19952.107246889474,19869.28011605473,19898.872846102924,771.8505891251336
2023-02-05 19:45:00,19903.39428884947,19958.265258270756,19863.226056786854,19896.958236797618,629.803887721891
2023-02-05 20:00:00,19899.07846635634,19946.815803643978,19875.112022312314,19925.422623933966,576.3461723787905
2023-02-05 20:15:00,19932.351783095102,19985.3072752359,19904.088281132656,19917.196215857395,575.9618913647282
2023-02-05 20:30:00,19911.417380921077,19988.45147562287,19889.440801253702,19946.928945875916,692.1609228188345
2023-02-05 20:45:00,19944.87532815195,20037.44120186431,19914.234794029457,19966.26486053141,629.089520957087
2023-02-05 21:00:00,19970.462447661022,20082.10475664958,19892.18505757888,19946.40872014307,561.4564107636777
2023-02-05 21:15:00,19947.959063389404,19988.935752837566,19896.28603807444,19939.34006103244,866.6111249559813
2023-02-05 21:30:00,19935.26240859356,19996.775995296528,19912.52275425924,19932.269816588883,806.7416173040205
2023-02-05 21:45:00,19926.763293646858,20009.60504547218,19920.299423908524,19958.06883779849,800.7956114465957
2023-02-05 22:00:00,19963.452921840722,19963.452921840722,19865.129930494357,19946.878023420664,537.8474221173074
2023-02-05 22:15:00,19948.1068186712,19985.84754434235,19886.902456054217,19922.374133412126,1090.8111504505084
2023-02-05 22:30:00,19924.299939150947,19962.853708458613,19860.66914818152,19927.85545916724,1019.4921022841895
2023-02-05 22:45:00,19928.98983426409,19991.10738974959,19848.614353040946,19928.38337627871,543.2938891542805
2023-02-05 23:00:00,19917.72134503719,19942.54456869829,19896.80616053063,19912.452155969684,605.9945572091061
2023-02-05 23:15:00,19907.7119504541,19951.373983136942,19866.204646533362,19917.74523716729,639.7575395469079
2023-02-05 23:30:00,19916.5720888316,19995.46301865938,19881.58194567066,19918.640566692604,684.0450193954754
2023-02-05 23:45:00,19913.022795310535,19948.13267002329,19867.39601625457,19915.757477642896,940.873285610188
2023-02-06 00:00:00,19915.531334755895,19970.337477092555,19898.7118246281,19922.614401527357,776.8230512214361
2023-02-06 00:15:00,19930.558237948637,19953.726723721848,19864.23406902966,19916.640227920263,791.061600055602
2023-02-06 00:30:00,19912.84003802022,19969.808580097168,19899.73567544699,19945.137072791138,589.2665772960695
2023-02-06 00:45:00,19939.664767565533,19988.695130668362,19873.054260840254,19952.80315902572,612.0869165672821
2023-02-06 01:00:00,19951.85736881733,19986.402184198887,19903.2636873471,19959.13657593043,771.1088908826932
2023-02-06 01:15:00,19956.436937957005,20004.01692581108,19939.052042228195,19963.289763073415,790.7305000568892
2023-02-06 01:30:00,19970.603470593254,20034.500413110305,19894.909783362964,19955.10865895659,1231.1908137430687
2023-02-06 01:45:00,19947.037908752685,19983.743465400134,19873.09076611096,19944.109063280022,1550.2674825050726
2023-02-06 02:00:00,19939.00784298964,19977.454509029085,19887.725197175223,19951.918121776525,831.1985004465992
2023-02-06 02:15:00,19965.332061298228,20020.25401664717,19932.937616207884,19955.59656759509,1267.7690185945112
2023-02-06 02:30:00,19955.96394690123,20008.37206931546,19877.10312996318,19975.889416454887,754.2995786682073
2023-02-06 02:45:00,19978.355558908104,19999.35611485151,19933.812741836042,19984.150446952088,604.4053684788115
2023-02-06 03:00:00,19989.462003846253,20005.089414510847,19946.027249003597,19992.306958374444,598.1014238120828
2023-02-06 03:15:00,19998.67839628402,20070.87259760364,19996.038668028654,20015.870271344655,1085.4701006536257
2023-02-06 03:30:00,20003.993938205618,20058.30902787556,19965.1232417811,20002.791353848905,819.629753941462
2023-02-06 03:45:00,20002.067704778503,20059.772545712407,19963.957905173153,19980.570584932077,1314.7018465608949
2023-02-06 04:00:00,19984.627862054185,20008.735960507034,19962.32866443985,19978.638917267217,758.842689009391
2023-02-06 04:15:00,19979.78632662126,20032.6081914017,19962.331415663633,19984.169260317663,1067.737812360667
2023-02-06 04:30:00,19987.584302368636,20010.215924752996,19967.858011501336,19996.6803935166,732.5367400440197
2023-02-06 04:45:00,19995.34777624022,20078.496772363174,19966.21444871418,20020.72519154117,826.5574684545661
2023-02-06 05:00:00,20013.02589247662,20064.930278578788,20011.65514454774,20032.990172940827,897.1971655548999
2023-02-06 05:15:00,20034.48789814713,20034.48789814713,19960.04690852238,19992.860836312288,961.4011668326157
2023-02-06 05:30:00,19981.621920531757,20044.729722578362,19981.111495148074,19997.775996114295,587.0896810617509
2023-02-06 05:45:00,19992.406906567317,20026.048895378684,19966.25195269967,19998.52343213975,665.7860508400249
2023-02-06 06:00:00,19998.814088573698,20017.569130411186,19880.7931386192,19994.04992998829,599.6832358956063
2023-02-06 06:15:00,19999.873900795523,20006.249954569616,19922.91175938305,19975.65549353465,923.8268351419941
2023-02-06 06:30:00,19976.253283110753,20027.363184560953,19960.064696241174,20000.98215413111,842.0902711713952
2023-02-06 06:45:00,19991.266448861843,20059.7841604331,19990.85082538673,20018.759330937944,930.1751985406428
2023-02-06 07:00:00,20020.97431410562,20112.122956257652,20002.404130273684,20041.57499973864,667.3792536474405
2023-02-06 07:15:00,20041.912217252266,20086.117801653963,20037.894886995397,20058.910737908896,736.0719010824367
2023-02-06 07:30:00,20058.69889300852,20058.69889300852,19975.249353329928,20027.927533524795,610.1029288692197
2023-02-06 07:45:00,20031.90846066347,20080.001008581025,19999.331705636523,20027.10677360729,1174.833831558281
2023-02-06 08:00:00,20027.18909615217,20062.24650269288,20007.856506978856,20037.51700767357,576.6471269591176
2023-02-06 08:15:00,20049.230955643365,20099.611884585433,20008.923895325228,20026.929767564747,893.8434856164456
2023-02-06 08:30:00,20036.208297136596,20087.35650814918,19986.86372521806,19999.71700425249,1019.0571037180458
2023-02-06 08:45:00,19995.76645954606,20089.226826810343,19995.76645954606,20015.164310745167,541.5765719551131
2023-02-06 09:00:00,20019.8339527852,20025.93949977302,19989.90826635489,20008.802217394437,573.0516098818678
2023-02-06 09:15:00,19995.992647506006,20040.906465343014,19995.992647506006,20021.085744517142,730.0049805187148
2023-02-06 09:30:00,20005.606811525693,20080.642953657152,20005.606811525693,20045.83534888839,766.1376294070244
2023-02-06 09:45:00,20050.578400828836,20088.662734908306,19981.66640566844,20032.908515518764,1019.3938106608778
2023-02-06 10:00:00,20021.741698143727,20055.298127196827,19963.784946828113,20027.13558550257,1294.9159558171518
2023-02-06 10:15:00,20033.567732621123,20045.96401967436,19986.675622849947,20010.26521677334,1587.6219574143151
2023-02-06 10:30:00,20007.678175416728,20042.323483529883,19943.82076843983,19996.529622878148,575.5221528484842
2023-02-06 10:45:00,19996.61643414202,20046.606544221537,19993.8442104294,20024.075960086568,2419.8609646564164
2023-02-06 11:00:00,20030.84643582097,20046.22966947365,19934.07494396866,20015.414669088164,572.4005610949577
2023-02-06 11:15:00,20016.45322560416,20069.520434217666,20010.266427408984,20032.645077870337,1168.6171776972437
2023-02-06 11:30:00,20029.994704201443,20069.801213150065,20009.084486778003,20040.53671630806,1220.7011265429346
2023-02-06 11:45:00,20053.795035644354,20053.795035644354,19988.86714096964,20026.074590372256,788.802346722974
2023-02-06 12:00:00,20027.26288986295,20028.308075163615,19947.907741348074,20003.126551787314,831.8269450467111
2023-02-06 12:15:00,20011.03669633204,20030.670090169515,19964.08199161386,19992.27534315195,957.0041880453412
2023-02-06 12:30:00,19993.621486621672,20007.930299606403,19966.846593103834,19978.94102358097,557.4648370703434
2023-02-06 12:45:00,19986.90607815907,20115.824298019776,19986.90607815907,20034.65124992429,1449.3127491848866
2023-02-06 13:00:00,20036.286278990232,20103.55729290495,20012.583780455396,20050.858916619778,1449.1580369977612
2023-02-06 13:15:00,20058.833912788785,20134.98718071215,20050.628126875086,20070.849178839642,1104.6437025885086
2023-02-06 13:30:00,20081.854100658376,20121.93766178252,20051.106188667625,20092.393910137493,677.8365243814268
2023-02-06 13:45:00,20092.245631231577,20099.295766491985,20039.28569129787,20068.83615410332,728.7931757295507
2023-02-06 14:00:00,20054.186205113318,20073.250625394267,19994.007942543496,20056.32507909546,651.3654723107752
2023-02-06 14:15:00,20059.079247118978,20088.462589138457,20012.642237140644,20075.612751129665,608.3049467227518
2023-02-06 14:30:00,20083.09490395577,20110.222508490846,20043.55443003108,20079.68973838793,673.6621123400513
2023-02-06 14:45:00,20083.08638510041,20106.200283019443,20011.59364812107,20064.915688357243,685.0315662304414
2023-02-06 15:00:00,20063.251901133575,20161.54102539752,20018.540456603547,20082.353188263416,685.6123869665654
2023-02-06 15:15:00,20075.944650410627,20105.309972084982,20061.65789842876,20081.74297607753,518.2885745120623
2023-02-06 15:30:00,20087.689411964253,20112.680441187735,19978.775727326167,20078.389129084688,834.605716001737
2023-02-06 15:45:00,20089.824735202754,20093.655057949483,20047.67756605775,20080.705039855107,775.1804388613529
2023-02-06 16:00:00,20079.2725893631,20096.57861426586,20052.764146259142,20076.653488100634,1032.3372932883542
2023-02-06 16:15:00,20081.063823414017,20119.654437271565,20071.25100344427,20088.44234132131,903.1831137951888
2023-02-06 16:30:00,20079.78570759442,20130.848070014457,19991.085161350085,20091.14920848297,702.7823368940258
2023-02-06 16:45:00,20089.31851958075,20115.509912842113,20025.331069743515,20081.148169823162,1104.914584279599
2023-02-06 17:00:00,20083.53651274898,20097.247567022616,20069.298273958182,20081.82693380597,1647.2714614982644
2023-02-06 17:15:00,20074.22400332302,20149.218491424857,20048.673315146218,20108.77282453835,1191.421637156253
2023-02-06 17:30:00,20111.17642594909,20111.17642594909,20031.555881701133,20096.507835386885,1370.9250679672266
2023-02-06 17:45:00,20095.045396922622,20140.778342405603,20016.780271827032,20102.290748306274,1434.1348401378962
2023-02-06 18:00:00,20093.610717793435,20137.731274991602,20063.04995896052,20118.042917360024,1021.5131093282298
2023-02-06 18:15:00,20119.25943839979,20169.17500089719,20097.989001723872,20141.457862392617,1261.4744894618316
2023-02-06 18:30:00,20141.09504568884,20141.09504568884,20104.7195050267,20120.022820733036,1021.112349743133
2023-02-06 18:45:00,20108.692406894097,20184.49599225289,20062.078631901226,20121.461061254264,1972.0766799017506
2023-02-06 19:00:00,20123.877883124864,20127.125987400403,20064.473347453157,20114.166078710437,900.4688816093116
2023-02-06 19:15:00,20111.673535417496,20147.180427504256,20089.02076064246,20110.52401302666,642.3743869316227
2023-02-06 19:30:00,20114.644510589584,20190.51193663606,20092.228265188565,20135.526299869667,979.9579996083797
2023-02-06 19:45:00,20136.624261784753,20164.247823804566,20093.151314709594,20112.374522058417,3485.6459613140514
2023-02-06 20:00:00,20119.50348174364,20191.275244517343,20051.401125053642,20104.840083481944,998.5212682894557
2023-02-06 20:15:00,20109.80936732104,20158.632092705797,20067.57445155093,20104.87172101601,1369.6440366823344
2023-02-06 20:30:00,20106.592680349713,20135.724492822614,20077.892931614973,20119.24325248128,628.2949098626668
2023-02-06 20:45:00,20125.83913546397,20173.32341342655,20108.49903165425,20133.678244698553,1573.3041958822391
2023-02-06 21:00:00,20138.687345541563,20200.001686045,20040.94494273173,20130.352371373592,679.1434285015746
2023-02-06 21:15:00,20142.378576605977,20142.378576605977,20084.895379716058,20117.86940477139,861.5741677591898
2023-02-06 21:30:00,20117.583451732226,20171.3026066999,20042.43867639871,20099.589654318122,789.2749678317646
2023-02-06 21:45:00,20108.55776961132,20165.895670430215,20035.549239228112,20105.769896574828,1055.847743282603
2023-02-06 22:00:00,20097.3460536069,20135.851500757042,20055.76368579168,20109.725641259953,707.7345103308421
2023-02-06 22:15:00,20102.97909808021,20102.97909808021,20014.483249734672,20062.548063856364,818.8017022050718
2023-02-06 22:30:00,20077.179451396947,20145.51594829241,20030.560696031116,20068.01313428014,588.1682361448193
2023-02-06 22:45:00,20069.680915297842,20104.448967837463,20029.506874732655,20070.562287016975,651.5614638720652
2023-02-06 23:00:00,20074.912713866503,20126.072568866577,19991.891019172985,20064.80528952309,529.9009843191725
2023-02-06 23:15:00,20072.674923762886,20108.669420123108,20026.99877522954,20056.80384751615,651.227494417726
2023-02-06 23:30:00,20051.08807036523,20071.789931191237,20010.70063965264,20052.58440948344,805.9940237887597
2023-02-06 23:45:00,20052.38045254958,20083.977420051382,19993.127706179042,20044.303143667166,615.6974598701947
2023-02-07 00:00:00,20047.913906120906,20106.373455462955,19918.905727287,20000.95283134923,729.5274744067107
2023-02-07 00:15:00,20007.340167407412,20040.333616711974,19964.97477012958,20007.0855536652,1093.7135708428546
2023-02-07 00:30:00,20011.209900423346,20088.57055452974,19988.999953468992,20039.150799474595,1614.9349800212083
2023-02-07 00:45:00,20044.586151660733,20070.898295450974,19931.975110388994,20037.677456143592,720.0437289639219
2023-02-07 01:00:00,20042.195131987533,20073.186076692287,20009.367965694513,20054.004539338755,710.2932466436118
2023-02-07 01:15:00,20050.071339279355,20131.208783300306,20017.648100374103,20054.752732117155,680.8552262279408
2023-02-07 01:30:00,20051.795619564014,20148.042232458618,20014.369480703477,20070.269409565957,600.9131012184232
2023-02-07 01:45:00,20078.061301217145,20086.404974500914,20034.84092259197,20063.44284551147,2732.955807921615
2023-02-07 02:00:00,20063.347461914484,20137.573969103025,20046.922545511625,20077.989809025436,832.3053632491882
2023-02-07 02:15:00,20081.138700110656,20089.0484988809,20051.46932705821,20076.385128640424,1057.0555536564664
2023-02-07 02:30:00,20073.74960661942,20110.324172608045,20036.01984092491,20048.16797432188,1328.1143430227123
2023-02-07 02:45:00,20050.85703452575,20095.692060377572,20008.333546293867,20037.70171561272,2498.995772928173
2023-02-07 03:00:00,20029.0677717421,20049.30856843763,19971.662720771827,20004.844311501973,618.3873203656309
2023-02-07 03:15:00,20012.82881773913,20066.04711926502,19960.181313343357,19983.60843703212,934.520657853328
2023-02-07 03:30:00,19979.887916662552,20045.931495318484,19964.997559407446,20003.379773773588,552.9460542505759
2023-02-07 03:45:00,20011.529067343217,20021.69800331394,19981.205849706876,20000.315722039682,623.3393402156084
2023-02-07 04:00:00,20001.934219136976,20068.822078456913,19961.32582295346,19997.49386465686,1597.2010644885534
2023-02-07 04:15:00,19999.566765601565,20039.38872763456,19936.31106606001,19964.326470375716,682.3067538918577
2023-02-07 04:30:00,19969.813579379097,19988.274009369783,19919.277297290068,19962.131415468077,1143.5130543873893
2023-02-07 04:45:00,19977.219067744005,19980.338788230678,19950.677778574933,19966.953165364077,840.9363199269904
2023-02-07 05:00:00,19968.274435571304,20008.727442108848,19911.063496458773,19965.899899351814,622.5625087281178
2023-02-07 05:15:00,19972.507426956945,20069.111667449703,19942.872150565523,19983.174903055653,547.454052965668
2023-02-07 05:30:00,19982.864218051018,20075.44945852334,19973.640519013243,20014.273148058608,1316.1657058268522
2023-02-07 05:45:00,20008.114932679582,20082.380833104366,20004.763645923744,20035.5127019163,585.0369045950181
2023-02-07 06:00:00,20036.050079019155,20125.386214189628,20032.85273263945,20058.5190037597,591.3860583417995
2023-02-07 06:15:00,20054.66075454644,20104.435975651053,20020.41494919703,20071.26166273962,724.1794470612951
2023-02-07 06:30:00,20076.405479954068,20144.12495434399,20064.25483756088,20081.016999738647,1028.9340073051806
2023-02-07 06:45:00,20090.67701283484,20116.19506394899,20033.269364265412,20080.817582639578,801.7657727744833
2023-02-07 07:00:00,20084.081754436167,20131.60175781105,20033.060362070526,20067.456347637682,712.3566861046628
2023-02-07 07:15:00,20064.76587576495,20093.32760446281,19976.66931196908,20049.189996047797,1155.7358974222782
2023-02-07 07:30:00,20046.59207765339,20121.220225624067,19981.374449215782,20038.918702774634,751.6429447728754
2023-02-07 07:45:00,20041.43913403981,20057.43943879491,20013.364301520385,20033.50238502032,550.3837150425732
2023-02-07 08:00:00,20040.510099040777,20081.33543492923,20008.96921770863,20046.12279780994,1032.4455803233257
2023-02-07 08:15:00,20043.343826409047,20088.889138761497,20035.118842885422,20049.339519430196,666.6734423766993
2023-02-07 08:30:00,20057.46257987095,20074.9714960586,20043.522305462182,20060.34856472399,863.336158981503
2023-02-07 08:45:00,20058.01027732916,20075.97435567366,20040.049103775225,20059.301896745605,787.6841651190259
2023-02-07 09:00:00,20060.309592361187,20121.925646565378,20060.309592361187,20088.593524188327,733.3763362453966
2023-02-07 09:15:00,20085.236612319495,20092.807593334066,20039.261472600167,20074.616113783344,565.923676868777
2023-02-07 09:30:00,20076.36510791832,20134.114742531394,20048.154917221906,20079.563377150756,617.8860007695087
2023-02-07 09:45:00,20070.083981482294,20091.459207899752,20045.017519856614,20074.999092844773,614.1796785447114
2023-02-07 10:00:00,20074.59536548894,20113.65345203408,20012.065375392875,20060.657919731406,670.86147269246
2023-02-07 10:15:00,20063.40597749923,20152.207020852486,20053.87735826169,20067.361462826626,943.3678702959988
2023-02-07 10:30:00,20068.405926931195,20098.223546619858,19974.988398310627,20068.15961092174,656.606265621594
2023-02-07 10:45:00,20065.435220015013,20129.755629814423,20020.080610478086,20065.229379793316,611.7582107639649
2023-02-07 11:00:00,20064.214030513132,20096.54295757571,20023.22178012373,20053.91026513556,885.229560388715
2023-02-07 11:15:00,20057.49894532405,20074.898426069485,19994.778800321365,20024.69689886404,594.0847782448085
2023-02-07 11:30:00,20030.34651969275,20054.67592366879,19985.506861928217,20021.54661329714,814.0571836190711
2023-02-07 11:45:00,20012.973210987948,20054.060354135203,19952.791686422162,20002.27771199857,1390.2517923625771
2023-02-07 12:00:00,20008.99500369582,20095.60209563883,19996.16015200758,20021.128381632694,574.3909988382142
2023-02-07 12:15:00,20025.104234290528,20029.590328221442,19926.31521447227,20007.333938904794,799.4228560039946
2023-02-07 12:30:00,20009.769610116455,20045.158965068207,19988.174096257775,20015.252897078757,687.7480235073281
2023-02-07 12:45:00,20005.26217407402,20050.42885183977,19971.147402817885,20011.562849034435,688.3112596718611
2023-02-07 13:00:00,20025.120132244836,20026.840396177653,19965.12952521477,20014.62503110448,570.7975882033373
2023-02-07 13:15:00,20024.21630000005,20093.097452141777,19979.12238564863,20019.87348926273,946.3982700035888
2023-02-07 13:30:00,20025.576270682093,20054.642078033554,20016.45305496823,20037.038456412934,718.2829951437992
2023-02-07 13:45:00,20039.387471748963,20064.11860304093,20004.11456151572,20048.498439719846,917.2706896848993
2023-02-07 14:00:00,20045.974300778944,20045.974300778944,19970.761624926046,20002.771217367284,919.0273766078461
2023-02-07 14:15:00,20006.499882140863,20081.74818450179,19949.33314685765,20013.464027262024,551.8710385597014
2023-02-07 14:30:00,20019.605083648414,20092.334193728864,19993.790236034154,20044.82866560753,909.0310600526565
2023-02-07 14:45:00,20050.863240427003,20078.93144186616,20021.069267575815,20044.703145709864,725.6798628559189
2023-02-07 15:00:00,20045.53585682757,20109.54530009453,20014.870769631183,20044.583540088046,964.2468059103227
2023-02-07 15:15:00,20038.779797789874,20125.635512728022,20024.5386861484,20058.64096463784,997.4176619121669
2023-02-07 15:30:00,20061.635251149586,20120.778310496196,20061.635251149586,20084.334949352375,941.6457126222206
2023-02-07 15:45:00,20087.45095805839,20107.531728977767,20048.122609355425,20076.513988628678,878.3218832619672
2023-02-07 16:00:00,20083.540028541473,20122.52233404148,20012.13807224692,20073.14528048008,714.733614531253
2023-02-07 16:15:00,20077.45418914298,20077.45418914298,19999.124436545942,20054.85516679406,625.856599882773
2023-02-07 16:30:00,20073.576835300577,20073.576835300577,19986.21634068048,20036.90048500455,583.5054111800998
2023-02-07 16:45:00,20043.3349285043,20044.95959829364,19996.11413429554,20018.007094470864,715.1120798335246
2023-02-07 17:00:00,20011.659981880774,20024.77585754884,19974.66938300347,20012.436129120215,937.9919758667813
2023-02-07 17:15:00,20012.79763710277,20024.402207892705,19963.126549346187,19985.13786348995,1032.711909437443
2023-02-07 17:30:00,19985.602666170576,20037.00120447544,19970.240490828397,19992.474569387883,760.5935811248219
2023-02-07 17:45:00,19989.167762208297,20032.45284582403,19947.663590137523,19995.283211594135,759.3879737314267
2023-02-07 18:00:00,20000.78878812057,20059.476414400597,20000.78878812057,20041.985351599986,1056.3689398878707
2023-02-07 18:15:00,20044.857857524006,20096.903026926233,20017.169907377887,20059.877342969816,966.0531092610299
2023-02-07 18:30:00,20059.30391396095,20079.110748798026,19984.832536115795,20041.37330096441,1356.5368628388078
2023-02-07 18:45:00,20044.31930997858,20118.59290441836,20034.894565654475,20080.306690296107,1181.7446554253468
2023-02-07 19:00:00,20091.353731289288,20166.958021394967,20032.937825163877,20072.275605219922,860.9709150717534
2023-02-07 19:15:00,20066.38883860856,20118.117702634423,20047.563221333032,20063.89123740413,833.8693372680373
2023-02-07 19:30:00,20071.593861018322,20088.37575691877,20033.84211744687,20076.152598370463,555.6415764871808
2023-02-07 19:45:00,20078.750003513655,20122.603264642992,20038.4692131085,20051.060824248372,650.5428709952181
2023-02-07 20:00:00,20058.387645957715,20058.387645957715,19979.351268750353,20015.325121789258,831.3383679026819
2023-02-07 20:15:00,20021.782441768177,20021.782441768177,19953.02137211831,19976.86616815523,725.5969630320811
2023-02-07 20:30:00,19979.205128175414,20010.75641812834,19937.477366069164,19979.267715647868,882.8798408492853
2023-02-07 20:45:00,19980.066022607425,20000.037404563947,19913.223073306453,19979.65873842343,628.9641201928224
2023-02-07 21:00:00,19967.366404602784,20036.940266322767,19913.430998434833,19989.358809059326,525.1652263644494
2023-02-07 21:15:00,19995.53139808125,19997.022227903184,19957.08308372345,19984.57277888938,775.1275992651495
2023-02-07 21:30:00,19983.09682731721,20036.79828998051,19926.940968718656,20008.96765088507,1481.7525502716212
2023-02-07 21:45:00,20007.343909187417,20055.53704766292,19976.397211635976,19997.921003378073,970.8308787683882
2023-02-07 22:00:00,19995.424873530214,20031.370612386938,19928.026385943558,19993.025797805516,537.6739658068217
2023-02-07 22:15:00,19988.754851482045,20072.02805672812,19927.80647280464,19989.045585961157,618.9262270472477
2023-02-07 22:30:00,19978.992641578705,20008.065346369116,19943.96459858875,19992.77714295644,795.4488494099761
2023-02-07 22:45:00,19982.902099285937,20007.59341713131,19978.270003216952,19993.480037581085,722.8551292470082
2023-02-07 23:00:00,19998.812865904536,20052.333677214952,19942.508424492815,19995.47212241019,1064.8459096128759
2023-02-07 23:15:00,19996.283636616616,20039.93764295831,19939.67321504195,20005.418510604646,651.8824142137976
2023-02-07 23:30:00,19986.713556945404,19999.418029715358,19899.90093253057,19987.200635608453,979.1670652118455
2023-02-07 23:45:00,19986.82260437548,20020.911964105264,19955.977447066118,19992.490475039376,681.6379670055169
2023-02-08 00:00:00,19991.688887672502,20044.891645658856,19905.436069188396,19999.657778472556,628.0482266791627
2023-02-08 00:15:00,20006.33606132364,20062.645958664016,19998.116745696196,20022.088141060714,1081.509652919224
2023-02-08 00:30:00,20031.294084644112,20051.5375176703,20013.34464991753,20031.52908067187,598.6924182431713
2023-02-08 00:45:00,20036.00883338001,20089.460866702848,20035.1783287981,20059.439291064675,850.9865674786035
2023-02-08 01:00:00,20066.051497439577,20103.77779797275,20004.777767963853,20061.156364574097,517.5121496420602
2023-02-08 01:15:00,20064.258461291058,20147.39841693107,20052.95509898177,20065.39849576379,960.1452182412767
2023-02-08 01:30:00,20057.297477257467,20115.109917836726,20020.37095571074,20057.785897802692,762.7048274829635
2023-02-08 01:45:00,20057.672849756997,20124.39895251625,20057.672849756997,20078.726274306366,562.8069085002223
2023-02-08 02:00:00,20081.922253988512,20081.922253988512,19977.042032906866,20053.49783619528,1206.9266106357525
2023-02-08 02:15:00,20065.967335441248,20065.967335441248,20015.825750695785,20042.085304341275,651.9142600544209
2023-02-08 02:30:00,20039.386697907128,20071.406896144574,20013.959447061847,20051.1110001277,1006.5130450962655
2023-02-08 02:45:00,20045.570313703352,20119.686143603994,20020.519730621687,20061.31826721795,585.5859264208043
2023-02-08 03:00:00,20066.605895186185,20107.884773621456,20011.67280062951,20058.13529005605,1699.5550579244846
2023-02-08 03:15:00,20057.380760528853,20059.700186522718,20003.809499068568,20040.128392174716,642.0924993598518
2023-02-08 03:30:00,20037.17011035047,20094.183433179296,20013.16745837277,20049.925803282906,917.9910062682176
2023-02-08 03:45:00,20055.732220793885,20100.150367406204,20030.658441875385,20059.99632787494,748.2830386727176
2023-02-08 04:00:00,20058.826882087047,20118.157197122146,20058.826882087047,20074.030377133775,595.5977323957669
2023-02-08 04:15:00,20072.150487874118,20159.519376052493,20072.150487874118,20099.53593028191,573.6719510551219
2023-02-08 04:30:00,20106.101771013546,20170.451733110895,20075.615669053605,20112.24712558054,532.1036739013399
2023-02-08 04:45:00,20119.224106255075,20222.836999333915,20109.380080887848,20126.65862147882,728.5493421366166
2023-02-08 05:00:00,20127.45045142309,20144.219827502326,20066.684674050935,20129.56142679166,782.705327190257
2023-02-08 05:15:00,20131.061130929465,20137.635282072122,20063.088370445068,20117.418656039103,1164.6131461203381
2023-02-08 05:30:00,20114.990565275824,20181.632161088208,20111.546705132325,20126.08186229422,694.0905262359995
2023-02-08 05:45:00,20122.809675818626,20163.157769852656,20097.282096679413,20144.057940155617,557.9827863676948
2023-02-08 06:00:00,20141.60837385846,20158.48313716992,20093.88083494797,20133.959910577094,700.1304511287885
2023-02-08 06:15:00,20124.758100921797,20236.519393237028,20124.758100921797,20150.16649819376,786.0206103362599
2023-02-08 06:30:00,20151.890745418994,20219.47860585219,20139.964659050424,20175.815547370472,634.232796847965
2023-02-08 06:45:00,20177.47392604411,20227.255920292002,20124.941076724288,20204.895587548413,760.3496152083679
2023-02-08 07:00:00,20202.254213921053,20204.931471767715,20151.75810986208,20191.073927750498,1707.5680498109057
2023-02-08 07:15:00,20194.615075597685,20242.717349991424,20147.218590286826,20207.903154826687,1117.022306049611
2023-02-08 07:30:00,20213.40679517405,20237.826296115887,20197.048393254918,20223.86924725184,607.4587466037766
2023-02-08 07:45:00,20219.525729544508,20236.911668200933,20174.815432398555,20196.797909333985,1857.1381314905107
2023-02-08 08:00:00,20204.877733312616,20231.13722801001,20168.611506046545,20204.64630948207,1626.4372009765025
2023-02-08 08:15:00,20208.81967788155,20215.78151315625,20140.913684479117,20173.95773838788,758.0157578635492
2023-02-08 08:30:00,20171.227863958145,20221.88270594307,20125.95034240048,20168.371257575323,1098.3917774731424
2023-02-08 08:45:00,20169.930156383227,20229.06736384792,20169.930156383227,20202.252046539594,934.7461748612985
2023-02-08 09:00:00,20215.19690133741,20228.935590657264,20181.566801805726,20199.124682079368,698.1613324286508
2023-02-08 09:15:00,20205.279727260233,20205.279727260233,20109.095864849223,20159.686667557664,655.3120309474015
2023-02-08 09:30:00,20156.4607559122,20202.153324923835,20133.607650479913,20159.661838515047,753.9847893974107
2023-02-08 09:45:00,20162.80209139253,20246.067986661765,20155.36345320695,20178.167463091842,637.6692388573158
2023-02-08 10:00:00,20167.77754465072,20270.421933084515,20159.2933273837,20184.165051819906,592.8619288292833
2023-02-08 10:15:00,20187.74890953053,20211.719473698307,20150.667138109577,20170.94480285985,536.0280862296972
2023-02-08 10:30:00,20184.38999972354,20233.852376693598,20157.001011269265,20180.72988155087,527.0218571954284
2023-02-08 10:45:00,20173.3890415654,20229.408313455104,20142.948282330588,20172.671221786313,773.9683638897748
2023-02-08 11:00:00,20169.739269879443,20188.64406295911,20136.710634966294,20151.310424268486,880.2368597266085
2023-02-08 11:15:00,20160.335823225705,20180.677565726823,20117.47993041351,20160.68525447805,682.258457320737
2023-02-08 11:30:00,20160.4710822343,20235.426950606976,20136.117907569886,20186.356216345812,1676.9153297472283
2023-02-08 11:45:00,20176.933526492452,20245.563131617335,20176.933526492452,20210.99032852523,816.4942105884778
2023-02-08 12:00:00,20204.166540994505,20204.166540994505,20169.020323894518,20184.99399998454,1054.45756581374
2023-02-08 12:15:00,20178.80439887424,20236.576098171576,20161.994652528636,20211.847149624784,596.332440237009
2023-02-08 12:30:00,20213.12989678355,20247.84852966259,20183.962792233535,20217.7886958136,983.1120811950188
2023-02-08 12:45:00,20215.46243791634,20237.211232276684,20172.941057420765,20200.235598457,677.8799664440527
2023-02-08 13:00:00,20202.80014225384,20208.15298137374,20153.07918578772,20185.881240047536,600.4823277514018
2023-02-08 13:15:00,20194.224264117307,20304.031494514067,20194.224264117307,20227.647499680403,857.3171632539932
2023-02-08 13:30:00,20230.367757286556,20258.664050120682,20230.367757286556,20246.159432468638,590.8428337934241
2023-02-08 13:45:00,20239.420220143402,20267.984642504493,20226.284675969648,20250.9382454912,873.2086902929166
2023-02-08 14:00:00,20246.038797910598,20358.802916205368,20243.806880473174,20284.346718187626,593.9986311799853
2023-02-08 14:15:00,20286.074005606602,20348.235797357873,20271.530684871825,20286.608610002717,1055.3682336646077
2023-02-08 14:30:00,20287.791533837375,20315.170606978583,20264.511137298887,20291.20045160754,562.8861152099984
2023-02-08 14:45:00,20298.65660415096,20321.79273781181,20240.89134747117,20289.2801822188,797.8756043351588
2023-02-08 15:00:00,20294.321650263413,20325.885401793814,20249.010115822657,20303.91461164334,1311.7530812888506
2023-02-08 15:15:00,20304.615594074818,20383.560525847384,20260.86567455974,20307.447145937087,768.1722780307776
2023-02-08 15:30:00,20306.92487842351,20341.74787127192,20264.20614712264,20312.35228098716,594.8880331944091
2023-02-08 15:45:00,20309.444300794326,20376.40479716891,20253.947769318533,20318.46618239127,1401.976794958907
2023-02-08 16:00:00,20321.91975894853,20329.065935681174,20241.970230579493,20312.960339625522,874.9721657592676
2023-02-08 16:15:00,20316.24369502084,20353.140120245727,20305.441035663836,20320.437150647565,619.9555007003739
2023-02-08 16:30:00,20314.098090172025,20367.58743333939,20291.602567513826,20335.947362096158,1107.9262956278465
2023-02-08 16:45:00,20327.75647502456,20358.119066395248,20274.602685336,20307.468852764352,939.2877150397242
2023-02-08 17:00:00,20307.871342146027,20328.601946270202,20260.01961535481,20294.64141470875,1461.5254984639853
2023-02-08 17:15:00,20297.75212463179,20304.401213721903,20138.01497600757,20252.002799351943,1227.1047529360094
2023-02-08 17:30:00,20241.659047420162,20262.846314389113,20167.405483795483,20221.80634353442,1056.5170667231605
2023-02-08 17:45:00,20223.2894691836,20253.237292334597,20121.801060382808,20210.81587516897,1170.2503862367178
2023-02-08 18:00:00,20203.504051284755,20262.3151172152,20164.38580195934,20231.06742400255,2124.1601525177657
2023-02-08 18:15:00,20224.909528495016,20308.21321617561,20203.283278023,20224.98376640161,574.1431388132961
2023-02-08 18:30:00,20230.156829639254,20271.857440706834,20212.519054621276,20238.23683209899,994.2476351761934
2023-02-08 18:45:00,20236.14777881358,20254.456682058684,20147.134671872955,20227.50312018106,1270.6227556450126
2023-02-08 19:00:00,20229.871537010196,20230.66277251621,20181.413625664012,20214.835345417214,621.7015868645723
2023-02-08 19:15:00,20212.366658618714,20251.88329774625,20133.48449259258,20194.888084143047,1228.342625627533
2023-02-08 19:30:00,20195.286877422393,20195.286877422393,20146.91030827601,20178.69813071067,645.1962114241937
2023-02-08 19:45:00,20172.720132643397,20224.723817936974,20111.50900598344,20165.60262117203,1039.0548331423308
2023-02-08 20:00:00,20163.075498083243,20209.5964470627,20125.212690894165,20152.351765894837,1031.054627493997
2023-02-08 20:15:00,20154.09746387692,20158.911455925274,20129.03133613515,20145.47402146531,533.0217712228296
2023-02-08 20:30:00,20149.33659931986,20195.434715635998,20099.980676381983,20142.487022761383,597.4671192992068
2023-02-08 20:45:00,20141.23771842632,20220.90328118078,20126.20308667025,20146.268092142767,1227.8583391296563
2023-02-08 21:00:00,20147.679766559904,20196.363504767418,20114.660326656856,20132.964851041088,799.987027302645
2023-02-08 21:15:00,20125.95709904062,20175.37327341121,20085.672577270107,20150.222019406378,754.5270542338247
2023-02-08 21:30:00,20161.695087984306,20211.035467777034,20121.99920039984,20137.952333908226,574.1227965365865
2023-02-08 21:45:00,20138.973023735,20138.973023735,20098.9497949468,20111.142632204566,1211.4013046316602
2023-02-08 22:00:00,20096.724891716625,20255.403765744795,20096.724891716625,20150.316585508892,1722.5890860952877
2023-02-08 22:15:00,20144.735878691783,20217.72650661224,20144.735878691783,20179.370333972536,685.5641466754645
2023-02-08 22:30:00,20177.068065077325,20190.11852230416,20106.202758299605,20171.814352593276,1200.316026952636
2023-02-08 22:45:00,20172.699309739,20193.25713560426,20114.447362737785,20166.470914144556,764.8509506088628
2023-02-08 23:00:00,20174.46871469023,20210.321753242246,20173.427696634146,20189.230128335468,1012.0629111254118
2023-02-08 23:15:00,20195.973862006136,20291.055027666214,20111.515739412604,20209.585818055093,566.912105780563
2023-02-08 23:30:00,20213.015999245617,20229.515841104207,20151.82536954456,20188.27418442408,1658.1349156983586
2023-02-08 23:45:00,20188.274278047666,20251.78992736029,20165.682525747932,20183.86488177333,1214.1427126719254
2023-02-09 00:00:00,20192.398635662325,20192.398635662325,20142.053632255873,20165.348815645786,893.5823471448756
2023-02-09 00:15:00,20170.549533773483,20254.48265465916,20148.049470072954,20175.70769877965,866.7431440083928
2023-02-09 00:30:00,20177.016503022933,20196.35646506297,20140.24224655986,20169.62561960799,1424.025305963373
2023-02-09 00:45:00,20161.528862897543,20201.445428275354,20154.697047773832,20175.269395843217,996.4083556015254
2023-02-09 01:00:00,20183.90386865396,20183.90386865396,20116.360475223086,20148.959360334386,674.0998014131821
2023-02-09 01:15:00,20154.59128117279,20189.078255454144,20116.908979213014,20148.580364036014,631.4768585068149
2023-02-09 01:30:00,20154.85055327471,20220.850228322877,20094.744081978235,20161.031203352944,1558.2821867253356
2023-02-09 01:45:00,20161.48315107541,20230.792284164803,20158.967058672788,20177.502750926895,592.1224637796482
2023-02-09 02:00:00,20174.560860513175,20186.557855829713,20133.852473568433,20173.719822460287,842.6328595248343
2023-02-09 02:15:00,20177.110049315856,20220.54562457329,20158.82235817352,20175.98710996673,1258.9706391505517
2023-02-09 02:30:00,20178.55365792856,20178.55365792856,20140.4966921214,20159.858979914286,576.2654619949136
2023-02-09 02:45:00,20154.526528794617,20225.6463473791,20154.526528794617,20203.02457758632,660.6192917748155
2023-02-09 03:00:00,20204.01584036224,20235.607432659832,20183.49694498064,20204.444881380437,1302.3618274299731
2023-02-09 03:15:00,20195.979067650165,20264.140920482936,20195.979067650165,20219.026683519278,549.7179246076898
2023-02-09 03:30:00,20230.616460107707,20376.85145736399,20230.616460107707,20264.53922306723,1835.8433468796168
2023-02-09 03:45:00,20261.050936561456,20308.58586347595,20245.758962295302,20262.63578721675,635.1134967711312
2023-02-09 04:00:00,20264.169772771074,20277.787307568244,20201.260056993928,20246.860228058977,731.8124718918644
2023-02-09 04:15:00,20254.91891038651,20271.884467860917,20218.003714272098,20230.318573401542,615.5982407597727
2023-02-09 04:30:00,20230.4373779381,20258.683321528697,20164.09947566244,20221.12995819878,597.5534704917434
2023-02-09 04:45:00,20230.098952617038,20247.128814361226,20198.837076119937,20219.69206395475,1093.1828054218356
2023-02-09 05:00:00,20221.63897175379,20264.24931999559,20157.467383959563,20201.669888521967,634.5059942953496
2023-02-09 05:15:00,20206.055074521253,20219.116422519517,20159.726150007413,20206.242845050892,689.3591854522094
2023-02-09 05:30:00,20203.305917115646,20241.025867535947,20171.326080565068,20195.12276897681,540.2545897643525
2023-02-09 05:45:00,20199.417979453563,20250.633975936184,20181.092875786926,20201.083191878068,539.2970721309634
2023-02-09 06:00:00,20200.20110429812,20256.09458367974,20148.42540865073,20191.34247354094,616.7148276462007
2023-02-09 06:15:00,20197.783773528383,20247.930623151813,20157.88100487878,20190.35342128648,730.0937601956545
2023-02-09 06:30:00,20192.85514659362,20253.530978172796,20168.457675806163,20228.03507828641,610.0518803425737
2023-02-09 06:45:00,20220.878725499708,20232.718476768496,20168.23812351845,20217.15731939618,896.2802916013637
2023-02-09 07:00:00,20224.646924632416,20251.950985806478,20224.646924632416,20238.285226971784,985.2879736430236
2023-02-09 07:15:00,20241.88308575568,20248.132662764423,20179.285162977703,20234.702970603787,778.7837108190896
2023-02-09 07:30:00,20234.531690643827,20285.029820236738,20186.839829888893,20253.193332448416,1035.9108096481852
2023-02-09 07:45:00,20248.907980020384,20314.377080061942,20228.014832809884,20244.025624195634,558.9495635661266
2023-02-09 08:00:00,20245.459231777022,20327.21883499315,20176.379796914374,20234.448268162236,571.0706088232198
2023-02-09 08:15:00,20235.091860972567,20274.75071427161,20153.781076828396,20237.553057248708,565.6147734959611
2023-02-09 08:30:00,20252.056935268472,20266.145189890725,20210.320284732872,20230.97303547368,995.0481735169196
2023-02-09 08:45:00,20228.495075159946,20297.70076254308,20228.495075159946,20257.11952476735,791.7240391892934
2023-02-09 09:00:00,20243.667321933717,20339.497897388585,20243.667321933717,20290.61245901462,699.6551905630118
2023-02-09 09:15:00,20282.60005164519,20359.31371388877,20282.60005164519,20314.391148934923,1086.361677401764
2023-02-09 09:30:00,20317.38897928779,20346.378711279827,20246.540330884905,20298.467746308994,638.751413773333
2023-02-09 09:45:00,20298.526335988117,20341.94388121936,20241.311469405144,20318.934966629156,628.2724530023909
2023-02-09 10:00:00,20311.424509941327,20388.70931336103,20311.424509941327,20342.875518241748,816.0041312017584
2023-02-09 10:15:00,20334.76253338369,20379.65467241303,20334.76253338369,20360.100584594456,680.4410317725444
2023-02-09 10:30:00,20353.12742761916,20402.016619090493,20350.86602534578,20383.041785253332,613.7361749264838
2023-02-09 10:45:00,20374.12291825631,20425.382152300575,20311.639772069433,20374.722306202424,1088.92043532809
2023-02-09 11:00:00,20388.032686042796,20404.021834699834,20331.092858449116,20378.25058652052,832.652037023347
2023-02-09 11:15:00,20374.948598638788,20432.174258737654,20321.10091616897,20392.7015326086,934.1284344621923
2023-02-09 11:30:00,20381.649336237104,20497.71928287639,20331.477531103574,20399.565906130443,573.2418654912688
2023-02-09 11:45:00,20386.081307123422,20396.87356509643,20349.993146364734,20383.81054479752,666.5620612662625
2023-02-09 12:00:00,20375.731667077715,20408.849507829567,20331.701641780768,20364.408456783913,608.438676151751
2023-02-09 12:15:00,20366.0024528982,20387.23027302756,20330.20236144703,20373.509396417354,559.1940164656434
2023-02-09 12:30:00,20366.53887186256,20421.544562747866,20360.46006741972,20381.455245596197,852.1736271515705
2023-02-09 12:45:00,20377.998666179963,20417.45697971882,20316.942735375076,20375.4190181321,714.0555982265693
2023-02-09 13:00:00,20367.755997696022,20450.97242801929,20351.568982029654,20375.52259968769,524.7359953372371
2023-02-09 13:15:00,20376.456580488022,20465.937258218015,20324.410676915246,20389.382093205855,691.1430154807525
2023-02-09 13:30:00,20399.0859364291,20435.963839959506,20357.19096473631,20372.545480570796,602.1044865538827
2023-02-09 13:45:00,20372.20530387813,20422.16533712621,20355.133459418215,20374.79251647257,1148.608564691695
2023-02-09 14:00:00,20384.07083443828,20384.07083443828,20310.05366389593,20351.38178935127,606.4575141607373
2023-02-09 14:15:00,20348.794552246647,20431.995098033094,20298.461809668635,20319.210391684814,891.343554102931
2023-02-09 14:30:00,20327.022224862212,20433.404884049633,20294.731790907164,20328.738075026187,675.0048600750595
2023-02-09 14:45:00,20321.905507983647,20400.91500137038,20240.34359223712,20343.44767303466,774.0615952101218
2023-02-09 15:00:00,20342.977904318774,20398.63848425043,20291.718172829413,20365.90535106589,982.2444553152558
2023-02-09 15:15:00,20369.968683187395,20387.13195674811,20323.468757538194,20369.33690303978,770.5915282833647
2023-02-09 15:30:00,20372.762815402555,20397.62474427512,20312.152589564415,20372.100627347034,538.4244454699955
2023-02-09 15:45:00,20378.462625632088,20378.462625632088,20265.460167935194,20331.94583530055,604.3801646254457
2023-02-09 16:00:00,20324.561335382354,20371.5467143641,20320.86106401593,20350.937253315507,604.8565180430303
2023-02-09 16:15:00,20344.696139963497,20366.494513842794,20317.248128427807,20344.018996665047,1624.898413299911
2023-02-09 16:30:00,20344.892901374027,20367.787425699942,20329.023032027224,20353.675475723645,913.3394745269329
2023-02-09 16:45:00,20351.156348944358,20357.37650787757,20312.2258655047,20326.942608264042,681.6986300901068
2023-02-09 17:00:00,20323.292982526767,20391.50600370662,20280.475644823302,20335.61142974122,796.3537968110574
2023-02-09 17:15:00,20327.6488765181,20355.443414399124,20303.000397973567,20321.24116741574,636.9967147730657
2023-02-09 17:30:00,20321.17134079886,20349.15062457885,20299.419657320464,20334.267339013975,735.9000203049874
2023-02-09 17:45:00,20328.209265483732,20410.22423916448,20328.209265483732,20380.84709697764,1088.4267046238017
2023-02-09 18:00:00,20392.97144711535,20395.78848828124,20341.031320519694,20383.271318299492,806.2883821474529
2023-02-09 18:15:00,20381.38318439649,20416.141139304596,20357.818129657764,20386.195275946127,994.7307336024705
2023-02-09 18:30:00,20402.33401351441,20429.829496566777,20360.62341047668,20393.96054620051,636.9316445479361
2023-02-09 18:45:00,20393.484828065655,20438.771678320947,20360.63374553953,20406.936766357794,657.8862009383215
2023-02-09 19:00:00,20412.95908419304,20445.60383031557,20351.944206079308,20401.17586915414,669.6331741704455
2023-02-09 19:15:00,20404.148719595145,20404.479419513213,20339.767600356765,20372.765526627936,729.7152683674462
2023-02-09 19:30:00,20368.642556715677,20378.701919940322,20346.407143099084,20361.8843399401,1745.5149617257407
2023-02-09 19:45:00,20371.247057654116,20432.027615054787,20356.85369451132,20386.2657488743,658.1630414737028
2023-02-09 20:00:00,20387.44210837649,20429.921892681425,20361.37397643882,20381.914465565296,540.326380664476
2023-02-09 20:15:00,20373.397210384137,20445.307053098004,20373.397210384137,20392.900042860547,1030.790028643778
2023-02-09 20:30:00,20382.727201744277,20456.369106212125,20359.16418115546,20386.32336547228,690.202713152969
2023-02-09 20:45:00,20389.40038720861,20451.03354164004,20342.189054060647,20382.55893769991,739.5904269496651
2023-02-09 21:00:00,20380.12390465389,20420.17830194953,20380.12390465389,20405.95471130695,651.9422541658993
2023-02-09 21:15:00,20417.26763411107,20443.843839356025,20366.717134525537,20397.03184018029,1176.8565248198636
2023-02-09 21:30:00,20391.993854072458,20395.713584645888,20327.202426883116,20376.131391706043,1445.18216377152
2023-02-09 21:45:00,20381.689366867926,20424.42372461712,20335.64299874159,20378.532025436336,734.0380657806253
2023-02-09 22:00:00,20389.633108572572,20390.843082688694,20310.03425959836,20374.39100930111,572.4952211953731
2023-02-09 22:15:00,20377.14794875112,20377.14794875112,20334.7156629218,20362.411606585865,1172.473293322461
2023-02-09 22:30:00,20372.985176587685,20372.985176587685,20328.312526369627,20350.1899353963,586.1127436952689
2023-02-09 22:45:00,20339.06918939765,20425.127339559596,20307.072334570952,20350.688767695712,516.8368847434531
2023-02-09 23:00:00,20344.738671667164,20355.293608840744,20251.99218653917,20327.848292368642,681.4671609841087
2023-02-09 23:15:00,20329.951755962436,20385.517952214766,20314.05223668902,20353.055869788284,1352.6972556656924
2023-02-09 23:30:00,20352.16335056377,20412.79744261715,20322.966095007065,20369.35211470267,693.536971605904
2023-02-09 23:45:00,20367.13143818964,20379.45496084351,20325.643977932556,20347.193634367402,684.9687770382352
2023-02-10 00:00:00,20343.08874127006,20364.288335403344,20257.213534125545,20319.935170186298,844.7078591699585
2023-02-10 00:15:00,20324.869325713305,20361.11433777038,20278.952782340755,20316.78183622539,1106.4211439295684
2023-02-10 00:30:00,20312.35713124226,20356.756866817315,20244.04580476669,20276.935102111882,762.2807159041275
2023-02-10 00:45:00,20283.212268492913,20303.937860256494,20240.502142269725,20274.68558063822,583.0731061053995
2023-02-10 01:00:00,20286.02262675182,20367.533814436654,20260.750606397094,20289.25662978423,978.7029022288426
2023-02-10 01:15:00,20285.45448284607,20299.02071292509,20162.569330552604,20273.796350662316,856.7855425132785
2023-02-10 01:30:00,20272.650887147473,20293.630646908245,20236.831969443912,20277.99681518428,568.0282657254991
2023-02-10 01:45:00,20271.72306403866,20391.608108253404,20266.64151294649,20285.345342658933,817.8967206763527
2023-02-10 02:00:00,20292.808070431143,20334.00208809504,20263.292158048247,20308.982206177425,806.3347772566452
2023-02-10 02:15:00,20293.299525807444,20322.30738615913,20257.707230172535,20300.590180496787,959.8697935922412
2023-02-10 02:30:00,20291.058800828003,20352.193861171465,20291.058800828003,20318.7983313586,1103.9255317396587
2023-02-10 02:45:00,20316.672543894827,20360.52096264328,20280.096964288794,20331.691520643424,700.8386739184657
2023-02-10 03:00:00,20330.253379587535,20384.89114852042,20266.523385607765,20316.426064755935,2478.0962058718956
2023-02-10 03:15:00,20310.82649831628,20324.932004467788,20203.430818384066,20300.053429743777,2063.7707471756994
2023-02-10 03:30:00,20298.786084766296,20355.522368816964,20259.048430055995,20318.521929818588,1275.8319554681827
2023-02-10 03:45:00,20322.429392721202,20344.896056984002,20283.41478385507,20332.2915274731,1047.6131954762682
2023-02-10 04:00:00,20334.465226538756,20399.39412340319,20319.7711728721,20359.049934740648,756.7509537538165
2023-02-10 04:15:00,20358.92339432408,20367.01528148818,20304.246264149315,20348.011655277027,1368.962503500592
2023-02-10 04:30:00,20354.63625362592,20382.412769482427,20276.389605769673,20348.197292940127,640.653643207347
2023-02-10 04:45:00,20357.132186528215,20427.146295923772,20350.618635283066,20362.886289874794,1750.6239640641627
2023-02-10 05:00:00,20364.34764489927,20424.53069518772,20364.34764489927,20401.259991282477,1258.0982633876395
2023-02-10 05:15:00,20406.391733413922,20422.616633165784,20353.054526844488,20385.71976077356,842.0901669171191
2023-02-10 05:30:00,20384.032031233037,20448.018608887734,20384.032031233037,20416.973882654733,870.9123950592173
2023-02-10 05:45:00,20401.854709975836,20577.08779889512,20401.854709975836,20452.053619713275,942.0942546622981
2023-02-10 06:00:00,20454.360673093717,20481.77623663265,20435.265177391608,20462.653682437693,936.7240076626555
2023-02-10 06:15:00,20459.282732113872,20533.047905781128,20415.848741586684,20475.09275673231,827.0232324898568
2023-02-10 06:30:00,20481.384937623792,20510.850035378626,20428.475669999392,20462.15824636333,760.1686360635778
2023-02-10 06:45:00,20459.461234383347,20510.875205273172,20435.255440806035,20463.3492055542,571.2416859208715
2023-02-10 07:00:00,20471.580583254556,20485.052463938384,20371.53546702135,20469.589381622176,675.5677620257069
2023-02-10 07:15:00,20480.438858646663,20501.357525524505,20468.331631812143,20481.319758112488,623.7710740074747
2023-02-10 07:30:00,20484.05592201707,20520.239604179827,20465.94762274301,20492.558593205955,965.1396490837907
2023-02-10 07:45:00,20497.756851160917,20575.795831283223,20430.81583636621,20477.20384888159,571.4540724046358
2023-02-10 08:00:00,20478.065430235914,20530.774017133408,20462.563836761314,20492.971468674845,622.0831947226545
2023-02-10 08:15:00,20489.4876060416,20536.327338783158,20488.280250513206,20507.645902301163,1055.8934882157685
2023-02-10 08:30:00,20509.73015665541,20537.95853890947,20452.96809395491,20507.031548975254,551.8920734864195
2023-02-10 08:45:00,20507.395447563846,20528.393607845974,20487.420532518663,20507.117412231328,735.8796353183722
2023-02-10 09:00:00,20510.08200087245,20553.470558331905,20499.77509089349,20538.56418028542,747.2971217208838
2023-02-10 09:15:00,20528.75097939787,20576.183844545434,20512.332659655585,20545.003883818797,1286.8404670378493
2023-02-10 09:30:00,20546.92118861816,20585.411556797197,20493.190451266706,20549.596870226094,1366.0885564740836
2023-02-10 09:45:00,20558.71848041633,20610.406227901316,20509.003316546412,20562.085294745117,804.2596195091248
2023-02-10 10:00:00,20571.363298512897,20616.672283440188,20504.17035065275,20541.618284124594,1122.7300228794413
2023-02-10 10:15:00,20530.055354748434,20576.39551700476,20530.055354748434,20560.721885783798,1059.5298999712015
2023-02-10 10:30:00,20558.02714364039,20602.817069174947,20551.708551647316,20564.78967040976,1231.7767659532144
2023-02-10 10:45:00,20560.311662466564,20644.465061756106,20531.135599417135,20583.899575254218,620.0327107970514
2023-02-10 11:00:00,20592.108369854443,20612.645658147005,20551.3127659484,20580.274941300613,1480.881734791672
2023-02-10 11:15:00,20585.633227863127,20621.671348650565,20566.60868606925,20604.050753132808,692.3974812009837
2023-02-10 11:30:00,20598.82654602591,20653.18521109791,20585.928111558325,20625.310495135705,1285.121478416418
2023-02-10 11:45:00,20638.00922023882,20678.405306547254,20474.68885692553,20594.632379500435,719.6173558687833
2023-02-10 12:00:00,20601.080580267004,20639.931398559176,20586.729080576864,20605.299686892908,729.3766037632948
2023-02-10 12:15:00,20607.007477351308,20740.74125695117,20607.007477351308,20670.81811686663,924.7061088190969
2023-02-10 12:30:00,20676.727331437654,20726.87142252386,20609.34068620163,20668.622607372847,1076.7949847419864
2023-02-10 12:45:00,20673.498243854207,20714.220140270805,20612.31973767152,20669.750117068328,531.1633929022083
2023-02-10 13:00:00,20675.096962054304,20684.93906142521,20647.17970543827,20662.92298173778,1342.778256320078
2023-02-10 13:15:00,20659.625365616328,20724.483288611114,20636.84232474886,20659.956226139082,1063.1307674437405
2023-02-10 13:30:00,20664.1191824107,20741.204551125975,20607.381333955047,20634.642687511332,688.8558663443054
2023-02-10 13:45:00,20642.855618259808,20702.57632675042,20603.559133609615,20650.185301566846,1583.9740748008887
2023-02-10 14:00:00,20649.950936780475,20667.099504335543,20568.035184081604,20646.663135464776,561.743599589863
2023-02-10 14:15:00,20643.46544910105,20703.24958953884,20597.973558637375,20653.45098608006,619.307862631953
2023-02-10 14:30:00,20654.900608556727,20729.03705213774,20654.900608556727,20672.63305574196,717.3599065095436
2023-02-10 14:45:00,20673.64800341362,20699.559412555445,20599.712328864596,20673.848670509276,679.9384840298751
2023-02-10 15:00:00,20679.93314705284,20719.98111194293,20636.638499133078,20683.64873958241,733.9475753367349
2023-02-10 15:15:00,20689.232655653217,20741.806069658895,20644.12597615579,20679.12609823235,714.3180496675155
2023-02-10 15:30:00,20671.92378552084,20708.85152455504,20636.976106874128,20686.19389880241,792.7191691827759
2023-02-10 15:45:00,20690.54946489629,20758.336649886067,20652.72093941945,20692.122310143714,768.0836466582581
2023-02-10 16:00:00,20683.743043953622,20732.383628306867,20683.743043953622,20703.550973152684,1066.0551948315824
2023-02-10 16:15:00,20698.356267109728,20749.175131868957,20658.214040081235,20694.880580639612,1346.3607211215342
2023-02-10 16:30:00,20688.65215970851,20703.989156820484,20621.9195937677,20676.858417964366,1049.013220745743
2023-02-10 16:45:00,20685.29973758029,20701.712629733418,20647.989583724142,20666.090409763852,781.5887676833042
2023-02-10 17:00:00,20669.775977374025,20715.834422616696,20624.111338162096,20652.920065822163,796.6343794678526
2023-02-10 17:15:00,20657.043357879335,20706.944060206268,20579.167222125892,20652.056262894224,641.776622105717
2023-02-10 17:30:00,20653.708605733544,20715.6377744992,20638.740515300855,20661.61188349384,655.1422470682121
2023-02-10 17:45:00,20653.366723839543,20685.724690984924,20626.661951702776,20649.424516238523,549.1481353869384
2023-02-10 18:00:00,20657.7867659111,20661.171277753954,20606.8404924497,20648.618206493706,1673.406728052574
2023-02-10 18:15:00,20657.175389319087,20691.93504859421,20599.67689184297,20634.724453790594,611.8553811030242
2023-02-10 18:30:00,20633.207364327816,20671.017834638013,20623.54887551459,20646.704789475825,639.6643053661187
2023-02-10 18:45:00,20643.89420738569,20663.194597029917,20600.076686751676,20634.65643955929,1196.8234557233482
2023-02-10 19:00:00,20625.676348519013,20682.212672079284,20591.866008853467,20647.462141802465,722.0202154830013
2023-02-10 19:15:00,20642.47895163297,20679.022289226028,20588.549650054894,20638.32133140147,877.9906890351966
2023-02-10 19:30:00,20647.292963979038,20690.052688391326,20627.19533560764,20647.80200697889,646.3399024484561
2023-02-10 19:45:00,20659.744537378647,20675.976256659458,20565.67490527709,20644.751955458036,1344.67903046393
2023-02-10 20:00:00,20637.481005780035,20655.113165825776,20583.94018569915,20632.782943184746,1931.8865487682078
2023-02-10 20:15:00,20630.076055390167,20667.999249835255,20589.474516179467,20623.86767969562,579.5155451267171
2023-02-10 20:30:00,20618.830354661815,20702.737803099284,20545.25000548239,20620.134030167334,1701.1611731698117
2023-02-10 20:45:00,20622.610156695147,20657.672255319194,20575.350224381473,20593.042138404497,676.1509571531637
2023-02-10 21:00:00,20585.75583866039,20637.54549283487,20552.423894208856,20606.1921409205,667.846616916675
2023-02-10 21:15:00,20608.44596039371,20646.23167749994,20569.52234431963,20603.14259040447,789.4557194880757
2023-02-10 21:30:00,20603.195638680303,20694.301581653952,20603.195638680303,20637.229586087782,774.8534225640146
2023-02-10 21:45:00,20633.280894312196,20721.30395557161,20621.767896131263,20661.82309746949,755.0721331461859
2023-02-10 22:00:00,20662.56526931173,20697.06617613693,20639.702884777475,20684.170903519756,573.4548898289898
2023-02-10 22:15:00,20684.52009105642,20750.808522464056,20653.73763264472,20678.08560620252,957.8671316575638
2023-02-10 22:30:00,20670.665614020807,20736.235696641113,20609.784465746514,20666.07940461528,607.1222838255353
2023-02-10 22:45:00,20662.661161988304,20700.545981771058,20638.57377793031,20682.539466606104,744.5998188217561
2023-02-10 23:00:00,20688.174603453917,20695.905295783225,20617.00219886541,20666.801089470122,562.1323391338556
2023-02-10 23:15:00,20663.566477150358,20711.353744010237,20620.37101201021,20668.90975601515,607.523923509738
2023-02-10 23:30:00,20689.393113232032,20708.469556660275,20605.382703670577,20681.443161567324,647.0693615949634
2023-02-10 23:45:00,20661.913218244044,20777.98345828934,20661.913218244044,20713.99897943087,1162.4924561779771
2023-02-11 00:00:00,20698.677131599492,20736.20144680193,20664.040930016938,20720.88675728351,598.8762503802895
2023-02-11 00:15:00,20704.678625409877,20756.57396178031,20664.933038853513,20729.931638966846,819.6273433670578
2023-02-11 00:30:00,20727.85469970386,20738.74001010381,20649.54897548219,20695.503714839237,610.0423267321327
2023-02-11 00:45:00,20692.153770608067,20717.728375075647,20612.72934885198,20671.540538349433,1155.7727596323127
2023-02-11 01:00:00,20673.332354228205,20737.80431561474,20613.66416344721,20689.357518929442,1362.6849234321608
2023-02-11 01:15:00,20681.128835782692,20739.52991763244,20596.794975253106,20661.44963136766,906.1266716324376
2023-02-11 01:30:00,20662.066960287964,20699.014006872327,20602.26841548153,20645.354774609936,1509.764789182731
2023-02-11 01:45:00,20644.656857364684,20645.37839836782,20607.34768792528,20631.599844298693,634.8544796816534
2023-02-11 02:00:00,20632.30754108345,20707.042672490206,20632.30754108345,20668.075280739384,751.7303711221343
2023-02-11 02:15:00,20661.42974365813,20742.21682866977,20632.49796001834,20684.157574085613,621.7378294730278
2023-02-11 02:30:00,20676.199705494666,20724.368305651376,20625.47376866129,20686.80565611824,1210.0652045938523
2023-02-11 02:45:00,20686.420174254297,20712.6647576403,20667.17880107248,20690.173282252876,537.4101153579328
2023-02-11 03:00:00,20682.25410701387,20768.112907911116,20657.993217828265,20709.07245283468,730.3598285530393
2023-02-11 03:15:00,20707.368171462767,20750.67625112944,20660.035093282164,20680.73453658768,758.0978619242969
2023-02-11 03:30:00,20680.144603820747,20726.406866674202,20670.20010130944,20689.084173049607,691.6673691132479
2023-02-11 03:45:00,20674.476486148433,20756.35356027174,20674.476486148433,20694.02757824392,775.8850759932762
2023-02-11 04:00:00,20691.617279700666,20735.187949031388,20666.206631203928,20688.033237732714,653.3446726892013
2023-02-11 04:15:00,20691.78608807441,20755.080553500473,20668.25788274664,20712.81474579515,808.0243473965203
2023-02-11 04:30:00,20705.620786212563,20747.8076138385,20690.77470059114,20715.970856449927,875.1334734571396
2023-02-11 04:45:00,20711.90889024662,20734.61199406714,20681.448078235208,20701.233456272148,757.822781561493
2023-02-11 05:00:00,20713.065337275657,20713.065337275657,20612.498335603646,20691.21969915383,1063.942417703797
2023-02-11 05:15:00,20682.2369007966,20762.06731868399,20609.196741516873,20683.832038975706,662.7322807527361
2023-02-11 05:30:00,20682.6245372615,20746.411698183787,20647.39747683182,20710.817368348668,825.6018463549246
2023-02-11 05:45:00,20702.15210400212,20732.388880698112,20679.349516549988,20702.64497960222,757.3779456340446
2023-02-11 06:00:00,20701.15138492076,20721.916547164365,20653.213612876636,20708.234439381235,1358.9383381766809
2023-02-11 06:15:00,20689.988327567185,20749.472771003115,20668.121064077066,20707.432119059267,556.5348844410515
2023-02-11 06:30:00,20706.345352208104,20758.56504205686,20706.345352208104,20736.526929937587,1162.1516495495441
2023-02-11 06:45:00,20743.87010643736,20816.029872967563,20719.488876984266,20758.178710922653,585.9320412085206
2023-02-11 07:00:00,20760.508074844758,20801.007501358195,20730.16052931923,20750.72876869889,547.3316870555901
2023-02-11 07:15:00,20752.585361552377,20763.6311573859,20688.331705545595,20737.482934887157,856.7370129242729
2023-02-11 07:30:00,20734.500645306485,20754.45642466219,20691.073186568436,20717.887061985748,1005.3640919392332
2023-02-11 07:45:00,20716.331033006303,20792.897941907766,20654.399102902677,20727.109473355256,1115.0599212941856
2023-02-11 08:00:00,20729.95119870759,20807.11925548529,20706.319317553436,20762.067761846934,960.4323611740361
2023-02-11 08:15:00,20758.31013215854,20831.690702269243,20719.68152833081,20750.954721303442,821.7097386665612
2023-02-11 08:30:00,20747.017658965982,20791.316599004575,20722.297798894026,20738.921116198722,636.0269123296141
2023-02-11 08:45:00,20741.191504663024,20741.191504663024,20671.168206958704,20696.447084174444,937.0831724703411
2023-02-11 09:00:00,20702.599290196147,20712.88549186313,20650.92883952736,20695.996524381695,1154.6561883458623
2023-02-11 09:15:00,20699.476890874826,20723.55225420964,20673.19735422287,20694.630991317266,681.3057958212713
2023-02-11 09:30:00,20678.248299733463,20737.18111954553,20628.96904892575,20693.61946146058,804.9059976773228
2023-02-11 09:45:00,20696.23232213041,20754.516830992136,20656.44810261639,20684.343301305908,676.2310754247371
2023-02-11 10:00:00,20673.69483978954,20784.01452164543,20673.69483978954,20728.87372513263,2388.0238776971296
2023-02-11 10:15:00,20726.608089002846,20758.877796518,20672.819689382774,20701.24595076266,1618.886448417638
2023-02-11 10:30:00,20705.28892191551,20716.60214715817,20674.310279288246,20689.18887645355,704.5868895084653
2023-02-11 10:45:00,20688.54818890259,20699.415046849997,20664.768289134012,20679.77068564737,717.4380365863059
2023-02-11 11:00:00,20680.96488751088,20707.86122021795,20670.374151962347,20692.270866643856,679.6570766481098
2023-02-11 11:15:00,20682.856804004176,20706.168451013615,20625.565164404114,20677.458707350506,1012.9900070517572
2023-02-11 11:30:00,20670.26367164644,20706.820897434318,20628.096683974658,20691.832191584628,1143.930895351039
2023-02-11 11:45:00,20692.297674374804,20732.08156066309,20640.168457654636,20688.585290658444,1169.1857203532745
2023-02-11 12:00:00,20688.28442982102,20747.349574360607,20659.80934399856,20698.0411541615,616.3531695399511
2023-02-11 12:15:00,20703.581824004683,20742.694635201315,20670.342383032137,20707.95454939998,736.8964435603826
2023-02-11 12:30:00,20708.80024142016,20746.121719584935,20564.450094858283,20664.619736828492,728.0392576681141
2023-02-11 12:45:00,20677.68757623796,20735.697081080398,20659.351130472074,20681.601293310305,883.059144275824
2023-02-11 13:00:00,20681.477298148995,20782.44832325055,20681.477298148995,20725.390581656047,797.574419322307
2023-02-11 13:15:00,20732.221475914415,20776.060311720583,20702.702579684246,20717.00434176613,1216.0292665139234
2023-02-11 13:30:00,20719.133046109313,20742.950931417887,20692.042671759453,20707.975625229694,692.5535371801676
2023-02-11 13:45:00,20710.472586662105,20764.433255273852,20701.07068622002,20721.764731114083,849.6034074300329
2023-02-11 14:00:00,20718.073840126908,20753.87379967266,20695.641090269488,20729.90345459226,1244.0342885040754
2023-02-11 14:15:00,20726.92379214654,20781.587224909752,20706.98343426958,20739.6646368907,814.533169421152
2023-02-11 14:30:00,20740.87417544755,20827.362786404392,20725.82414631926,20764.019540817546,863.629482843865
2023-02-11 14:45:00,20757.46998329433,20791.72075331338,20713.626504781118,20762.530694854708,563.5660685004248
2023-02-11 15:00:00,20762.79274233024,20844.35657616034,20714.86517304557,20768.366579916066,615.1475866258606
2023-02-11 15:15:00,20774.976640719928,20823.10468545544,20748.271136619598,20784.326300053788,1124.6221884286479
2023-02-11 15:30:00,20787.013070602556,20805.759335990002,20760.426120162283,20782.034310307336,629.1962202479602
2023-02-11 15:45:00,20779.07285344639,20865.6287594981,20742.100098164436,20778.378873031455,880.9966990218088
2023-02-11 16:00:00,20774.401645648155,20774.401645648155,20703.201199383275,20758.4537205018,726.3132000056245
2023-02-11 16:15:00,20760.05351088263,20812.912170436997,20737.0295855496,20791.980110700562,752.1023414407349
2023-02-11 16:30:00,20804.880427127686,20874.028744359533,20755.180055979057,20800.738951802654,539.9848452242993
2023-02-11 16:45:00,20799.765580555635,20800.918550413273,20728.01886183102,20776.30668737477,675.0319772590121
2023-02-11 17:00:00,20778.97879472552,20795.41077219626,20718.70960354444,20763.52443600707,630.7566614878485
2023-02-11 17:15:00,20762.70357595681,20773.88800129963,20703.410720657237,20738.122885370707,715.6326373486384
2023-02-11 17:30:00,20739.77875577965,20782.874300548585,20658.266342791267,20724.28887730537,1060.273654044793
2023-02-11 17:45:00,20730.805341677395,20790.40309806248,20717.62340878292,20751.840373575156,809.3492312658858
2023-02-11 18:00:00,20762.962314010183,20769.741839548697,20709.21188506241,20751.265142846456,641.4228828444027
2023-02-11 18:15:00,20743.991237561702,20789.368750275145,20705.46926914799,20755.196181426993,1156.528153844787
2023-02-11 18:30:00,20751.749917538,20751.749917538,20715.737680979637,20737.97541878035,1091.0880180917632
2023-02-11 18:45:00,20743.04084593192,20782.118234354217,20743.04084593192,20759.900593104965,738.784798005601
2023-02-11 19:00:00,20765.162697227377,20768.186817473215,20730.814840358827,20753.524476133312,873.8312277113245
2023-02-11 19:15:00,20754.60879258441,20781.376160688065,20683.08626928242,20750.24131835717,716.5617716196248
2023-02-11 19:30:00,20757.378153463338,20820.23632490373,20661.216739954263,20747.096617390413,1164.0955552047537
2023-02-11 19:45:00,20746.813045781433,20819.4150483864,20709.11968762479,20756.558992883933,676.4566177630115
2023-02-11 20:00:00,20755.09742648326,20812.022770551965,20729.96294490765,20791.25946113763,667.3722477411203
2023-02-11 20:15:00,20795.44979805513,20835.350995604123,20768.301406381408,20793.201452694448,506.8195264027643
2023-02-11 20:30:00,20796.50622205556,20862.559407469238,20737.05590080027,20791.218544087573,942.3120101433368
2023-02-11 20:45:00,20787.646513623622,20816.58184975572,20737.66291636756,20800.745870938867,720.0539825345054
2023-02-11 21:00:00,20799.26786125908,20837.387453133782,20772.357162786644,20788.0322839207,1072.6578183051056
2023-02-11 21:15:00,20794.967431061392,20824.12716683632,20703.106067743058,20771.377631305237,814.0221871092393
2023-02-11 21:30:00,20774.09389357536,20891.331393058193,20725.105064357635,20778.42967605004,1088.8042378326904
2023-02-11 21:45:00,20780.706156076223,20797.46991505527,20687.96685667335,20757.4551945172,815.5879805489857
2023-02-11 22:00:00,20751.962047438075,20795.91522500912,20700.066115019596,20756.77587902207,570.9805171353389
2023-02-11 22:15:00,20755.799189237925,20795.99872769224,20749.43611789912,20772.6683375787,1409.9923044297664
2023-02-11 22:30:00,20768.82797177692,20813.613853835737,20765.01391065715,20798.817073362734,932.106550872318
2023-02-11 22:45:00,20802.210764495652,20852.12243591518,20727.446544004466,20815.25892282217,890.1836417605753
2023-02-11 23:00:00,20815.791495292728,20888.493791571298,20799.870820765293,20849.442083802664,1178.5366206546196
2023-02-11 23:15:00,20857.024829817645,20883.710709082472,20844.821578978408,20861.24570808123,597.5536340711055
2023-02-11 23:30:00,20870.651071041753,20895.832466277945,20822.17577615704,20835.656410700332,692.4042199552273
2023-02-11 23:45:00,20832.55248583506,20867.21941825736,20799.403616624066,20852.7159460156,624.8744297067217
2023-02-12 00:00:00,20857.565591670977,20909.86594432727,20838.85721059843,20872.126772583568,733.5820646859188
2023-02-12 00:15:00,20870.440075814495,20889.965703053032,20809.023707887154,20874.75202845875,632.9397715523504
2023-02-12 00:30:00,20873.971882725273,20944.95705927914,20873.971882725273,20897.802943155253,572.1526298442526
2023-02-12 00:45:00,20888.40144734655,20914.100518107694,20858.179555817398,20896.212663632698,517.8902007959231
2023-02-12 01:00:00,20887.840044400793,20965.563666299142,20887.840044400793,20948.101926957566,648.7723949333783
2023-02-12 01:15:00,20949.781932976923,20975.02082120172,20925.058394563628,20950.306708540895,1232.233411355516
2023-02-12 01:30:00,20952.855658535318,20991.659155355057,20930.228606959532,20966.574014176887,713.8986102892864
2023-02-12 01:45:00,20963.871509012817,21014.946283596393,20896.290166261857,20945.198906885755,709.4300221653225
2023-02-12 02:00:00,20939.99845797442,21013.262255226564,20883.903993217747,20959.302381858764,894.8565104259893
2023-02-12 02:15:00,20970.20866494144,21004.229955689705,20935.06476325551,20977.35338185475,911.427471235094
2023-02-12 02:30:00,20989.774282780818,21016.826162707945,20940.834827471706,20973.505344708432,1045.1784374370793
2023-02-12 02:45:00,20966.70889159236,21014.55094935507,20914.288482716704,20974.522973390085,1806.2150941112905
2023-02-12 03:00:00,20972.55882341502,21042.23667762901,20854.3482804593,20968.519658586512,675.1304200369603
2023-02-12 03:15:00,20966.960952376547,21003.10870716592,20937.20339126168,20976.998459446528,806.4328614519819
2023-02-12 03:30:00,20982.618576439185,20993.22303809578,20875.309194878046,20970.933992270795,567.4321377564521
2023-02-12 03:45:00,20978.9010675621,21005.041076858735,20952.36127355193,20990.296761567504,709.0815365077397
2023-02-12 04:00:00,20990.390474433698,21033.017606659756,20934.821310048323,20994.380711825794,579.1032415478492
2023-02-12 04:15:00,20996.235183346376,20996.883589778627,20953.679894193803,20974.08866292554,736.8931443735943
2023-02-12 04:30:00,20965.354320139504,21086.470884333,20965.354320139504,20989.217399695463,884.4025858553856
2023-02-12 04:45:00,20995.475031661288,21000.237299861015,20920.25586016831,20977.464013064073,699.6253856038784
2023-02-12 05:00:00,20978.52514959897,21000.240690782764,20937.772954067714,20971.912531930306,806.5403722152599
2023-02-12 05:15:00,20965.01496309533,21015.988489468098,20945.45381988781,20971.803262810914,837.7636655656182
2023-02-12 05:30:00,20981.86920612287,21026.855613900123,20908.88904013842,20982.43951431257,895.0359274693604
2023-02-12 05:45:00,20981.835135861544,21034.264161877225,20950.592955524527,20975.356102092497,546.8750555876677
2023-02-12 06:00:00,20973.464954066407,20973.464954066407,20869.21787859081,20931.482935750195,1346.619019013105
2023-02-12 06:15:00,20939.624095772393,21002.80796701819,20892.555086128956,20923.131844078245,906.1439292128755
2023-02-12 06:30:00,20919.346734247916,20945.197894041674,20903.504102070314,20932.317249461827,958.1406659238314
2023-02-12 06:45:00,20918.57807982765,20964.69745338504,20851.819543898353,20939.62170081871,770.3661949556821
2023-02-12 07:00:00,20946.13438665156,20976.77762139128,20890.925098730822,20941.31425838608,1579.1333908487468
2023-02-12 07:15:00,20944.979034961783,21022.913544935636,20912.07226172387,20955.31155304148,1129.8910437760994
2023-02-12 07:30:00,20956.333338805172,20992.574665284814,20901.905743330673,20951.050446233567,745.4647369512882
2023-02-12 07:45:00,20948.478450555456,20991.697203811484,20877.808320134314,20919.17087324639,603.0741343650585
2023-02-12 08:00:00,20917.46901416011,20966.055472266333,20913.143847552157,20934.430282560166,1023.5837695343798
2023-02-12 08:15:00,20919.461860688807,20959.789937368518,20845.551958408196,20914.56573913642,583.5951752904688
2023-02-12 08:30:00,20932.7491987281,20953.864202761684,20889.172905353287,20914.89762809175,512.259915238003
2023-02-12 08:45:00,20909.06951485831,20934.064952655353,20897.45773605738,20920.846074975612,569.1887626109625
2023-02-12 09:00:00,20929.173234219692,20963.34252361103,20836.310540030863,20914.549730941162,750.6271428979435
2023-02-12 09:15:00,20921.969009475906,20940.82611430233,20887.250310985033,20922.14413431761,1039.9991542806954
2023-02-12 09:30:00,20919.849812524248,20956.30216524105,20893.52343361778,20914.198557272604,584.4717540930566
2023-02-12 09:45:00,20908.20926896413,20981.541699555768,20896.18097994474,20923.456050989265,965.0703447934477
2023-02-12 10:00:00,20923.650583995266,20923.650583995266,20892.666647559825,20909.45270438148,647.3761731153807
2023-02-12 10:15:00,20915.342160287986,20940.6255771385,20885.832017480236,20905.329295099466,664.4072823175263
2023-02-12 10:30:00,20904.87905521548,20975.46997838864,20891.835071583762,20918.445009910436,656.3298919707925
2023-02-12 10:45:00,20921.854825988023,21025.32831440976,20921.854825988023,20950.027535357687,1083.715907592818
2023-02-12 11:00:00,20969.111507848454,21063.31508407373,20932.86140130256,20972.99917612529,1715.1539721029526
2023-02-12 11:15:00,20971.94705442865,21088.649092727475,20971.94705442865,21004.57001797958,1057.0279330352191
2023-02-12 11:30:00,20988.533760065427,21071.51437506534,20935.129452305526,20999.696465997356,626.8558703121612
2023-02-12 11:45:00,21000.126503945125,21060.81584921206,20946.32876105226,20988.88398914057,1204.430420511616
2023-02-12 12:00:00,20988.605630309405,20988.605630309405,20921.004103760195,20952.69019146427,1287.6959804554167
2023-02-12 12:15:00,20952.5045260769,20957.153531069944,20892.820371229678,20941.59804293084,581.4345370054393
2023-02-12 12:30:00,20941.73720919515,20960.222942867964,20917.224246164657,20933.208362310048,824.9913317102398
2023-02-12 12:45:00,20922.687883794388,20979.358956284254,20884.508499697607,20942.358594973863,835.7923616500481
2023-02-12 13:00:00,20944.020083813528,20993.427725163598,20905.059924764446,20931.943348385474,1286.6262459490438
2023-02-12 13:15:00,20929.11695352243,20998.97523533002,20904.7044224366,20927.673383635054,759.769144672104
2023-02-12 13:30:00,20928.68985636256,20980.91949184157,20871.337843181234,20911.795820801683,657.4404544295716
2023-02-12 13:45:00,20902.63781092817,20953.492149607908,20902.63781092817,20928.133784714526,616.6979861077099
2023-02-12 14:00:00,20931.03779754977,20971.65231168574,20900.71189349647,20946.855495297335,588.5260328630077
2023-02-12 14:15:00,20948.460017275953,21022.512390457112,20886.002465836184,20946.34385565545,699.2336300803619
2023-02-12 14:30:00,20942.19636968223,21039.485351411782,20928.334824523616,20967.93341073822,615.0228541341991
2023-02-12 14:45:00,20952.455823626326,21003.640671928344,20896.63362554127,20968.092699085344,619.6782823353799
2023-02-12 15:00:00,20960.45604957316,20970.250491459836,20930.970853750165,20951.036672996295,644.1639940124974
2023-02-12 15:15:00,20955.045956252754,20970.230000629384,20882.77523145126,20926.530365437768,1067.0594021911713
2023-02-12 15:30:00,20913.031905823562,20946.194552606197,20883.92043633883,20902.50240208531,836.8897973794997
2023-02-12 15:45:00,20909.61810753403,20909.61810753403,20838.22731135372,20894.505322432928,1057.0674645650588
2023-02-12 16:00:00,20899.573715218943,20899.573715218943,20858.0038456406,20881.488031166722,744.1210889441246
2023-02-12 16:15:00,20876.282381181976,20924.077708047917,20855.863345472808,20893.560660664603,606.4722810327638
2023-02-12 16:30:00,20889.651198143194,20991.92471167538,20889.651198143194,20935.576408507713,1162.3520788411272
2023-02-12 16:45:00,20935.735431026755,20952.303054078846,20894.931710281635,20926.60624461922,904.4583572925761
2023-02-12 17:00:00,20927.991289190642,20944.243859564423,20876.267280928223,20928.63148058551,960.3034715670736
2023-02-12 17:15:00,20937.981310953375,20937.981310953375,20881.351042456103,20904.92198835368,679.696327500926
2023-02-12 17:30:00,20909.181110312424,20965.467712030033,20909.181110312424,20941.724578862606,795.479623673834
2023-02-12 17:45:00,20946.134403961023,20980.935498795745,20911.764650139427,20950.092083319116,522.5399366335704
2023-02-12 18:00:00,20957.713866272697,20971.512889646467,20889.315097892315,20921.556249013698,709.9921183165753
2023-02-12 18:15:00,20928.333583992553,20944.815410994168,20881.552913498428,20923.6211376381,1024.7091986762262
2023-02-12 18:30:00,20925.091676538126,20997.9256528212,20837.41192275104,20932.961123601795,642.9175052244092
2023-02-12 18:45:00,20931.372176995068,21018.538767936287,20900.43497187706,20934.68699631388,1132.708765571483
2023-02-12 19:00:00,20933.310457525153,21010.454409130747,20933.310457525153,20966.60774188142,767.6563919943866
2023-02-12 19:15:00,20959.077159483266,20959.077159483266,20882.126806758817,20931.17644963039,727.6406741980645
2023-02-12 19:30:00,20935.013648053784,20958.34776888697,20907.34774720712,20931.715733842324,622.9786955464118
2023-02-12 19:45:00,20930.77783028079,20991.13812751037,20867.423763743467,20958.038091292576,809.2377636064537
2023-02-12 20:00:00,20961.885696133748,21030.12765968493,20952.160336419645,20979.901295099928,573.2490291903734
2023-02-12 20:15:00,20973.333527396768,21036.199361908988,20945.107931736526,20979.553445688216,875.9183284384359
2023-02-12 20:30:00,20984.62760263444,20984.62760263444,20876.57455844641,20954.882646391914,790.6423517113838
2023-02-12 20:45:00,20962.834252901586,20962.834252901586,20895.804053973778,20931.87936335786,860.8133247855512
2023-02-12 21:00:00,20928.63429282158,20953.233773472675,20847.122065217052,20889.024810725365,995.8659967501449
2023-02-12 21:15:00,20897.356039291946,20941.52961052982,20845.99377036886,20886.06676864096,522.913567115882
2023-02-12 21:30:00,20885.684190650794,20965.136292836425,20870.01062832261,20890.68659355986,517.0149194712608
2023-02-12 21:45:00,20891.2166968173,20920.08901490809,20839.886136369536,20866.692729131006,1055.5536930143408
2023-02-12 22:00:00,20875.661642077866,20875.661642077866,20778.230961394373,20835.545349084583,807.1546849616376
2023-02-12 22:15:00,20831.550275853606,20859.827656586334,20794.69339932814,20845.210130298532,708.1289186219096
2023-02-12 22:30:00,20850.820408134034,20884.426897884056,20800.745372949634,20841.11604649244,781.9551835880636
2023-02-12 22:45:00,20849.421439891557,20883.543133417457,20833.645022874385,20866.992801295728,758.5417351878937
2023-02-12 23:00:00,20871.227258304414,20942.768115913725,20775.39680659334,20860.84599146981,566.502848858616
2023-02-12 23:15:00,20859.571413186477,20881.940876006593,20751.22740539669,20797.302738353792,681.8181213318545
2023-02-12 23:30:00,20802.9187567533,20821.472672013322,20768.0445265942,20791.912158418872,851.4004037467299
2023-02-12 23:45:00,20795.866290197348,20835.257889881712,20786.647542195777,20800.804315532274,753.1261028401211
2023-02-13 00:00:00,20792.936453556806,20842.68727219623,20728.472010642246,20766.305711857094,809.1029921196449
2023-02-13 00:15:00,20767.583707616057,20915.896208221802,20767.583707616057,20796.948954990756,1124.0977078049168
2023-02-13 00:30:00,20801.814757263775,20801.943150754698,20757.816688504663,20787.1940840718,696.6070562864638
2023-02-13 00:45:00,20793.79560377807,20842.818690772863,20780.798128200542,20800.022332114946,1067.0972135928594
2023-02-13 01:00:00,20798.920559002927,20836.02461335448,20785.168769936543,20806.55179321676,901.8574442023778
2023-02-13 01:15:00,20808.20900980214,20887.14943830826,20771.09644544547,20827.43367431078,557.9574423885247
2023-02-13 01:30:00,20824.3684450598,20867.4076176206,20789.70716737131,20816.209190995287,639.931918512359
2023-02-13 01:45:00,20815.161073233452,20859.001103558934,20762.271064277073,20835.342742456472,576.8911815295571
2023-02-13 02:00:00,20824.939503140602,20839.653633796275,20797.06305545103,20826.0949210434,669.6888316076701
2023-02-13 02:15:00,20821.729403676167,20876.2273879008,20779.377552545633,20813.04210866508,1144.172675155698
2023-02-13 02:30:00,20801.699672499413,20861.7037710773,20734.466944084983,20809.16084172505,525.8333563232934
2023-02-13 02:45:00,20824.392556956882,20887.827384330667,20765.318364827443,20834.627216040957,1215.137834833437
2023-02-13 03:00:00,20839.021915886453,20892.49903209936,20752.246232117246,20844.84991724956,547.247909615257
2023-02-13 03:15:00,20835.266534111932,20889.571044732955,20813.751169909698,20858.181890760206,986.4739683468848
2023-02-13 03:30:00,20848.256472949033,20869.41645966526,20824.847405488294,20848.557642636802,628.9222738618715
2023-02-13 03:45:00,20853.94807788811,20922.27983583473,20815.27215806364,20847.831146830176,878.6201470173335
2023-02-13 04:00:00,20856.6530795031,20892.51426621787,20809.007599438577,20850.678176599315,719.1082676005154
2023-02-13 04:15:00,20854.55892028005,20854.77147438319,20765.517624083775,20825.577109327533,727.5876878600582
2023-02-13 04:30:00,20828.06713387989,20869.853776467244,20779.383289971618,20819.54715821829,744.1185262182415
2023-02-13 04:45:00,20829.02545205047,20862.34806475242,20694.758398453174,20820.281822065874,560.9548772514099
2023-02-13 05:00:00,20824.197316605743,20837.82211915251,20788.912253277478,20811.54384492716,1544.4581915248978
2023-02-13 05:15:00,20806.53583601656,20806.53583601656,20708.92416720963,20772.283354443745,2067.328480571262
2023-02-13 05:30:00,20769.42323369007,20805.838751667092,20697.713976038656,20745.46651800444,1142.388565136207
2023-02-13 05:45:00,20734.68355725325,20822.195046605942,20707.14208840353,20766.429936198543,702.4767728440808
2023-02-13 06:00:00,20767.773382566098,20845.212502478244,20743.04588394975,20763.135056911764,1007.8735893758798
2023-02-13 06:15:00,20766.77349415056,20845.642459784456,20766.77349415056,20790.287613541823,813.5166694655386
2023-02-13 06:30:00,20790.02081863936,20790.02081863936,20733.78933947741,20760.32238136751,938.6125509773717
2023-02-13 06:45:00,20758.232480880655,20799.757233172975,20714.193972085315,20757.2615446318,670.0187167895564
2023-02-13 07:00:00,20753.20734506258,20798.574246711036,20719.05636170146,20770.864201788092,624.0382376665306
2023-02-13 07:15:00,20767.46980476991,20819.862561444672,20717.89562505767,20767.793233668293,585.5585063107113
2023-02-13 07:30:00,20764.4272095466,20785.856627767655,20740.868434464377,20765.34933199665,666.5746100210857
2023-02-13 07:45:00,20755.00769332308,20799.03738643899,20736.21996681538,20767.732681886075,2318.3326588556492
2023-02-13 08:00:00,20766.13890171923,20766.13890171923,20691.005178054053,20734.2230752495,739.1508598912083
2023-02-13 08:15:00,20730.783963823756,20798.055883070392,20649.383026476953,20720.87672763472,1081.0323143989542
2023-02-13 08:30:00,20720.16044540731,20782.090770636056,20698.165205588575,20711.458470180398,691.4392991799706
2023-02-13 08:45:00,20718.320967248786,20760.03106622316,20591.614551974417,20715.839360911028,1019.2261266987043
2023-02-13 09:00:00,20716.869896177166,20716.869896177166,20631.591955692795,20671.770486788657,708.5625535117747
2023-02-13 09:15:00,20675.70972815208,20703.642324382705,20594.337082457405,20687.142844784517,549.1336015815931
2023-02-13 09:30:00,20689.344271147693,20728.137229937438,20599.206046469953,20674.962573224762,815.7829357541535
2023-02-13 09:45:00,20676.299277399652,20741.09417482127,20647.092155971768,20666.765178159476,915.8785622185108
2023-02-13 10:00:00,20672.68445291311,20697.447109554614,20608.9926257713,20660.24017117649,644.2766596638883
2023-02-13 10:15:00,20670.525035958348,20688.365680309493,20641.470279805504,20663.990838176895,553.4373518865755
2023-02-13 10:30:00,20659.15467188423,20677.817062221107,20579.853063157232,20631.35911396427,1377.5157459820412
2023-02-13 10:45:00,20630.810798645594,20682.96055506286,20588.387235797807,20626.299421799435,813.4124974902177
2023-02-13 11:00:00,20618.278413974047,20636.38007132848,20559.847097234368,20609.541239779628,751.052299055328
2023-02-13 11:15:00,20605.30991965637,20666.10778194699,20605.30991965637,20646.677861754433,748.4817910682422
2023-02-13 11:30:00,20643.495311487684,20722.882963205466,20643.495311487684,20666.666216254587,680.1937012575552
2023-02-13 11:45:00,20673.427090577665,20684.859451035278,20639.952610200973,20653.5493805915,671.9507078943047
2023-02-13 12:00:00,20657.633999012145,20703.518203500716,20635.64936524611,20653.18630265989,1360.9376940954812
2023-02-13 12:15:00,20655.752007791292,20663.494971585063,20603.35560179793,20633.683269027566,655.0059090867754
2023-02-13 12:30:00,20635.604981288467,20671.77906616482,20596.79290896255,20636.88148369035,522.3806139086751
2023-02-13 12:45:00,20635.818017917605,20635.818017917605,20575.034550708657,20601.47319929713,1258.930052899341
2023-02-13 13:00:00,20598.2033902758,20686.560608323136,20590.59411680052,20607.465668243967,594.6101562262265
2023-02-13 13:15:00,20606.88359103413,20631.768220379585,20535.078598820437,20591.180541410118,1284.2099148793047
2023-02-13 13:30:00,20589.7752131217,20640.311581775248,20513.807535282518,20608.47314894772,927.5679254334489
2023-02-13 13:45:00,20610.04742489969,20670.628135968207,20608.68336810489,20631.949094868123,795.704796863255
2023-02-13 14:00:00,20629.505280718528,20702.871444263717,20519.42444970684,20628.245318458383,1885.4617459786614
2023-02-13 14:15:00,20627.80370616948,20676.42332088906,20624.70044446098,20656.15056077312,711.2831928187558
2023-02-13 14:30:00,20650.29963631657,20673.15275410039,20615.19172500812,20658.029241998796,728.4417355215206
2023-02-13 14:45:00,20654.599715066997,20714.72327765508,20571.674562670858,20654.9620488523,848.0751677590654
2023-02-13 15:00:00,20650.19488887637,20672.321451248306,20628.3966736475,20645.734034350608,950.3812336317341
2023-02-13 15:15:00,20648.165817598638,20648.165817598638,20538.18722247753,20598.17689023686,833.4257189586713
2023-02-13 15:30:00,20600.185165605744,20672.939610410165,20549.662857950774,20598.94438064284,537.8972734499265
2023-02-13 15:45:00,20603.43018572795,20716.004923031596,20543.068559309766,20593.65206985465,2209.520953232385
2023-02-13 16:00:00,20603.853580544994,20640.544838828722,20589.94479764874,20610.33646995346,803.0566548170999
2023-02-13 16:15:00,20607.338225738742,20658.464915180142,20600.692758825615,20616.465354344055,570.798631791926
2023-02-13 16:30:00,20606.983653457257,20719.663004135225,20606.01867114235,20623.722052011144,856.6623757710626
2023-02-13 16:45:00,20634.807702280945,20634.807702280945,20558.149777467395,20593.012107787727,574.6362103753735
2023-02-13 17:00:00,20589.005446780073,20604.606947300563,20553.168559857153,20582.817797680178,1240.1236097395092
2023-02-13 17:15:00,20575.140448049107,20678.808254965308,20524.84360349042,20570.895377939094,785.3256894485816
2023-02-13 17:30:00,20564.534467077894,20608.254542510647,20564.339496797573,20590.43608657382,1640.0856394673654
2023-02-13 17:45:00,20586.181698430737,20596.927501264323,20561.172719457827,20577.832196965508,618.083377927175
2023-02-13 18:00:00,20578.463345592427,20640.67928673027,20500.652825270743,20578.08872308787,603.9934769112319
2023-02-13 18:15:00,20582.92615948865,20582.92615948865,20497.884482346868,20560.440169147285,577.9547798502955
2023-02-13 18:30:00,20564.47455222815,20667.117620629215,20555.414959428977,20589.849726693705,1405.8217031275256
2023-02-13 18:45:00,20584.677843379908,20590.383462864815,20537.611394203643,20577.91281696909,657.4979459062712
2023-02-13 19:00:00,20580.661672887476,20658.4739753772,20565.814261918433,20583.68511016482,604.8306001009856
2023-02-13 19:15:00,20565.884608350905,20658.877309811927,20556.665538587815,20593.095041407683,1142.5337347700292
2023-02-13 19:30:00,20586.295297698533,20623.554866388233,20525.01131687868,20608.78500337602,1751.2434497425959
2023-02-13 19:45:00,20620.21146001766,20676.89307257321,20569.144998020027,20633.72160695201,774.9332320594657
2023-02-13 20:00:00,20636.42189757478,20700.028291184666,20610.114709460537,20661.92358747712,825.5250614807129
2023-02-13 20:15:00,20660.29862035355,20682.52481982481,20617.50756835309,20661.057317463623,787.0215083172767
2023-02-13 20:30:00,20658.438257799524,20718.777594389965,20624.60137570025,20696.91912079698,798.4860976445018
2023-02-13 20:45:00,20689.446793059164,20689.446793059164,20638.987419539153,20669.918124832235,634.8060214688112
2023-02-13 21:00:00,20665.416331784774,20708.23242695816,20602.439684883942,20675.80131147698,524.1454988011378
2023-02-13 21:15:00,20668.847384613968,20683.77925523115,20594.100808851086,20651.22602405265,579.1347720452405
2023-02-13 21:30:00,20651.517862189165,20679.479526106836,20590.43963469788,20662.07713018071,543.2440670795244
2023-02-13 21:45:00,20664.703830471368,20677.861946834422,20572.60041153584,20644.540537277677,592.3113318538348
2023-02-13 22:00:00,20640.133635933085,20686.517403008766,20600.448691843252,20653.06807280534,602.8226363695908
2023-02-13 22:15:00,20664.31979904261,20748.393162012315,20624.6223816566,20681.01525049134,980.4952298696891
2023-02-13 22:30:00,20692.877897358943,20710.25941187147,20636.65983686229,20687.527990832874,581.841367834471
2023-02-13 22:45:00,20690.76034019985,20699.82458593508,20624.60494095965,20666.533688116495,712.812895738403
2023-02-13 23:00:00,20670.569268027946,20728.898571920858,20657.181229197384,20678.30571316569,622.1386091570305
2023-02-13 23:15:00,20679.224015950407,20738.946488088353,20663.03110360228,20686.738449882796,847.4412324309263
2023-02-13 23:30:00,20706.499202188967,20721.63683555158,20640.71730625926,20677.2840660228,718.3513594983172
2023-02-13 23:45:00,20684.8040253729,20722.079245232715,20684.8040253729,20706.059928697163,902.8246718382486
2023-02-14 00:00:00,20710.572608371975,20751.423342600017,20649.0122004739,20681.51015696915,1352.591721425621
2023-02-14 00:15:00,20688.338758265574,20718.424812366888,20665.357285234666,20692.515039000613,636.2738498504098
2023-02-14 00:30:00,20694.97113787931,20740.199661873325,20587.433870770532,20695.71534509371,998.4303883594222
2023-02-14 00:45:00,20703.715184833145,20730.586831640638,20646.994382201185,20680.543282945593,1267.5216709724139
2023-02-14 01:00:00,20671.140982815014,20762.36587982958,20651.705458939156,20711.009408733862,1658.0727818285488
2023-02-14 01:15:00,20713.069804697414,20778.70237418964,20713.069804697414,20732.878831562477,606.8611377851095
2023-02-14 01:30:00,20741.76570631076,20777.089805798692,20699.937710060938,20747.27237346599,1268.073995025246
2023-02-14 01:45:00,20748.610363029013,20806.18196901991,20737.507107545414,20761.170722969815,608.0721580584733
2023-02-14 02:00:00,20752.881586569267,20791.428176898415,20733.698379204343,20751.560121011094,966.342772474503
2023-02-14 02:15:00,20758.637351291618,20786.661560158704,20744.533484743395,20758.79861499759,1215.2835348345907
2023-02-14 02:30:00,20761.545117545418,20787.66666394935,20686.07354354782,20745.320799156194,780.8136950257443
2023-02-14 02:45:00,20745.547890315152,20809.139186361237,20712.598236913418,20748.134751556394,854.379691557279
2023-02-14 03:00:00,20754.79130774453,20802.138725530105,20734.699230883685,20761.15521108401,561.4343588951374
2023-02-14 03:15:00,20762.98124636024,20764.373414185782,20712.059024254897,20727.270523642524,1850.1174922253008
2023-02-14 03:30:00,20719.566156030232,20771.611275415282,20719.566156030232,20744.510853084445,1349.0919809772054
2023-02-14 03:45:00,20745.9537856888,20772.779596474604,20711.960077561693,20740.42833262874,668.4475081848794
2023-02-14 04:00:00,20743.54564081292,20766.754513711378,20729.967138752112,20742.855221161633,613.295325472648
2023-02-14 04:15:00,20751.479501706424,20771.206018430876,20705.63083702996,20754.408674902978,732.6192822808329
2023-02-14 04:30:00,20754.083055643776,20776.305489952083,20727.373605115445,20753.958777441243,523.3066397913868
2023-02-14 04:45:00,20760.024839091922,20789.826268279714,20664.288466725917,20742.151051652534,543.2980362785481
2023-02-14 05:00:00,20743.3085082879,20751.91888880298,20693.046536311165,20735.466447812472,950.8601646594319
2023-02-14 05:15:00,20739.758577612836,20795.24388044332,20655.899091466385,20747.283111169632,1192.0560404119674
2023-02-14 05:30:00,20749.09818716074,20767.512350290035,20695.704643978024,20712.63019771583,692.5678580124097
2023-02-14 05:45:00,20705.55054233565,20746.812098105733,20637.823305184687,20695.553236423613,1308.3434598933836
2023-02-14 06:00:00,20682.886876933404,20732.76482767378,20662.024571140453,20696.949629824987,862.8789553390528
2023-02-14 06:15:00,20692.029207973224,20768.535132744095,20642.23103794995,20710.10191814682,724.6954230920479
2023-02-14 06:30:00,20707.905778948,20756.892635425957,20660.81624308518,20728.43923848529,1750.5069846642068
2023-02-14 06:45:00,20722.96014780636,20754.668510769327,20706.53620843801,20733.839233681065,548.5518918776232
2023-02-14 07:00:00,20729.79196561083,20815.020166018363,20729.79196561083,20780.444824838654,619.2254655508843
2023-02-14 07:15:00,20779.880940173312,20818.448486751113,20765.060878680182,20788.427118180247,833.9434716076504
2023-02-14 07:30:00,20785.71165374828,20821.29106182173,20751.44703496478,20800.455080694403,1058.6791863773199
2023-02-14 07:45:00,20789.240756217736,20832.923108427174,20781.94528114012,20814.84452582098,575.9827117110722
2023-02-14 08:00:00,20818.806611696924,20892.500577209197,20776.09727849796,20828.237197111812,787.8157379930542
2023-02-14 08:15:00,20821.820413363257,20906.36312563009,20795.14534547531,20832.656917422322,637.1761701317531
2023-02-14 08:30:00,20828.310545213015,20837.608933143703,20736.139906615837,20802.84332722899,1263.6787742470517
2023-02-14 08:45:00,20796.748637624027,20820.318621603306,20763.166069989347,20789.19560412914,606.1819782604293
2023-02-14 09:00:00,20781.215543233076,20819.840700330882,20770.02145535304,20790.082544754154,572.2125157257423
2023-02-14 09:15:00,20794.840114454433,20839.83444623818,20772.609209067945,20807.980917844077,837.4070216627862
2023-02-14 09:30:00,20807.022069143935,20862.278154340096,20780.7468772244,20823.044101695774,578.667119342441
2023-02-14 09:45:00,20827.40177102004,20852.711780411177,20742.523788327235,20827.973583745425,651.4413414453666
2023-02-14 10:00:00,20834.562278238212,20834.562278238212,20765.49559921358,20807.44450470616,701.8461926449086
2023-02-14 10:15:00,20807.81390950201,20850.02427733944,20717.32611839935,20803.85134311718,762.7305396091539
2023-02-14 10:30:00,20807.83469162043,20897.15637751044,20784.737770045485,20803.794093817312,753.9053590261352
2023-02-14 10:45:00,20808.642398623448,20828.779256929094,20770.377586525297,20798.322865015805,546.6660505560867
2023-02-14 11:00:00,20798.862889647524,20824.28003368759,20785.12747053556,20801.30759780028,687.8781736908865
2023-02-14 11:15:00,20803.565647525436,20863.704874856914,20696.868525065893,20820.814177888587,871.242509154082
2023-02-14 11:30:00,20826.12403387541,20836.572885844744,20760.765566737544,20820.888897194403,854.7163073399037
2023-02-14 11:45:00,20822.079387247984,20843.493135006982,20779.73047815182,20822.22664317127,1183.669317976483
2023-02-14 12:00:00,20814.809362775373,20871.05031735366,20814.809362775373,20841.740554120406,987.8763133528741
2023-02-14 12:15:00,20843.117127668604,20884.945586788588,20833.13807373864,20849.785927673143,953.3889745202866
2023-02-14 12:30:00,20857.275448153614,20886.136550496525,20831.654951645298,20866.827443672693,710.9774611966042
2023-02-14 12:45:00,20876.14541212198,20928.512396095797,20863.2998397754,20877.8653043601,580.0806419042749
2023-02-14 13:00:00,20877.023632785942,20983.661332885535,20845.8967257388,20883.27561180798,520.8261017488563
2023-02-14 13:15:00,20885.546386013746,20929.132349022035,20848.207563644606,20884.462773027713,901.0660702883066
2023-02-14 13:30:00,20894.30674425341,20942.55359335536,20873.42117447752,20891.960557104583,881.4298759689059
2023-02-14 13:45:00,20896.759356412313,20929.38952433177,20840.479011253385,20903.73655946676,1036.8461968063325
2023-02-14 14:00:00,20904.344178814434,20926.473561250048,20814.468175148555,20898.38048804372,775.8939258981289
2023-02-14 14:15:00,20888.27285655414,20922.26203370362,20886.285979576143,20905.82620494235,713.4678036750964
2023-02-14 14:30:00,20904.936992729283,20948.686895506096,20880.475909992005,20911.413567971387,643.2163197950409
2023-02-14 14:45:00,20904.197204494994,20931.372041915878,20865.621952149253,20898.809090214454,718.6988309958041
2023-02-14 15:00:00,20893.03891097415,20950.35629739331,20841.315216760013,20901.07734265296,621.5004101581804
2023-02-14 15:15:00,20904.14150990255,20940.80634345184,20842.849191396675,20871.947355768865,626.2611343247702
2023-02-14 15:30:00,20872.73413895749,20928.983184574565,20839.414379609476,20873.82427355929,530.717062856023
2023-02-14 15:45:00,20875.53922374626,20923.364764677048,20840.42271565923,20878.965879056945,562.0607935910195
2023-02-14 16:00:00,20887.22277705395,20959.34080677623,20826.6214815468,20880.844845122396,904.8182429041982
2023-02-14 16:15:00,20880.402091023374,20906.083079219832,20798.142559040672,20864.299971690358,612.1995015013434
2023-02-14 16:30:00,20867.72460146237,20881.00562660738,20828.566222219833,20864.683412425653,980.2279183394875
2023-02-14 16:45:00,20868.000648728663,20868.49715004239,20829.130242709165,20850.78119089107,727.1375101734152
2023-02-14 17:00:00,20865.852456085566,20895.905611339706,20814.883431370625,20845.58117645809,1027.8101756771096
2023-02-14 17:15:00,20850.072990267156,20873.741226888782,20764.923908125966,20847.18696043082,638.7330274541484
2023-02-14 17:30:00,20852.373647279674,20852.373647279674,20800.063541213873,20814.24819672608,920.1780998146747
2023-02-14 17:45:00,20818.815478146604,20848.28508943728,20744.423588156442,20818.40581238945,669.3181086583814
2023-02-14 18:00:00,20816.984914882498,20866.79394893007,20773.744572095507,20831.933750145727,797.9596282567067
2023-02-14 18:15:00,20834.864619913027,20875.235110530608,20811.178427205992,20854.455139723956,632.2951168833144
2023-02-14 18:30:00,20848.1411160204,20939.576732947953,20838.980511110152,20871.533775955846,541.5842743710183
2023-02-14 18:45:00,20882.206430380065,20884.075850910584,20824.01617465669,20858.750786586184,1285.6876886678479
2023-02-14 19:00:00,20869.590663504358,20874.855007155707,20807.16659506899,20850.347535369616,773.9553212467746
2023-02-14 19:15:00,20846.1260886517,20888.791599518034,20771.249280264652,20862.996702465847,683.3506850412974
2023-02-14 19:30:00,20864.867008053705,20898.548894533254,20833.362386561545,20845.87599861076,607.0019759016496
2023-02-14 19:45:00,20845.886647055173,20931.163653568205,20779.228758909023,20841.905181828442,527.7561671212057
2023-02-14 20:00:00,20836.533026425102,20881.483516131266,20820.603968159743,20836.978788438093,548.9251410939818
2023-02-14 20:15:00,20838.926437368613,20885.17965082914,20822.974987359456,20852.185047946867,887.4212448800812
2023-02-14 20:30:00,20851.13001584501,20913.844116663877,20809.0215955692,20863.55445248826,813.7058695629688
2023-02-14 20:45:00,20872.182573644797,20891.073754858335,20811.98309795924,20837.241414102773,654.4271589030978
2023-02-14 21:00:00,20833.18486009894,20897.246494173454,20830.398373784516,20844.454316702602,1009.1594635885447
2023-02-14 21:15:00,20839.66405270218,20866.600133508557,20824.957362783014,20842.068354451938,585.8597453453827
2023-02-14 21:30:00,20841.00697411666,20891.541172737776,20768.413006703915,20826.6713276544,1160.9764195457415
2023-02-14 21:45:00,20821.349555472036,20882.373192981053,20747.77753303163,20822.294551407107,985.3266180119803
2023-02-14 22:00:00,20818.77427766499,20829.74585639962,20749.870749514244,20811.37857843239,801.0269073628959
2023-02-14 22:15:00,20807.522746470273,20833.58138088115,20771.406990577325,20793.819795507177,1195.4123366041676
2023-02-14 22:30:00,20792.398552857027,20841.825377346104,20742.526700925922,20821.171837396392,596.6189538727507
2023-02-14 22:45:00,20829.4785522122,20894.662585786104,20815.001000491142,20860.50461345344,837.319937098358
2023-02-14 23:00:00,20859.3372796894,20936.820894354627,20859.3372796894,20892.863691873936,690.187957768124
2023-02-14 23:15:00,20895.60740580402,20919.85691753694,20847.725139961414,20898.716688545945,1178.7215801890056
2023-02-14 23:30:00,20904.74544353728,20980.471940084703,20889.14601916625,20915.648295733576,895.2636128636083
2023-02-14 23:45:00,20907.71163621469,20962.78776603539,20871.535694812635,20914.633993618445,761.6290574072898
2023-02-15 00:00:00,20919.13169570543,20919.13169570543,20850.639792996357,20865.152588617497,759.4666882725783
2023-02-15 00:15:00,20873.03422580852,20911.999383336108,20796.82300263252,20854.913787039164,798.2878810939013
2023-02-15 00:30:00,20852.787473344277,20912.91784887881,20828.993480035875,20875.995911502916,1021.3766934400551
2023-02-15 00:45:00,20881.52887959836,20914.71812116463,20815.70978390537,20866.16832926831,1046.099273023113
2023-02-15 01:00:00,20869.66190672706,20917.78381883828,20869.66190672706,20888.10815186198,1000.5137548667702
2023-02-15 01:15:00,20878.514235764556,20925.037458885967,20820.279928303637,20892.58769262404,625.1888181429613
2023-02-15 01:30:00,20887.130329373125,21048.538933889646,20886.58768326094,20913.984517421904,880.3020189457804
2023-02-15 01:45:00,20910.927254862985,20997.431896105936,20910.927254862985,20934.155134113447,844.4884159898446
2023-02-15 02:00:00,20931.57392878674,20990.401350615946,20824.624827059444,20911.750144954065,878.0174494254387
2023-02-15 02:15:00,20904.35708232964,20914.823128481767,20851.634292990435,20891.105952242175,799.1790774945571
2023-02-15 02:30:00,20889.956413142714,20927.02078022115,20888.438937817988,20905.159836910076,1147.6295132364255
2023-02-15 02:45:00,20905.68704698483,21002.533137719216,20867.39485388501,20920.06995492868,947.004446946505
2023-02-15 03:00:00,20922.29196905952,21001.359943936874,20868.587327949084,20921.941681292697,583.2053787267968
2023-02-15 03:15:00,20920.428035015284,20952.234837950706,20874.169359244956,20908.616795845766,888.9178665726121
2023-02-15 03:30:00,20907.93491707917,20920.28029867973,20863.405396006645,20895.58805606708,583.265707925729
2023-02-15 03:45:00,20904.978546965576,20988.7838575053,20904.978546965576,20933.96790688734,2090.2306243179087
2023-02-15 04:00:00,20937.88692665125,20981.123702015902,20929.54152517012,20947.445931287646,784.3861680688082
2023-02-15 04:15:00,20938.774217543,21019.974134296768,20904.437914446757,20948.207327625718,632.2027662267784
2023-02-15 04:30:00,20947.187487555966,21041.51918299192,20928.08523531144,20951.819605060675,1488.117208884352
2023-02-15 04:45:00,20951.53400268979,20964.69124651217,20910.996999622806,20940.108167414874,1068.140658979277
2023-02-15 05:00:00,20945.185571787883,20956.561849760532,20909.120317509678,20937.407734999117,516.3360945284285
2023-02-15 05:15:00,20939.654273598528,20987.391603633867,20900.956034007115,20972.572004464815,1317.4402428241465
2023-02-15 05:30:00,20969.068792484068,21052.568702055152,20951.228482754013,20991.91773176095,811.1091910289373
2023-02-15 05:45:00,20988.455482784633,21065.303386419233,20961.545011049726,20987.69359318472,556.2249958829491
2023-02-15 06:00:00,20990.893435097034,20998.575878240168,20923.467474888945,20985.846140745354,720.4295610365577
2023-02-15 06:15:00,20988.500115070732,21053.619363059373,20932.61374646482,21006.976771227834,1406.1833287955374
2023-02-15 06:30:00,21009.08057215976,21022.107958919936,20908.593241545972,20988.578616229395,986.0370339752208
2023-02-15 06:45:00,20991.39218190257,21116.17251356764,20988.551109247535,21022.97629151968,695.3094292563871
2023-02-15 07:00:00,21035.308091299066,21057.185102142874,20986.828018641867,21019.149576202934,599.877473027383
2023-02-15 07:15:00,21022.99678138712,21058.216112073133,21004.41651915827,21028.362972487557,540.8334640175016
2023-02-15 07:30:00,21037.86224304512,21037.86224304512,20994.050544154637,21012.51688771637,671.1078780131387
2023-02-15 07:45:00,21017.32124458485,21090.1940030472,20973.61722331992,21014.382536283134,1218.1210914843418
2023-02-15 08:00:00,21019.27176711427,21071.870340547084,20941.7007142214,21006.466034395165,906.4180530739784
2023-02-15 08:15:00,21008.352865816796,21053.831154932846,20911.122940945756,21002.36752187165,514.2319308998626
2023-02-15 08:30:00,20997.305846027502,21023.779553888948,20938.095072685104,21005.930312174572,509.8854959517282
2023-02-15 08:45:00,21003.21429672315,21083.165527587204,20998.80694337647,21025.625374316613,705.5128165461181
2023-02-15 09:00:00,21029.079902645626,21044.01127350759,20946.86104003465,21006.247324537784,553.1578194670677
2023-02-15 09:15:00,21000.493237913473,21000.493237913473,20962.85091252802,20976.650620183133,1465.6417351015932
2023-02-15 09:30:00,20979.472592830014,21023.053558482843,20902.814963876946,20976.28074938588,733.065978617493
2023-02-15 09:45:00,20970.81426197901,21002.96123592131,20936.51698495071,20971.22811787025,633.9798338770163
2023-02-15 10:00:00,20967.17692925965,20989.060799745017,20952.361865255923,20968.68023370129,702.9475114639597
2023-02-15 10:15:00,20971.983926883164,20971.983926883164,20830.78753917902,20943.142492580348,891.2691292951858
2023-02-15 10:30:00,20941.218625781014,20996.518892638993,20875.34335500368,20931.72429152026,629.1503480184689
2023-02-15 10:45:00,20928.975601336788,20994.4997048343,20883.32180926338,20910.14161117665,635.0963203410861
2023-02-15 11:00:00,20903.339195005705,20959.00747257392,20893.88847668197,20932.090878154602,865.3801118534404
2023-02-15 11:15:00,20929.77868052035,20962.04810360826,20864.9583699366,20925.990423440682,1107.085412174631
2023-02-15 11:30:00,20934.780483691822,21028.447554977585,20886.726901591443,20948.123473051117,664.5422273683836
2023-02-15 11:45:00,20949.70639992039,20983.777806129583,20869.46016345221,20947.041083760974,1147.0359477278912
2023-02-15 12:00:00,20950.904177394466,21005.047791809055,20936.959840731848,20957.294705712968,570.9395775553811
2023-02-15 12:15:00,20972.02449474121,20972.02449474121,20919.83234981208,20946.494105554266,567.891410798576
2023-02-15 12:30:00,20939.31751065003,21014.351943585134,20922.96837206905,20969.19666248963,1754.2718949625248
2023-02-15 12:45:00,20962.39257470827,21036.70324791606,20962.39257470827,20994.420192893638,654.5526846344248
2023-02-15 13:00:00,20999.245439187638,21001.413341191746,20964.07456633945,20979.375565796232,614.2374410798311
2023-02-15 13:15:00,20966.305906667258,21024.661790195245,20966.305906667258,20992.899390514176,1353.3963982868079
2023-02-15 13:30:00,20993.099577093206,21087.695702655765,20983.31373973226,21005.65511134619,980.0177978737544
2023-02-15 13:45:00,20999.282332958064,21041.745657543834,20961.59630848534,21004.687893408867,508.6883887278531
2023-02-15 14:00:00,20998.084178222845,21066.122397009756,20983.282213459777,21018.980426345268,1312.9812196047126
2023-02-15 14:15:00,21020.830917129544,21034.69625487323,20974.12663334435,21007.78618053309,738.0990586304637
2023-02-15 14:30:00,21013.903356932467,21060.052771376228,20981.470287283668,21023.821297091963,590.1037452360913
2023-02-15 14:45:00,21028.617856565877,21092.557346595248,20993.66768824387,21026.891734041204,939.9498312707535
2023-02-15 15:00:00,21034.19159028099,21075.10422317789,21001.709986790338,21048.9263778287,919.232595951994
2023-02-15 15:15:00,21044.913630621795,21093.379948160902,21035.570607356178,21048.461478419806,667.6257767342722
2023-02-15 15:30:00,21046.24544951022,21073.337066469587,21022.42801519074,21036.456315869855,1459.3495901827646
2023-02-15 15:45:00,21022.130653759068,21052.996145195124,21006.41329767606,21034.655072443533,688.9857526410211
2023-02-15 16:00:00,21026.596016880012,21130.857274989783,20995.884685243887,21074.965601123036,1264.9523627387011
2023-02-15 16:15:00,21078.023398555208,21092.817609356887,21036.16783702924,21079.595603044352,781.518343415096
2023-02-15 16:30:00,21077.40860562776,21130.241754375707,21024.57445575446,21070.609946510835,1450.6393547446908
2023-02-15 16:45:00,21080.393626976773,21109.62845026553,21021.11032570477,21054.296636145315,776.1874119374718
2023-02-15 17:00:00,21058.130609091742,21116.799087528016,21030.447267907566,21084.17017230773,823.412898956541
2023-02-15 17:15:00,21076.94860597154,21101.58751766247,21051.626350238974,21088.107615036402,956.9678352045587
2023-02-15 17:30:00,21076.517832736452,21153.114490513224,21026.191729936054,21110.470775691825,660.3542629884304
2023-02-15 17:45:00,21121.321387832417,21157.527465177493,21063.604396970193,21119.859192815016,647.9084217147682
2023-02-15 18:00:00,21119.230821729845,21142.793353327485,21073.350075758794,21099.45605346926,589.3203628135683
2023-02-15 18:15:00,21101.085196142823,21179.869514337217,21094.134146890745,21136.695147214494,654.6435275502835
2023-02-15 18:30:00,21138.857894850546,21138.857894850546,21073.311184981914,21104.840379307476,864.752079506481
2023-02-15 18:45:00,21098.315546876645,21152.442188518497,21047.497914900945,21096.73989851811,578.6020888386503
2023-02-15 19:00:00,21102.12898018841,21169.247451915573,21084.54874368297,21133.74814165852,895.0418074988938
2023-02-15 19:15:00,21134.929177029237,21180.663632644508,21059.880465222468,21149.612668328402,546.1628051181091
2023-02-15 19:30:00,21154.572411370522,21178.00849969193,21057.209375844388,21149.74161529289,623.8406001334956
2023-02-15 19:45:00,21146.340761340638,21195.64756737399,21146.340761340638,21171.314390934953,582.2548793642736
2023-02-15 20:00:00,21172.985574964194,21269.593907002174,21133.415928678194,21167.698313009743,667.126181331904
2023-02-15 20:15:00,21171.22699075131,21253.617215795835,21136.590661717324,21161.1245064969,647.8720658156715
2023-02-15 20:30:00,21157.44015890514,21207.197418950505,21115.82596265482,21158.22549562893,595.3592817818974
2023-02-15 20:45:00,21167.05942526983,21202.59798198386,21123.15541199344,21167.624965977422,830.3178041358251
2023-02-15 21:00:00,21159.47646314888,21231.520777134963,21144.64603400277,21187.681036841153,833.0306544873902
2023-02-15 21:15:00,21181.783535685016,21195.93672582161,21154.441793138012,21173.82398410522,841.3415814153391
2023-02-15 21:30:00,21169.61010205075,21223.937609681776,21153.84428911863,21206.678263545135,834.7806435188778
2023-02-15 21:45:00,21221.28421765632,21253.977825628484,21195.307617182127,21209.169368342897,512.2016037524463
2023-02-15 22:00:00,21205.535954150484,21272.793010751262,21194.891943199735,21224.624451535266,597.3130474004845
2023-02-15 22:15:00,21231.005326406183,21305.347733779985,21225.362370321818,21244.10921496498,706.2223824814195
2023-02-15 22:30:00,21241.412222539537,21327.967455749094,21195.72261065977,21240.50412017265,559.3839302959946
2023-02-15 22:45:00,21242.24239938635,21248.513200592588,21146.87571597987,21231.706786141796,572.227821820472
2023-02-15 23:00:00,21245.810468664313,21320.82077955293,21211.566988627674,21257.127044296307,1104.637699496665
2023-02-15 23:15:00,21257.68433940041,21301.994809442807,21194.00887463887,21250.515549571992,582.9528434538981
2023-02-15 23:30:00,21244.730082888233,21317.530059524663,21244.730082888233,21284.007519247156,1102.2437123553693
2023-02-15 23:45:00,21292.46725391487,21315.495325586337,21265.628182454297,21301.42599877314,602.6232004952694
2023-02-16 00:00:00,21300.96367678043,21318.354431204087,21235.442342346807,21282.546187892964,949.9372713502247
2023-02-16 00:15:00,21284.367687167898,21396.139743678224,21284.357544363927,21305.70494285305,698.7594223116154
2023-02-16 00:30:00,21301.755853542563,21355.484722841742,21255.527431795188,21280.31135824746,1349.1674472116288
2023-02-16 00:45:00,21285.125040570914,21314.285076216423,21242.97426824004,21263.305117416996,549.0107434521033
2023-02-16 01:00:00,21249.658644313065,21323.617078357016,21249.658644313065,21273.060829943446,729.8077808233433
2023-02-16 01:15:00,21263.837092730595,21296.965551288366,21207.355033393567,21263.75873885908,631.347943666468
2023-02-16 01:30:00,21261.45554855179,21287.54183098187,21168.87446004815,21250.45717873586,865.3513146707296
2023-02-16 01:45:00,21251.80934934609,21274.877464954854,21158.913486085086,21221.550764794512,738.9801188271585
2023-02-16 02:00:00,21209.167050627235,21226.75694011988,21128.384142001643,21212.265771576534,577.9451481039376
2023-02-16 02:15:00,21206.4298234674,21298.94865699475,21188.486849568253,21210.284998481868,633.8177470397192
2023-02-16 02:30:00,21218.816110963995,21232.70509844456,21185.200844819166,21217.917152472026,801.893346072042
2023-02-16 02:45:00,21221.6735903775,21310.47720840514,21142.23750658522,21218.894943798212,943.4547418407795
2023-02-16 03:00:00,21219.49871354636,21230.136008898742,21057.040253047973,21194.207000987477,738.3593072045182
2023-02-16 03:15:00,21197.65772118926,21209.845133729537,21134.345722211758,21158.586532373585,826.5684221930121
2023-02-16 03:30:00,21151.322256464846,21227.613347064722,21090.202831646893,21158.30106480098,530.9582404286335
2023-02-16 03:45:00,21159.142626975034,21238.06008284834,21159.142626975034,21197.009911902886,1363.846490523386
2023-02-16 04:00:00,21197.208621534406,21198.999103018083,21152.0093524964,21180.447513470765,1276.820503279126
2023-02-16 04:15:00,21183.727324205152,21228.796092054283,21112.902276090917,21195.88521240106,663.0905231819585
2023-02-16 04:30:00,21200.987757512827,21228.349108005565,21138.615762314068,21171.78726779571,615.2108899767836
2023-02-16 04:45:00,21164.261404378736,21174.03123077646,21097.659933888404,21146.354237379648,1197.8925554986015
2023-02-16 05:00:00,21139.9305728233,21183.473159245263,21103.313744266143,21121.81111541808,900.5232751535905
2023-02-16 05:15:00,21124.252366395238,21228.558996022624,21119.741051033052,21140.826988273977,657.7156221075182
2023-02-16 05:30:00,21140.48435136852,21195.485419960616,21116.881698250934,21166.46129977863,1026.7068016943147
2023-02-16 05:45:00,21174.52828278167,21213.976831333504,21120.76676704684,21170.053840680997,515.3774865223508
2023-02-16 06:00:00,21164.41747801612,21206.904340905665,21104.04798381369,21158.123643187173,572.2247068203434
2023-02-16 06:15:00,21159.64824331453,21198.997322723462,21147.360221532497,21163.350889983605,1084.1655234659506
2023-02-16 06:30:00,21179.92248412992,21193.196016477385,21117.046365702794,21157.848836857254,673.4151694123615
2023-02-16 06:45:00,21149.895037797713,21169.536343208332,21099.88820011095,21155.563165961797,524.5021822953308
2023-02-16 07:00:00,21142.777114880468,21198.873751086456,21111.9929254879,21148.511093813708,1327.1286687937302
2023-02-16 07:15:00,21145.832736325574,21155.646885858103,21092.388686077382,21124.965776736488,905.4243260641667
2023-02-16 07:30:00,21120.06227629639,21190.342532462953,21105.596296032832,21143.231435857248,701.2116137355661
2023-02-16 07:45:00,21135.056598485986,21189.42852769279,21111.855450930092,21152.765812412945,1243.5613448487497
2023-02-16 08:00:00,21164.073074777792,21196.09315812226,21122.63993784776,21164.019941583956,649.4022940691686
2023-02-16 08:15:00,21165.41220252204,21241.09299563486,21070.938301126953,21164.211051881866,712.4590699078478
2023-02-16 08:30:00,21155.91177374524,21219.683161799585,21136.986240067745,21181.495941099936,1243.5148211550982
2023-02-16 08:45:00,21192.448574599664,21208.465323302018,21143.444122809782,21192.010205316994,791.3617492987585
2023-02-16 09:00:00,21194.07622434561,21232.453549640824,21185.166933159573,21209.92490145211,637.6402028781714
2023-02-16 09:15:00,21200.85136551025,21260.742727328045,21184.647348472212,21203.744528658728,930.984860224052
2023-02-16 09:30:00,21201.422049654844,21239.073762913322,21160.55870435116,21198.713873786408,776.3174452000219
2023-02-16 09:45:00,21207.901748306642,21259.636041288177,21179.529656433002,21217.648768733998,1175.7830162022246
2023-02-16 10:00:00,21217.585231088404,21247.21157500358,21212.996471238806,21231.80151229414,1233.1550327703128
2023-02-16 10:15:00,21229.6569523577,21307.27942215442,21224.70938997134,21245.78683429534,2266.128449587452
2023-02-16 10:30:00,21237.872388504893,21237.872388504893,21197.17485404142,21216.49980409753,957.3998245963612
2023-02-16 10:45:00,21218.25826183982,21250.739421428563,21175.053543788,21227.928803518822,782.0253611325527
2023-02-16 11:00:00,21240.715778525155,21240.715778525155,21116.624150754855,21193.29320458897,691.3526168665443
2023-02-16 11:15:00,21188.053403620834,21265.85912238399,21188.053403620834,21213.136572331496,764.4153595079789
2023-02-16 11:30:00,21220.905577307854,21249.436107849804,21173.72290433503,21192.150716166518,722.2688864911589
2023-02-16 11:45:00,21189.815278355403,21249.595607183735,21145.05896405684,21201.886441004,1075.6786566396383
2023-02-16 12:00:00,21202.215953465176,21242.492292494157,21112.607598883635,21192.481718648793,698.9238700330569
2023-02-16 12:15:00,21193.182057139213,21205.96032574792,21113.670926068386,21159.97334336713,664.7057186999872
2023-02-16 12:30:00,21163.595994584237,21227.49299448925,21135.23729349303,21166.587526999083,628.6830196169733
2023-02-16 12:45:00,21172.271740262604,21172.271740262604,21016.89517863321,21146.13198098992,1177.4667674694647
2023-02-16 13:00:00,21139.826793527365,21195.66806906593,21085.687012830214,21145.517615354278,1090.3255921337773
2023-02-16 13:15:00,21154.34865221181,21167.925061244347,21076.122888854894,21149.089520296206,904.4594635259418
2023-02-16 13:30:00,21150.469313034293,21255.271591900473,21150.469313034293,21180.08530340637,1459.9254549128073
2023-02-16 13:45:00,21184.800998786053,21271.80972796555,21130.162247243083,21174.24732477911,926.5702928004603
2023-02-16 14:00:00,21168.07920736387,21210.389846177888,21129.927561083266,21172.17117312705,1167.8567890520007
2023-02-16 14:15:00,21166.52925643344,21212.360250490477,21154.720672820433,21172.74324229349,690.0960948626274
2023-02-16 14:30:00,21169.11252118118,21178.769956115964,21145.233215407934,21158.347896665142,712.1142458450397
2023-02-16 14:45:00,21149.320987455918,21256.413348530903,21124.525083490167,21186.929231170987,571.0951457628964
2023-02-16 15:00:00,21199.386060157478,21260.89433409803,21180.98398796294,21212.984042119733,1094.378927177337
2023-02-16 15:15:00,21216.20382109506,21250.97095197593,21114.52053428564,21226.753162017856,537.1887084156962
2023-02-16 15:30:00,21223.108066446996,21271.50614144618,21195.112233373668,21255.854785191637,1483.7000138558842
2023-02-16 15:45:00,21265.953054781465,21265.953054781465,21157.346261439547,21217.569348123838,858.1470374483149
2023-02-16 16:00:00,21235.734881600183,21271.50412444902,21159.85620896493,21206.043762654663,892.3577365841795
2023-02-16 16:15:00,21215.134611177044,21239.515537483712,21174.24663820121,21219.025767182953,1332.4907750729333
2023-02-16 16:30:00,21216.448085263382,21218.794582874674,21160.730064306066,21195.236019737145,569.0524061806642
2023-02-16 16:45:00,21185.434077798436,21249.76969768957,21136.187814931876,21189.1878899194,656.035393247612
2023-02-16 17:00:00,21185.83170220858,21213.611536327822,21168.824696851792,21183.404690129326,1606.8076651929412
2023-02-16 17:15:00,21176.76114785238,21274.77006864444,21167.801146893573,21207.14628627966,643.0912576195279
2023-02-16 17:30:00,21216.61491000985,21254.737164646303,21179.461284503705,21203.788563290436,595.8778752822939
2023-02-16 17:45:00,21203.394632898104,21255.918963881664,21111.446962333375,21189.793772616802,862.0092800913256
2023-02-16 18:00:00,21183.710651946836,21204.48501179815,21112.427443981316,21178.960652013535,684.0216571603185
2023-02-16 18:15:00,21184.752002128364,21218.030572716212,21089.972522006225,21196.964810469814,1183.2824596668024
2023-02-16 18:30:00,21195.66818339551,21248.795555222936,21151.3833089178,21215.173192271042,666.8306726370769
2023-02-16 18:45:00,21219.82032913667,21297.644954864303,21195.93599294382,21211.248019150495,1499.2273272249422
2023-02-16 19:00:00,21215.921243489476,21271.305330989027,21171.409366338423,21227.863657690385,1018.7511120443822
2023-02-16 19:15:00,21227.26133391797,21277.049656523566,21177.97665858703,21222.97915158536,1203.6931321242516
2023-02-16 19:30:00,21208.684915416125,21283.434219237883,21201.0933468588,21251.504584459395,760.2637129251416
2023-02-16 19:45:00,21237.94321806326,21315.92512620096,21208.2356225648,21256.110704387327,550.478423817832
2023-02-16 20:00:00,21252.438674440953,21365.131254485317,21231.21364458132,21278.42176896741,939.5708853209416
2023-02-16 20:15:00,21276.5085548093,21303.183589819488,21180.43896989841,21269.639068559532,783.4799455972031
2023-02-16 20:30:00,21265.97558375283,21408.094420190137,21263.522913490506,21293.981288691648,652.762219195959
2023-02-16 20:45:00,21287.268690320216,21346.176176088873,21158.690515029404,21301.24255227631,615.3933182261712
2023-02-16 21:00:00,21303.13007761849,21324.003320266893,21281.9280337063,21302.642897761176,620.400270940197
2023-02-16 21:15:00,21302.45898293693,21324.58311830585,21284.166448284148,21304.64575269102,646.3639270882622
2023-02-16 21:30:00,21299.05347066088,21363.79571634917,21255.3060469164,21327.113038293443,825.834392135618
2023-02-16 21:45:00,21328.015541010158,21439.29817844698,21262.720192261324,21311.798729854592,1325.9078032157392
2023-02-16 22:00:00,21310.146053495166,21311.68625051926,21279.0127439451,21298.17443796995,971.3163946891997
2023-02-16 22:15:00,21301.320978080243,21346.402483548733,21248.6318483168,21274.99984951092,816.0620336681114
2023-02-16 22:30:00,21261.18399403696,21353.019957768716,21222.449584728845,21285.42044823848,549.3363760724857
2023-02-16 22:45:00,21272.012315976357,21350.176840385488,21272.012315976357,21299.528068583793,818.1797257442195
2023-02-16 23:00:00,21292.392888471088,21292.392888471088,21244.64904070504,21275.737522013413,1630.832464746536
2023-02-16 23:15:00,21278.32005378355,21290.533150703584,21144.0126473159,21245.0271070752,1060.2754102550425
2023-02-16 23:30:00,21249.563724005005,21350.898289911645,21230.57625860834,21263.82749344743,1681.5672535744386
2023-02-16 23:45:00,21264.02742344531,21269.411959851812,21233.439530441763,21247.060546089702,793.9389215200439
2023-02-17 00:00:00,21245.987058149047,21276.143380388607,21221.928114828574,21258.291543467538,1108.0635431678006
2023-02-17 00:15:00,21250.97763215764,21320.051843543133,21234.226209354925,21286.07124756546,581.7501336914462
2023-02-17 00:30:00,21291.682811918,21308.47911445451,21277.309400781556,21290.975948820924,799.5775098292745
2023-02-17 00:45:00,21284.30668969669,21354.13052143414,21251.281230502304,21293.907969971944,1117.2862370535463
2023-02-17 01:00:00,21292.502065773937,21292.502065773937,21238.620648963795,21259.999386012576,635.0662588688033
2023-02-17 01:15:00,21269.203812708667,21292.375518724424,21209.813279056794,21277.753378717043,632.154446739015
2023-02-17 01:30:00,21285.855801753194,21382.394202788364,21268.926205257183,21292.17861611513,627.6629611880967
2023-02-17 01:45:00,21287.33147954662,21346.055203339452,21284.449175952286,21318.794848269772,860.058125208311
2023-02-17 02:00:00,21326.58193821377,21400.480203400508,21315.423855416277,21328.597751321035,730.8666003310119
2023-02-17 02:15:00,21330.85309325907,21330.85309325907,21260.501944069798,21303.650241477717,859.2640898574145
2023-02-17 02:30:00,21293.44563016633,21348.961759889848,21273.280927498792,21303.019444605496,868.8619209965153
2023-02-17 02:45:00,21306.79054429583,21328.28149595124,21202.024313370654,21296.776505789716,529.4402980448074
2023-02-17 03:00:00,21295.142598335242,21331.833933733848,21266.46595758108,21304.950994635346,765.7539209980243
2023-02-17 03:15:00,21319.76352319484,21319.76352319484,21256.567815769013,21278.405624564264,1289.1187651852456
2023-02-17 03:30:00,21277.35462298753,21341.6226279373,21277.35462298753,21301.42786490282,783.356407895177
2023-02-17 03:45:00,21301.00734521449,21368.360306724102,21225.10936388648,21297.36216939145,588.7960106588592
2023-02-17 04:00:00,21286.01023755876,21304.991688403028,21214.574996984866,21263.889745522163,1436.4277203943009
2023-02-17 04:15:00,21254.623575855785,21327.830325359027,21211.336157890502,21252.57659433119,719.7290250927216
2023-02-17 04:30:00,21247.59884960917,21288.921443447824,21166.26245708792,21240.244666167506,1196.7406708025567
2023-02-17 04:45:00,21249.308906867624,21281.687799113537,21210.422071957077,21248.582478252018,565.0294069269594
2023-02-17 05:00:00,21249.532194671,21260.017677926666,21208.49921885705,21241.96919998306,700.7021127861613
2023-02-17 05:15:00,21244.675633302548,21263.89626846566,21173.542705230302,21245.957739136888,896.0675457050963
2023-02-17 05:30:00,21254.40357674179,21286.285249140357,21231.06855240523,21246.987811193747,985.483339488035
2023-02-17 05:45:00,21238.708257482325,21333.786981596157,21145.84004116447,21261.775115241388,1917.944256271678
2023-02-17 06:00:00,21264.773125943666,21264.773125943666,21199.480930441117,21239.92703626131,1326.7311445707946
2023-02-17 06:15:00,21241.87683529182,21258.69420981441,21210.019459067305,21244.470424575047,657.1418660095493
2023-02-17 06:30:00,21254.390033947304,21254.390033947304,21200.13829627292,21217.44186977922,756.768442527599
2023-02-17 06:45:00,21223.545851101284,21251.478230268094,21144.598965906054,21181.789794049084,860.8540641015633
2023-02-17 07:00:00,21180.138459786107,21251.818021464336,21131.10985122363,21209.625540652265,585.9767364179811
2023-02-17 07:15:00,21205.136124696928,21237.424930100515,21072.72899481301,21166.704811775002,929.9022899157861
2023-02-17 07:30:00,21174.22375682278,21185.744988947557,21101.44598650071,21141.366416360834,816.5546764887489
2023-02-17 07:45:00,21134.598996357836,21164.904437395362,21098.10149142191,21128.681964948046,1443.1245624766261
2023-02-17 08:00:00,21121.858980867804,21147.239300079207,21086.503501008017,21128.822592265118,667.2524862303347
2023-02-17 08:15:00,21120.36917157986,21185.799930938694,21114.76219218087,21130.274259906724,1980.0898455634479
2023-02-17 08:30:00,21138.973929662276,21190.39551402802,21102.293471935318,21138.674686802773,731.7363525323829
2023-02-17 08:45:00,21140.540886511128,21153.646570652352,21100.005892808607,21130.539934475077,649.502230066543
2023-02-17 09:00:00,21130.526599449793,21186.36608575393,21069.615495774397,21103.36990365248,863.5541877339556
2023-02-17 09:15:00,21100.18798776599,21138.31748921039,21100.18798776599,21125.633073359884,601.6559840528543
2023-02-17 09:30:00,21132.205623573336,21160.259493817426,21090.41622638793,21111.980571328775,787.6506546636645
2023-02-17 09:45:00,21116.062774349404,21164.716850986097,21096.90709485912,21120.730230556044,1475.104080424538
2023-02-17 10:00:00,21118.626354360516,21154.860684013962,21058.0773678441,21124.706907354845,520.8524073158998
2023-02-17 10:15:00,21112.514499396697,21205.378134249273,21074.47171301167,21127.981117220115,650.5132788363343
2023-02-17 10:30:00,21124.4856328023,21198.05700099765,21124.4856328023,21180.713632462277,923.7392794798653
2023-02-17 10:45:00,21181.586579054874,21220.199675665906,21166.51351210707,21182.475717590878,1247.963078530702
2023-02-17 11:00:00,21185.852907006236,21255.63160571182,21106.34612566239,21174.43834685889,1190.0710336647453
2023-02-17 11:15:00,21177.403370211945,21274.812316245,21115.628459975174,21180.0048772626,516.1495244414922
2023-02-17 11:30:00,21181.182322766046,21189.312085610843,21123.730068034576,21167.650405873574,695.6378804345802
2023-02-17 11:45:00,21167.41701807467,21203.820535871742,21133.964791295,21150.256035572475,906.2975031377031
2023-02-17 12:00:00,21145.357361800223,21183.410100614827,21119.28148171629,21155.91699104151,1168.236989973894
2023-02-17 12:15:00,21150.514933325223,21187.50619337628,21119.923206873682,21168.320732229327,562.4578394794404
2023-02-17 12:30:00,21169.14653440766,21239.240293089253,21081.21316752972,21161.45274449964,597.5204735474239
2023-02-17 12:45:00,21173.55110966755,21265.503757520113,21136.136857515008,21166.1288062973,1013.8044438758992
2023-02-17 13:00:00,21169.529273151016,21230.16774161436,21165.373841575984,21178.70602983818,595.9745694343418
2023-02-17 13:15:00,21174.524852316492,21213.319588237184,21132.832575778837,21184.759605155934,590.4538092427716
2023-02-17 13:30:00,21171.461333377378,21226.600057054045,21171.461333377378,21202.302225419135,870.5983720538352
2023-02-17 13:45:00,21209.685089262686,21238.82636353121,21169.09129537837,21218.388488916888,570.1741644711067
2023-02-17 14:00:00,21231.89754526446,21329.03773192794,21193.119776943156,21227.249690786473,732.8232583685927
2023-02-17 14:15:00,21220.36903674143,21235.332579276088,21126.302550603163,21199.12911004451,638.4893948225567
2023-02-17 14:30:00,21200.841249067413,21284.540613490903,21124.775539584294,21193.30143719901,1244.120241520326
2023-02-17 14:45:00,21201.227387506504,21227.14631762835,21157.033592417127,21211.804476063495,647.8363864734732
2023-02-17 15:00:00,21201.65580963562,21229.773514759792,21187.68284779297,21205.323799659604,849.8933257363897
2023-02-17 15:15:00,21209.73713428415,21253.777147156263,21145.355304324767,21171.162827389468,670.4498411297822
2023-02-17 15:30:00,21159.089497960038,21233.884468050554,21090.8197232636,21147.86484661867,767.5045389278673
2023-02-17 15:45:00,21154.333203502945,21219.72480334088,21068.413081728693,21179.043733016868,1075.7518833097324
2023-02-17 16:00:00,21185.265445539633,21203.480031445015,21136.647499470833,21177.636921312158,751.7632653690903
2023-02-17 16:15:00,21178.79061942469,21221.054130542463,21177.493288594884,21194.98241945059,997.9209930763345
2023-02-17 16:30:00,21192.87399489752,21209.46555290025,21135.766219665493,21168.6264882071,579.6664405351929
2023-02-17 16:45:00,21170.481051364535,21231.32216163192,21109.863707519493,21157.558958471443,577.8777869475767
2023-02-17 17:00:00,21170.316847826474,21231.93514601299,21071.440665712133,21144.846044174774,562.766354043884
2023-02-17 17:15:00,21146.335377224626,21175.4561293837,21115.270805768538,21151.71264278964,574.2095118023456
2023-02-17 17:30:00,21155.58441690681,21229.1327202794,21117.810227706796,21186.829695605356,688.8272709456061
2023-02-17 17:45:00,21196.187414307216,21224.087086430416,21157.63530740604,21182.302978648742,540.1119276945136
2023-02-17 18:00:00,21178.64537013899,21227.386902282055,21136.153614402323,21163.58845696611,874.1146420949016
2023-02-17 18:15:00,21159.636340831723,21196.221540020215,21112.555866072336,21161.142359408055,966.8845942836168
2023-02-17 18:30:00,21167.42589939686,21213.39565986504,21095.426009182134,21168.75059688304,1270.434542048836
2023-02-17 18:45:00,21170.015439380873,21208.036855440085,21130.349967837272,21167.084313478546,869.5721798282937
2023-02-17 19:00:00,21165.009329531968,21230.930031444437,21147.800518041906,21170.446127327035,548.7388690426603
2023-02-17 19:15:00,21177.180935506152,21197.130146642052,21052.191875500474,21148.390950284196,828.6092468596925
2023-02-17 19:30:00,21144.02614076157,21179.864737377884,21123.26345436695,21143.06755153791,677.4952469229836
2023-02-17 19:45:00,21137.898157352716,21175.00503851737,21133.267171362262,21151.400264511278,850.6517811780063
2023-02-17 20:00:00,21166.317992272245,21187.803942118284,21105.576031164495,21143.74063509983,1279.4252085124087
2023-02-17 20:15:00,21141.88730879114,21189.965331784464,21130.7933987782,21151.868068777407,641.5848731557613
2023-02-17 20:30:00,21159.741828158556,21176.493527957526,21106.565824661146,21141.95153792124,527.4728037508058
2023-02-17 20:45:00,21135.3995234119,21151.924846890586,21058.39531703073,21121.201240295777,1101.3751162865872
2023-02-17 21:00:00,21123.619689984756,21188.476543171055,21076.814233335146,21124.713889928757,624.278269716928
2023-02-17 21:15:00,21128.241039460256,21172.41905935895,21098.305718566113,21138.422430229264,883.7469809566342
2023-02-17 21:30:00,21140.180736371385,21159.66807761487,21022.53560733124,21141.76261248735,558.7833488914806
2023-02-17 21:45:00,21146.295053386995,21160.464450931286,21110.538080822764,21141.665724715614,678.341489724599
2023-02-17 22:00:00,21145.85766537715,21195.722343847032,21082.720833180003,21122.66141787371,1509.7579416276674
2023-02-17 22:15:00,21117.947240693393,21193.984988327764,21111.314027851542,21128.688164986233,542.8688666479758
2023-02-17 22:30:00,21133.502403385064,21134.20883637316,21066.289327350874,21097.617315632528,703.4157422665951
2023-02-17 22:45:00,21089.22719527699,21163.980641060334,21053.078526359743,21110.2942589492,644.6940563946721
2023-02-17 23:00:00,21105.91430896702,21173.47981734497,21065.401436622113,21078.200880759076,643.8525721524074
2023-02-17 23:15:00,21088.606147919993,21088.606147919993,21022.736729346816,21053.60057080385,800.3546716628165
2023-02-17 23:30:00,21058.06585592426,21081.40577472681,21019.848381349155,21063.565978570987,1119.8537799551611
2023-02-17 23:45:00,21059.463699577038,21061.683898649415,21025.666841432743,21042.14623207337,551.3063445963455
2023-02-18 00:00:00,21048.186414287557,21067.188039440476,21006.501233411294,21042.703325214054,901.3001607593188
2023-02-18 00:15:00,21040.95671904035,21060.040012734196,20986.39526929028,21024.12328967586,1438.9438494041458
2023-02-18 00:30:00,21033.64305491091,21072.971903670867,21007.308246805052,21039.73682508179,574.0519176963246
2023-02-18 00:45:00,21035.669783846723,21087.825307772233,20992.30461700597,21046.026682269374,662.3907920430108
2023-02-18 01:00:00,21043.40776180713,21153.1719257039,20991.342488650927,21037.267632049028,745.9108681868244
2023-02-18 01:15:00,21031.066596211178,21132.05623177228,21031.066596211178,21069.33147094877,606.9340479452026
2023-02-18 01:30:00,21066.46295143,21133.574947212495,21028.90323175104,21095.092054825345,636.2860241598643
2023-02-18 01:45:00,21077.650644411122,21141.869771660888,21050.973216505638,21078.195005590598,1402.9360978812133
2023-02-18 02:00:00,21079.84241616925,21137.74543895336,21043.048556988328,21081.08243259761,693.592140631581
2023-02-18 02:15:00,21083.81278484144,21159.703669245442,21052.14774307366,21088.176509655714,719.7812866293272
2023-02-18 02:30:00,21083.52095750587,21117.297624139108,21045.155660999808,21066.770538766148,653.0888874036733
2023-02-18 02:45:00,21071.510669382962,21126.208967739356,21000.48606371318,21106.555548617886,715.616628334809
2023-02-18 03:00:00,21096.13771414923,21121.42233743748,21046.36122900143,21087.6562073927,614.2345947414639
2023-02-18 03:15:00,21085.220127716402,21101.556423119193,21025.148664185115,21053.934887088835,693.8335195081726
2023-02-18 03:30:00,21071.109078848716,21149.872097991174,21031.186466752944,21077.609189895753,582.5149950160223
2023-02-18 03:45:00,21069.450560304536,21146.328248414087,21055.933691595055,21077.377929070564,658.0402259919035
2023-02-18 04:00:00,21080.28820706982,21086.50559999963,20976.555898295468,21051.74120449374,949.8649901274487
2023-02-18 04:15:00,21057.826772333327,21065.265430668147,20942.555996892057,21027.17706687029,1092.0163032982664
2023-02-18 04:30:00,21025.710398645053,21025.82561351872,20885.69354071351,20981.22529132215,785.2410897861703
2023-02-18 04:45:00,20986.830451802078,21017.04742647726,20897.088975521103,20978.535730882963,595.6102313186985
2023-02-18 05:00:00,20978.188257970003,20998.996821956003,20904.139321797695,20971.102759896385,895.0923890725886
2023-02-18 05:15:00,20973.21197884005,21037.936020321176,20903.460571925694,20944.769508045898,745.919427540642
2023-02-18 05:30:00,20936.19969923942,20987.55873701097,20893.585099181528,20930.426262435045,734.9626878175287
2023-02-18 05:45:00,20931.041052225897,20970.741431705086,20854.255918056566,20938.165682200455,567.2111601909596
2023-02-18 06:00:00,20935.09984175366,21026.851205350704,20935.09984175366,20986.00194616296,2130.9430449046854
2023-02-18 06:15:00,20989.091710496297,21029.00004231478,20960.412614353,20991.515412737845,803.5160986861449
2023-02-18 06:30:00,20978.451024961814,20997.288259299956,20930.302866842998,20984.0364489449,691.0680867676111
2023-02-18 06:45:00,20994.685266505636,21003.41465875943,20959.603358985,20984.931201841588,756.0513123074167
2023-02-18 07:00:00,20991.7254820758,21075.794848851052,20959.566271546428,21001.264729486604,606.8705392531184
2023-02-18 07:15:00,21003.169592588114,21045.47249532587,20962.189133525,20996.512091007,1675.1774705296966
2023-02-18 07:30:00,21013.441401154367,21067.6920935226,20964.999592598488,21008.159637025772,1296.3579591310272
2023-02-18 07:45:00,21005.63834356612,21065.608166334063,20963.616523872588,21005.569043582538,901.7814520177456
2023-02-18 08:00:00,20998.524640114334,21090.604846339702,20998.524640114334,21032.370841100532,576.7321996503952
2023-02-18 08:15:00,21027.841689204088,21136.9479770974,21027.841689204088,21054.17757258569,1124.5587674637782
2023-02-18 08:30:00,21052.71835553208,21052.71835553208,20993.316189187226,21021.309999884856,777.3070899758396
2023-02-18 08:45:00,21017.083398829418,21074.77750804436,20945.56516231305,21029.775152204715,1740.3127357431533
2023-02-18 09:00:00,21029.628963132534,21029.628963132534,20948.85817058179,21000.246525107344,682.7581994058756
2023-02-18 09:15:00,20986.087527004755,21000.834357164244,20949.012710669813,20972.21929349147,605.8661588449828
2023-02-18 09:30:00,20964.36110225676,20992.636032183484,20939.071117710326,20964.83888968993,921.9239528652652
2023-02-18 09:45:00,20957.990460728546,20977.13572499092,20898.794665036163,20955.15207148627,565.7144797730874
2023-02-18 10:00:00,20955.348605547246,21008.59654453695,20908.594785845027,20956.282868966595,1214.0391657054315
2023-02-18 10:15:00,20956.842927783742,20996.021973842722,20871.180493194253,20938.57004789171,1017.2413278118346
2023-02-18 10:30:00,20938.220030704837,20985.689376187835,20915.871380317643,20942.836221448448,825.3715887117665
2023-02-18 10:45:00,20945.973696992292,20945.973696992292,20889.81322912052,20904.320945580555,639.0737786000764
2023-02-18 11:00:00,20902.10986493084,20953.675429175364,20830.731221437843,20922.394950939466,941.7245686293048
2023-02-18 11:15:00,20921.935086173693,20992.13090571323,20858.70869912358,20929.076893203997,811.5112198295765
2023-02-18 11:30:00,20934.127874894097,20948.568698006842,20816.85303483793,20894.948041962187,1121.9625907424047
2023-02-18 11:45:00,20896.452386937657,20900.325480132822,20787.631372059175,20880.875672984046,733.8440376995651
2023-02-18 12:00:00,20878.000071976356,20944.942536515027,20878.000071976356,20921.061444424555,691.200948302982
2023-02-18 12:15:00,20917.27288345137,20977.26674793806,20850.025950424166,20931.76391489158,926.1911061581196
2023-02-18 12:30:00,20928.94309197907,20959.76035697674,20880.44019841527,20918.595376702513,533.4726254876798
2023-02-18 12:45:00,20909.20213709272,20931.62781687188,20872.150910644923,20919.03859545442,533.4622899037755
2023-02-18 13:00:00,20919.57184667843,21010.06603523361,20919.57184667843,20939.012424990065,642.3917903925493
2023-02-18 13:15:00,20925.542836437337,20961.930577106603,20883.59657089802,20903.720404442865,1214.8111300181022
2023-02-18 13:30:00,20901.04935388179,20901.04935388179,20828.775076687776,20873.864737909185,1078.0824194849959
2023-02-18 13:45:00,20889.570097946213,20954.852554656416,20856.434472348035,20883.03878601636,991.6165442473226
2023-02-18 14:00:00,20886.223657103797,20933.72114364294,20867.883216479036,20893.916070077954,765.7074047187978
2023-02-18 14:15:00,20889.900211567085,20965.77283886547,20859.343831845887,20882.14510719065,809.2445264237967
2023-02-18 14:30:00,20885.6235442947,20938.971558882684,20874.383743565057,20913.14342883749,856.7998137689716
2023-02-18 14:45:00,20918.544498783933,20978.57834631225,20839.261816559425,20912.208969746876,613.166532923847
2023-02-18 15:00:00,20913.608539534496,21021.812543093343,20888.972153430896,20948.29975267787,748.0077541543972
2023-02-18 15:15:00,20951.124635638742,20978.84498573802,20900.302257886524,20936.64971470837,1084.9475752849985
2023-02-18 15:30:00,20938.30096565115,21013.89745078355,20914.65837803123,20946.98356568259,567.6392064616297
2023-02-18 15:45:00,20943.951731556223,21005.47827641012,20897.926014041255,20965.226282695963,725.1836942274267
2023-02-18 16:00:00,20966.063187440363,21065.202258952173,20954.06937461232,20979.489557498076,1163.035522964681
2023-02-18 16:15:00,20983.621322096224,21011.53525864216,20909.633647648334,20983.552164681925,1396.4789360976067
2023-02-18 16:30:00,20984.935386307505,21094.443248858188,20952.034132009612,21001.699556074178,618.0461605839686
2023-02-18 16:45:00,21007.96764097424,21046.64146683579,20962.21446665618,21001.38628832053,843.2815477457402
2023-02-18 17:00:00,21000.228047602657,21021.55199548634,20929.76532400905,21004.872443913606,1063.123957133209
2023-02-18 17:15:00,21010.15829032761,21087.321597017664,21010.15829032761,21048.002124809635,695.6635818282296
2023-02-18 17:30:00,21044.572204403514,21059.423518021715,21017.781860277402,21032.25808426325,1742.7516439266165
2023-02-18 17:45:00,21037.069719552288,21037.069719552288,20962.19867606372,21006.07406101045,850.3434741489014
2023-02-18 18:00:00,21015.929000559852,21071.282574400993,21008.807250399634,21028.8857489421,763.1632913897386
2023-02-18 18:15:00,21040.00417720661,21040.00417720661,20971.009681678835,21019.404028547357,620.4721766010134
2023-02-18 18:30:00,21026.676009188603,21029.87140075742,20985.560331922476,21016.53795344319,572.5086607738308
2023-02-18 18:45:00,21010.107296501817,21035.92014678286,20990.072528798813,21020.79670913059,518.1043084950926
2023-02-18 19:00:00,21027.98798431421,21080.775083192384,21007.254846162996,21040.595884166672,1077.1466676854682
2023-02-18 19:15:00,21047.428703819976,21090.57477866614,21027.452770462805,21042.751753691333,1276.28389491263
2023-02-18 19:30:00,21049.12884112675,21049.12884112675,20959.575113199804,21016.858956826698,744.0465877969166
2023-02-18 19:45:00,21012.352026420354,21056.171945440583,20981.095266099117,21041.991109082894,569.7470643398408
2023-02-18 20:00:00,21047.427504173902,21069.011409650753,20984.232071776256,21051.676101501773,563.2071198102325
2023-02-18 20:15:00,21046.002378040874,21113.584869266506,21036.029872749565,21096.79878816616,751.1866688638393
2023-02-18 20:30:00,21093.682933039367,21126.405280182233,21066.97304683255,21104.33702382634,541.9362174012089
2023-02-18 20:45:00,21104.81134645186,21172.40645707829,21077.99968313068,21108.54364217943,539.4290449448582
2023-02-18 21:00:00,21096.350663361594,21154.813876340195,21089.249834001756,21120.23612586893,649.4231877460019
2023-02-18 21:15:00,21132.93858396608,21211.2329675408,21105.08103075738,21123.449003676098,554.7223774974797
2023-02-18 21:30:00,21125.48387502372,21234.529888691464,21109.047815927086,21166.104134724595,1262.8047367550237
2023-02-18 21:45:00,21160.9578995357,21182.909870062125,21080.770965328597,21169.648240590624,1073.858373501046
2023-02-18 22:00:00,21159.925690345583,21222.21921352343,21133.058959956452,21185.70429601477,859.3119727256765
2023-02-18 22:15:00,21184.8266292371,21216.88748625431,21112.45263554854,21197.16615442397,711.7876957213365
2023-02-18 22:30:00,21197.22503045893,21235.59627146038,21156.301565787224,21184.667542616615,811.014497876779
2023-02-18 22:45:00,21183.73319359968,21215.365581379072,21129.037017565926,21202.076059074825,844.7147011985082
2023-02-18 23:00:00,21196.322193655207,21203.19236811169,21154.57387922784,21188.823354468495,542.3538293548254
2023-02-18 23:15:00,21193.205701750485,21312.807342313263,21159.72989120493,21226.44193750293,1022.7634575513157
2023-02-18 23:30:00,21230.409676424657,21313.302052027553,21193.7732275735,21255.066927991997,671.7983260051889
2023-02-18 23:45:00,21251.41159110894,21364.28326486497,21233.612391229166,21268.408527852178,694.4115309120327
2023-02-19 00:00:00,21272.97705783153,21360.07781820288,21242.01050867595,21279.957739959675,630.2590449406634
2023-02-19 00:15:00,21276.776581491093,21387.089279454416,21242.587719682782,21300.106643184597,806.9894905828627
2023-02-19 00:30:00,21288.732711847693,21328.24324930414,21231.36630824122,21259.73703511696,619.3470237095204
2023-02-19 00:45:00,21250.430970015503,21330.860159449498,21211.52217379387,21270.868327374115,623.0689729626529
2023-02-19 01:00:00,21272.602383783335,21305.216676947344,21229.074068404738,21286.590220959257,865.7302107642373
2023-02-19 01:15:00,21279.001120623147,21377.506618085627,21279.001120623147,21305.590348786714,735.8178753860798
2023-02-19 01:30:00,21305.913774867193,21388.539034754955,21255.529349114655,21315.068981521577,593.9776433129078
2023-02-19 01:45:00,21300.62436500354,21354.339251458157,21286.972936742968,21317.175243497033,1130.6430746369604
2023-02-19 02:00:00,21321.644897248476,21348.680905710866,21306.713913280153,21333.040156500396,959.2257394695426
2023-02-19 02:15:00,21322.92591761687,21335.00988717171,21280.062489975862,21319.763004730758,562.8868961105937
2023-02-19 02:30:00,21318.772147144293,21360.91809553804,21259.762997971146,21305.511253391105,539.5205965011542
2023-02-19 02:45:00,21311.624959605648,21361.50524462123,21291.540271709127,21323.867640000044,610.8070709834079
2023-02-19 03:00:00,21328.634649985266,21334.667542942858,21227.864112667696,21281.64288571889,877.8141069822382
2023-02-19 03:15:00,21278.38374855329,21288.3140130684,21246.614727787204,21272.293378077156,784.4681905270944
2023-02-19 03:30:00,21279.956070343167,21322.794611134617,21243.004149266475,21262.58044308363,735.2669802055369
2023-02-19 03:45:00,21271.809309259617,21360.84532939362,21227.95251296483,21272.956347930696,674.3794380617235
2023-02-19 04:00:00,21272.731902031865,21320.876572741843,21230.045064989587,21295.921858402715,1393.594012720794
2023-02-19 04:15:00,21296.070914578107,21330.607852939225,21217.57137671133,21290.269712376416,982.2130358265297
2023-02-19 04:30:00,21284.170586378725,21324.25600630891,21257.5427256582,21294.10459512471,669.4374035981796
2023-02-19 04:45:00,21294.941296394423,21344.219535751898,21271.27159116254,21295.856594500412,718.863079168632
2023-02-19 05:00:00,21300.46400738158,21323.07199139276,21269.237071132076,21309.065963634326,1025.7030225547148
2023-02-19 05:15:00,21311.11873405401,21367.088263296977,21290.895133739912,21320.588245060524,813.3289834297714
2023-02-19 05:30:00,21314.203264299613,21338.273147035063,21261.720742762518,21316.27260071798,1052.6585495113616
2023-02-19 05:45:00,21320.333099001386,21330.231210111317,21266.319738299695,21299.481645259217,707.3954064956558
2023-02-19 06:00:00,21304.385608688608,21394.844128861278,21266.026836798526,21312.765327340632,859.8379493115998
2023-02-19 06:15:00,21315.016998811785,21334.005593251015,21235.17330389992,21302.929304988083,658.3534216655535
2023-02-19 06:30:00,21302.185770164466,21332.016728953917,21282.61619184669,21308.592674840438,671.4997689012721
2023-02-19 06:45:00,21297.44348767025,21360.870873966265,21270.04436773167,21317.839774142532,641.6273544397859
2023-02-19 07:00:00,21318.15249720151,21349.861749727675,21248.169778746236,21304.49012924056,850.613466722588
2023-02-19 07:15:00,21300.782510774057,21412.205727985398,21275.0826269705,21335.208688112067,1002.4017948925577
2023-02-19 07:30:00,21328.223449571964,21419.211656192678,21319.10226482816,21356.610979942736,954.6764667759406
2023-02-19 07:45:00,21360.445336409834,21431.646856855346,21357.268719209864,21375.62349563236,1853.9635225109084
2023-02-19 08:00:00,21370.515544885013,21418.574493398883,21345.447232321545,21399.520988744447,663.8202065260846
2023-02-19 08:15:00,21391.438380494696,21426.05833725152,21369.24447028203,21388.328479442465,757.2899831218731
2023-02-19 08:30:00,21395.422341982314,21401.924010190192,21317.069554134476,21344.29796693664,1253.6045008573153
2023-02-19 08:45:00,21330.573503292708,21373.568909131624,21275.2748896214,21335.387660538407,713.3580140417305
2023-02-19 09:00:00,21341.731967145122,21360.01983188693,21309.84628169535,21336.67087923943,811.4395089839551
2023-02-19 09:15:00,21346.844732996302,21375.15826117091,21332.780070954002,21359.98706833395,1163.5033165364518
2023-02-19 09:30:00,21350.092945050914,21416.111293818794,21350.092945050914,21388.804961039452,584.0000428679728
2023-02-19 09:45:00,21379.632548311147,21407.517829382028,21333.400377920818,21379.226549374474,818.6565288293323
2023-02-19 10:00:00,21381.240382322394,21416.60036276314,21339.840037838538,21393.135484364146,993.593419298894
2023-02-19 10:15:00,21393.131296408992,21393.131296408992,21347.514664968472,21365.65592768938,1116.4538165069791
2023-02-19 10:30:00,21357.21412692383,21395.229407804636,21338.9227871995,21365.71555510006,1023.3925923475326
2023-02-19 10:45:00,21363.31459155255,21451.60594612915,21282.841627010184,21366.96200349111,856.3636944931256
2023-02-19 11:00:00,21367.931094183143,21404.66453433908,21349.801118728537,21377.995506191677,716.2403287887444
2023-02-19 11:15:00,21372.813807668645,21372.813807668645,21294.963412676985,21350.572123704424,799.5610444138803
2023-02-19 11:30:00,21347.699854071445,21386.71143098425,21268.087113716665,21343.426702673703,567.1799198401757
2023-02-19 11:45:00,21343.073649951522,21343.073649951522,21254.210241918427,21311.57530248458,1241.8091227163982
2023-02-19 12:00:00,21302.20179264822,21362.41326047294,21302.20179264822,21324.49725518853,736.2580976344087
2023-02-19 12:15:00,21326.727929525612,21347.145997610984,21265.23636234621,21299.78726192601,793.8775919103748
2023-02-19 12:30:00,21303.748401688797,21327.22108246588,21269.81925304181,21288.30076066015,698.538154130379
2023-02-19 12:45:00,21285.402358071962,21312.458994681616,21254.35781941866,21296.360765018868,1042.2923371776055
2023-02-19 13:00:00,21289.16945114085,21348.540392745646,21289.16945114085,21330.034647943958,833.5299730453859
2023-02-19 13:15:00,21330.078488164494,21398.92801745117,21306.28591774001,21321.293027098953,804.4296463629497
2023-02-19 13:30:00,21327.837136290393,21362.973336118637,21245.06516912092,21328.98575184837,836.0495681909451
2023-02-19 13:45:00,21330.717383298732,21330.717383298732,21251.439855760884,21308.45788773358,1046.5442355176908
2023-02-19 14:00:00,21309.06719672693,21391.787450819225,21277.377189720315,21333.28765167278,1032.1085606150496
2023-02-19 14:15:00,21329.345583814527,21392.329777785115,21325.17334883857,21339.289006113697,840.1327504407035
2023-02-19 14:30:00,21345.73358116665,21345.73358116665,21300.78444685126,21323.547477791133,597.1997294084312
2023-02-19 14:45:00,21322.38429643463,21361.78029756211,21212.187700686714,21319.060438504748,1091.7102803387647
2023-02-19 15:00:00,21314.99738010416,21365.424653761576,21229.188363043213,21310.116427110428,736.3214050072781
2023-02-19 15:15:00,21313.87307007259,21355.095517397043,21313.87307007259,21330.14340481362,1242.528772648761
2023-02-19 15:30:00,21330.988106631125,21389.629429510733,21269.102005276396,21366.81887183773,852.3863723060128
2023-02-19 15:45:00,21368.322990163168,21369.740871668597,21280.422408189985,21332.363247289275,591.8830536491483
2023-02-19 16:00:00,21323.65088027082,21371.335949224587,21223.878042934757,21332.55181301101,639.2780503238308
2023-02-19 16:15:00,21328.339038035087,21366.294111550236,21309.828460774068,21324.614981216848,638.5796622012175
2023-02-19 16:30:00,21318.242418462934,21398.569801456702,21261.16005651736,21321.823984328672,584.1471305743817
2023-02-19 16:45:00,21327.0211582451,21419.16151424349,21315.94395076027,21338.054887947666,814.2763035432016
2023-02-19 17:00:00,21332.48587588682,21383.586773150797,21307.701324129182,21325.440793933703,1070.5509299994183
2023-02-19 17:15:00,21323.139015436725,21355.961423552526,21236.282532377285,21315.16237771648,1082.4507717174376
2023-02-19 17:30:00,21329.169786306,21375.89953562144,21251.97791745537,21304.901620642115,619.0213363900925
2023-02-19 17:45:00,21308.408569972893,21373.863646179172,21282.482227341876,21306.585428539434,1072.2044914352782
2023-02-19 18:00:00,21310.204971501058,21319.093930409726,21175.94782364266,21288.885187371652,787.9906584582363
2023-02-19 18:15:00,21284.402434759893,21341.299458515517,21275.317378689942,21291.330759860837,938.0520936785564
2023-02-19 18:30:00,21307.242075235816,21356.470461276127,21231.293698100675,21288.335896077308,733.3373070686731
2023-02-19 18:45:00,21294.83111114216,21299.62317834025,21216.36638903594,21270.983987183397,893.152958776341
2023-02-19 19:00:00,21275.478766109205,21293.47470721334,21210.645179139494,21259.452642633623,584.3272961093104
2023-02-19 19:15:00,21251.80461959566,21394.915297736312,21251.80461959566,21304.095615411752,666.1821717082372
2023-02-19 19:30:00,21307.237714485073,21339.233869951055,21267.62005666855,21289.0009164878,849.0540589578881
2023-02-19 19:45:00,21292.742449907662,21358.054702930902,21233.538786974972,21306.16518573166,561.6258214979127
2023-02-19 20:00:00,21312.46165401018,21356.456908241882,21171.96874251567,21286.807122925813,905.0057051474804
2023-02-19 20:15:00,21284.658368906734,21319.223934494992,21257.98642271943,21285.597497320727,1454.9556510229174
2023-02-19 20:30:00,21288.678474592434,21292.580802263525,21234.50745175917,21259.619217021336,613.1496006507768
2023-02-19 20:45:00,21250.60952431069,21293.792529022136,21196.00454654337,21250.967015798476,1090.4641914896038
2023-02-19 21:00:00,21249.813633289217,21334.583555635487,21249.813633289217,21285.08655089768,998.0994821209438
2023-02-19 21:15:00,21273.27479653483,21371.73092514099,21271.47717296302,21310.059854964355,733.4850128580092
2023-02-19 21:30:00,21315.65903389617,21337.680369907812,21245.838910818533,21289.54625026673,589.3689854034773
2023-02-19 21:45:00,21275.397053235272,21310.44990102935,21241.131426521293,21282.074172627217,1043.5507788374534
2023-02-19 22:00:00,21281.571148879764,21342.718673128227,21252.141404086928,21292.98332771086,579.5016645215196
2023-02-19 22:15:00,21296.315622692484,21328.861801867926,21295.365780191358,21309.374451526193,542.937332024146
2023-02-19 22:30:00,21310.304774513264,21340.719986067128,21252.989758216252,21280.89028153556,793.4571125811788
2023-02-19 22:45:00,21275.826714981264,21307.532337006378,21230.061285324213,21286.09809337224,1320.7367761527837
2023-02-19 23:00:00,21274.44323820765,21386.34131002143,21196.03211054363,21299.80273548272,587.0214287402929
2023-02-19 23:15:00,21296.539975242275,21341.679991450234,21249.290041480926,21299.52735894764,700.2115306324447
2023-02-19 23:30:00,21291.975970477633,21377.780835887163,21291.975970477633,21352.805372486917,834.7990567107216
2023-02-19 23:45:00,21355.57072531261,21414.723431798466,21338.89647940551,21373.683255210795,677.2517299285952
2023-02-20 00:00:00,21365.551330859435,21483.881912178207,21365.551330859435,21384.85715697187,676.1970051787497
2023-02-20 00:15:00,21383.65357457808,21393.436495244205,21339.221193430887,21371.859631539977,858.905702575814
2023-02-20 00:30:00,21360.021737612762,21472.410012788463,21347.417656189788,21383.884017055243,2139.166082977115
2023-02-20 00:45:00,21376.02070523418,21376.585036980465,21343.608121868863,21362.18642910213,586.3044282856603
2023-02-20 01:00:00,21357.714806283027,21382.080267858117,21345.48252127566,21358.682252800972,1205.4310978339604
2023-02-20 01:15:00,21359.51386336691,21382.698395421874,21353.564686331378,21366.716197879585,1046.7682368251878
2023-02-20 01:30:00,21360.44810775544,21419.327031914727,21302.719742400903,21364.762523399997,1311.9402239350386
2023-02-20 01:45:00,21363.633792519813,21413.17730320231,21264.58531769458,21346.681313185614,1251.4806375284843
2023-02-20 02:00:00,21344.956928448075,21381.717156370083,21325.22126803248,21340.407420789077,727.4136039176626
2023-02-20 02:15:00,21332.109521236474,21344.310283660972,21276.29876404895,21311.377663753163,645.9714499423384
2023-02-20 02:30:00,21306.229445529523,21341.256508701477,21257.306811280683,21299.075681922386,745.1161258879255
2023-02-20 02:45:00,21295.65468095895,21364.83732008213,21274.76254653342,21291.45076406629,888.6014650030999
2023-02-20 03:00:00,21298.482449069303,21316.90656320454,21269.89180532616,21299.78481495137,574.6507186022958
2023-02-20 03:15:00,21298.244764052077,21382.761435914126,21291.398252876657,21316.34674727186,1540.9260854374102
2023-02-20 03:30:00,21316.85964572194,21442.310578660545,21269.392459022303,21318.892914317617,557.4266123997302
2023-02-20 03:45:00,21316.972750932888,21376.30282567822,21252.64682157174,21309.32463527556,723.9659583499343
2023-02-20 04:00:00,21317.06032741113,21339.95149534376,21265.800186670724,21313.455002603067,789.5637734708893
2023-02-20 04:15:00,21316.399203856814,21356.523576292664,21222.571542755224,21306.00348352625,965.8879666737571
2023-02-20 04:30:00,21304.04295002884,21388.710757590045,21267.935321044435,21329.052672848793,809.9192391225585
2023-02-20 04:45:00,21326.48516506053,21351.86024807797,21274.649477464263,21318.845988335004,1234.0898929656569
2023-02-20 05:00:00,21315.905124445344,21345.11356442353,21271.762234742946,21331.489650032763,672.7467492194386
2023-02-20 05:15:00,21331.23255272019,21381.63600259047,21230.728567087794,21310.554964680316,681.5822793273217
2023-02-20 05:30:00,21309.039975090476,21381.339463322445,21264.680594344518,21313.738950391496,640.9442189586977
2023-02-20 05:45:00,21311.619173953342,21320.595613543108,21282.2862910032,21300.51395855726,587.4378654598656
2023-02-20 06:00:00,21299.609498775317,21317.557875392253,21246.34295433488,21301.686783307287,755.0683211736317
2023-02-20 06:15:00,21312.69008670543,21329.463491549202,21267.79697486418,21292.01037102404,710.340265964804
2023-02-20 06:30:00,21299.101166778673,21299.101166778673,21199.966814506173,21262.231637525707,697.9778038992832
2023-02-20 06:45:00,21257.93734395559,21281.128539908652,21206.51359407386,21253.12090328414,552.4268966662845
2023-02-20 07:00:00,21255.265698817013,21282.546480924448,21182.58131947763,21227.46151233295,574.1291495870977
2023-02-20 07:15:00,21224.45668946515,21274.31135577682,21180.235935195913,21206.228791876016,932.9899861252367
2023-02-20 07:30:00,21205.76085251646,21246.138928661774,21181.402396094127,21211.026122944342,1030.914053532629
2023-02-20 07:45:00,21207.32493746766,21339.039769552703,21141.36505684884,21239.437323784954,780.6850961201518
2023-02-20 08:00:00,21237.975615596126,21293.138704927675,21200.953166013274,21261.724911411842,984.4728495237036
2023-02-20 08:15:00,21263.241884533763,21369.141318968774,21234.077730505418,21263.596557310404,608.9421529734473
2023-02-20 08:30:00,21252.624297853854,21285.695673983046,21252.624297853854,21271.977469081274,1709.259709339362
2023-02-20 08:45:00,21269.727025141823,21360.116669089926,21229.494017379722,21257.222849446764,878.317432815347
2023-02-20 09:00:00,21257.42709702968,21274.11378528194,21224.956396061447,21256.036657099714,1521.426224788327
2023-02-20 09:15:00,21274.04950534766,21294.20533430349,21214.727664595262,21235.96054290179,716.040048826889
2023-02-20 09:30:00,21236.065924649603,21281.513738481062,21209.106960374513,21244.12991145244,731.603687431245
2023-02-20 09:45:00,21240.013968674142,21347.4341714104,21227.312485543436,21247.056967553377,666.2480488295148
2023-02-20 10:00:00,21251.437458564433,21257.563329349636,21196.020087683315,21228.188639940392,564.7789983948729
2023-02-20 10:15:00,21220.118645818482,21234.61770149026,21151.598303140407,21194.130073343105,792.647478657019
2023-02-20 10:30:00,21190.38384338815,21233.103972770066,21185.58137086706,21205.50795492002,698.9023630183248
2023-02-20 10:45:00,21196.701530208215,21207.247560569547,21146.783730533964,21189.889223094047,635.9828139424541
2023-02-20 11:00:00,21192.31431118936,21192.31431118936,21099.57616254426,21175.330347745003,738.3953736679474
2023-02-20 11:15:00,21167.707636610477,21276.098063263682,21166.148726412324,21189.588352616498,648.9649954512516
2023-02-20 11:30:00,21181.239764648155,21193.15444840545,21065.96350341881,21160.2553810137,767.7542136808026
2023-02-20 11:45:00,21173.425870310344,21275.36190834761,21096.959985003046,21185.319617577636,871.0377578601923
2023-02-20 12:00:00,21191.65252277729,21249.230735078097,21185.994044983436,21201.98585089484,865.937784535156
2023-02-20 12:15:00,21187.970346897982,21258.071578046838,21187.970346897982,21232.667519379906,731.5065695211924
2023-02-20 12:30:00,21233.608935887267,21315.079419738242,21192.57760357112,21233.342431713816,675.4405768314421
2023-02-20 12:45:00,21243.02275773652,21256.60810099042,21128.68238182666,21210.75662820305,1227.011709893658
2023-02-20 13:00:00,21211.210953930615,21227.478236320767,21175.897491297612,21197.09649709393,633.8273961795908
2023-02-20 13:15:00,21198.751506630346,21272.840141795095,21165.769886092126,21202.595646109596,664.3595692776081
2023-02-20 13:30:00,21197.35260010723,21233.402015781525,21144.784106601328,21190.1108008403,914.5661239713593
2023-02-20 13:45:00,21183.434605419545,21205.95523643144,21067.600612770446,21153.7486788212,792.8393998696248
2023-02-20 14:00:00,21154.330549971335,21269.215112404738,21116.160690409542,21135.769720102548,727.0365038812828
2023-02-20 14:15:00,21126.885522174147,21153.935508607734,21099.56366694754,21138.965313432134,1454.2038521634634
2023-02-20 14:30:00,21142.17702678621,21185.45003457898,21068.290774829802,21123.87979194832,916.7847580821082
2023-02-20 14:45:00,21128.15512114837,21137.0241539757,21100.63928698964,21118.370584612334,538.2609429915219
2023-02-20 15:00:00,21123.18219769699,21188.841061910804,21055.268573842524,21108.86627324726,1160.4754466927557
2023-02-20 15:15:00,21119.280470853435,21132.297190902635,21067.121601751416,21102.0673235674,964.8735298208667
2023-02-20 15:30:00,21100.121998505652,21192.220602789854,21052.88871321458,21104.22864387786,693.490556981122
2023-02-20 15:45:00,21101.852850684256,21111.688109350274,20966.647566632826,21079.339452577206,1707.5090845851016
2023-02-20 16:00:00,21078.078383371452,21164.98859702877,20947.841748199044,21096.600157718844,1421.569448797803
2023-02-20 16:15:00,21089.525868403267,21132.87736437182,21050.569641710455,21110.637374362374,682.9436490684958
2023-02-20 16:30:00,21117.14408312125,21172.372710573974,21109.771949664533,21131.665412383965,571.2000638816332
2023-02-20 16:45:00,21131.59324763754,21180.756959212024,21095.639807478696,21143.035891885327,1023.3786201333063
2023-02-20 17:00:00,21136.1142847791,21211.759163537292,21088.340241072663,21140.266069676276,657.8443840662
2023-02-20 17:15:00,21131.60086772268,21193.938797238177,21112.739794044013,21129.119168788708,866.8238557422003
2023-02-20 17:30:00,21132.96503301485,21195.970545517044,21132.96503301485,21172.353957331532,1373.5397695801487
2023-02-20 17:45:00,21181.101990579005,21267.964288310926,21125.10734652936,21187.269404057864,825.8630423784697
2023-02-20 18:00:00,21188.32193828989,21242.43022606646,21132.161719133102,21162.665411389404,911.6684833932511
2023-02-20 18:15:00,21166.27987676655,21195.041993695562,21122.443456005458,21166.403597321518,602.3827124758474
2023-02-20 18:30:00,21155.874512406666,21246.04413443993,21139.85447305295,21176.761193424925,634.525375926654
2023-02-20 18:45:00,21179.762331167403,21221.709694251276,21153.142630204355,21178.242207188083,653.926984302367
2023-02-20 19:00:00,21179.90215262882,21249.879514896806,21179.90215262882,21197.181252040064,1575.2416504556027
2023-02-20 19:15:00,21196.567708915445,21223.438371049167,21164.887596970955,21196.932548149958,1233.4496831516092
2023-02-20 19:30:00,21203.898233616146,21210.074898464944,21097.43060632474,21161.21501578506,1568.227217802072
2023-02-20 19:45:00,21150.690232857283,21183.48842755163,21066.112174579648,21138.028327690394,606.0581006917602
2023-02-20 20:00:00,21133.652075212547,21179.88316220143,21104.198641145253,21145.177627952824,1112.616021610991
2023-02-20 20:15:00,21142.832601618105,21142.832601618105,21026.880871758218,21095.494570242674,694.5060382495211
2023-02-20 20:30:00,21100.498338603862,21132.02018414949,21064.709970666532,21112.024280452362,572.8780648854722
2023-02-20 20:45:00,21113.6132408493,21139.823584607366,21087.170274267013,21122.669607740478,887.7363144293037
2023-02-20 21:00:00,21123.290392526647,21164.709090990167,21070.87685378797,21140.923838211733,1594.9607509582538
2023-02-20 21:15:00,21139.60839932656,21192.892388029122,21128.055151334323,21145.44943584655,516.5619266720429
2023-02-20 21:30:00,21153.320283110923,21211.63018495843,21141.533390158736,21155.780976404378,1108.46825415198
2023-02-20 21:45:00,21161.988020012566,21161.988020012566,21091.522457543742,21112.76328351479,1114.6513511711478
2023-02-20 22:00:00,21112.04789674519,21195.443312877273,21095.38852729844,21112.44858299984,793.5110641933758
2023-02-20 22:15:00,21112.062735935277,21172.242690676132,21034.830747312513,21098.36770165251,1218.8632452497445
2023-02-20 22:30:00,21093.87492443745,21122.519963619365,21026.746473620904,21079.783317137266,960.5776504405898
2023-02-20 22:45:00,21087.013862768523,21177.210074754308,21050.21829351521,21097.94232983208,864.2027641194048
2023-02-20 23:00:00,21099.459487851007,21127.29470188642,21028.283573950597,21100.077971445426,613.0837728369509
2023-02-20 23:15:00,21101.13831128087,21101.13831128087,21024.646593377547,21071.0066216452,726.3787702518091
2023-02-20 23:30:00,21066.620815734146,21111.49196479001,21019.107154806607,21036.750080097354,1362.4517628823874
2023-02-20 23:45:00,21049.705500189095,21100.408620862057,21025.065113817058,21047.439309922986,890.9899220138907
2023-02-21 00:00:00,21052.497140080453,21080.998242938436,21017.38576254715,21030.90049534215,858.8395426523099
2023-02-21 00:15:00,21029.131898022883,21045.45367605664,20952.53016467882,21013.34867575466,582.333326672026
2023-02-21 00:30:00,21017.51194650807,21055.669410195816,21017.51194650807,21041.895947824873,570.6522901036325
2023-02-21 00:45:00,21044.86291583758,21055.187165919175,20963.968516849138,21024.01636088017,822.2568394276295
2023-02-21 01:00:00,21022.46273915269,21097.91262876478,20992.819737546786,21007.94268992919,1673.4835843991675
2023-02-21 01:15:00,21011.400349659947,21043.441200301793,20963.016525870058,21021.711282045526,669.3665724211018
2023-02-21 01:30:00,21024.24667780365,21079.617215568433,21024.24667780365,21054.81621061812,1160.4110222535307
2023-02-21 01:45:00,21055.901806179587,21139.834297391557,21009.452414301246,21060.997712970384,1468.3136879847941
2023-02-21 02:00:00,21062.898029743224,21109.010775646406,21062.898029743224,21079.801924987965,833.5738108077422
2023-02-21 02:15:00,21091.34107393736,21124.754653503678,20972.431667399873,21075.497061882408,537.0065356861793
2023-02-21 02:30:00,21081.976044816747,21132.94172389363,21062.01445336437,21102.961647794964,675.2589080731649
2023-02-21 02:45:00,21108.02096947287,21140.123377423373,21060.25391218114,21112.387417775208,856.1966632455986
2023-02-21 03:00:00,21112.112233590284,21189.216406797223,21075.004071069994,21130.357067633373,1005.9397666870334
2023-02-21 03:15:00,21129.368942163004,21145.453269182985,21083.85924818881,21110.84282747079,721.1372859242897
2023-02-21 03:30:00,21105.4743478858,21172.950365770677,21034.52541343327,21113.42433134053,520.5007874108918
2023-02-21 03:45:00,21112.198562807444,21112.198562807444,21003.24642918783,21066.750394784107,854.9480843449245
2023-02-21 04:00:00,21079.829930810978,21133.129915348236,21016.352578623457,21112.1755567425,738.7385964264289
2023-02-21 04:15:00,21110.684301660738,21137.139051128517,21089.566908901776,21108.525549432215,554.3440167149521
2023-02-21 04:30:00,21117.27130554739,21192.14971851694,21088.501286047118,21138.275964243894,636.7973476855166
2023-02-21 04:45:00,21142.563554823635,21218.826893278463,21142.563554823635,21167.777210361575,1199.7209671288335
2023-02-21 05:00:00,21180.41133278409,21210.853345149517,21109.11868256545,21163.31398772048,579.6505355036031
2023-02-21 05:15:00,21161.270262335416,21180.314623816084,21090.453896008185,21120.67847288085,777.227352337492
2023-02-21 05:30:00,21129.89009629671,21162.08391589587,21107.99054950671,21130.70228956293,1911.478320842133
2023-02-21 05:45:00,21123.430520678317,21224.266332660078,21083.465306124617,21133.49857134971,648.8152692788959
2023-02-21 06:00:00,21142.228964482478,21191.59823080821,21109.021797631995,21155.370186391887,648.5387465589267
2023-02-21 06:15:00,21165.878660678256,21179.814509707776,21081.02260398772,21145.898406311426,1374.8937863072497
2023-02-21 06:30:00,21153.67506694944,21262.79995660684,21123.14203725484,21153.96519179709,1006.9213672050965
2023-02-21 06:45:00,21157.738958260943,21194.79513102418,21136.05218754198,21153.381832828825,694.4584595158944
2023-02-21 07:00:00,21155.725112044205,21184.150567738645,21126.197183256834,21157.472298458117,685.3575982500266
2023-02-21 07:15:00,21155.38064670251,21246.36800163106,21149.986625880545,21175.702904845235,660.0451776943343
2023-02-21 07:30:00,21173.886083757956,21211.902756561172,21105.995326948007,21151.083020761977,575.8499889503402
2023-02-21 07:45:00,21149.148683399537,21195.676198809193,21125.557560913334,21159.740229183924,811.6365161114011
2023-02-21 08:00:00,21157.630336341943,21203.85308759784,21098.26795671947,21119.484000920078,649.8761582703634
2023-02-21 08:15:00,21109.999130633347,21117.02932731907,21038.798845858168,21097.20954334979,1019.447842964131
2023-02-21 08:30:00,21087.832023373503,21141.270629205672,21082.31844257954,21105.39250172488,736.092524003595
2023-02-21 08:45:00,21113.624566266124,21186.343173335692,21072.37930639139,21122.68856978689,768.3667578655275
2023-02-21 09:00:00,21123.868645324186,21166.450763528854,21062.71144787097,21116.18361600398,1137.3923469517356
2023-02-21 09:15:00,21111.376647852427,21149.364665567893,21095.88897833708,21112.074564862596,649.6635737745426
2023-02-21 09:30:00,21113.07217062993,21184.705277373636,21101.986771187916,21116.84806133494,660.624696362647
2023-02-21 09:45:00,21109.585059966153,21143.379571812762,21036.14818741188,21086.988320152723,1856.8960072877862
2023-02-21 10:00:00,21083.555832264592,21166.16469861895,21064.178578356543,21078.479126991155,749.3495939759905
2023-02-21 10:15:00,21067.387644402435,21139.24761885722,20987.138509294957,21059.90466583005,864.8414175520687
2023-02-21 10:30:00,21060.87623441506,21125.671407676033,20998.944308704427,21100.262956532137,1623.1384236883098
2023-02-21 10:45:00,21088.10377715817,21118.396935479763,21037.8240767603,21097.074930060728,1148.0326683573737
2023-02-21 11:00:00,21102.18211320699,21136.202693490246,21084.13072654006,21118.666035460636,1060.9595827001026
2023-02-21 11:15:00,21119.113433180526,21154.89535711004,21107.994755117183,21126.31140994531,885.6459252022329
2023-02-21 11:30:00,21125.957809281415,21148.613095251323,21075.309680621544,21116.02103865723,969.1233630787939
2023-02-21 11:45:00,21114.86331364681,21154.844947990026,21073.450911329757,21131.734507209676,651.646670357223
2023-02-21 12:00:00,21124.681522530158,21193.216077113488,21096.590466034388,21115.482697019448,687.542644596426
2023-02-21 12:15:00,21110.96695061376,21164.40279510366,21087.207334646908,21131.25665781742,573.9890790770377
2023-02-21 12:30:00,21136.333583937365,21160.44359316615,21073.115766436233,21133.7584314327,1493.225546892647
2023-02-21 12:45:00,21132.837404407812,21192.92230133909,21085.401749918667,21142.815141750383,1773.6469288655894
2023-02-21 13:00:00,21133.92203969502,21220.080843970038,21066.285083074923,21144.969035052498,997.3676200767212
2023-02-21 13:15:00,21140.626449977015,21236.748008584902,21139.523785041045,21153.21185249109,622.4870929790435
2023-02-21 13:30:00,21157.252102965034,21290.117785052917,21129.586122895093,21183.3560915844,647.5597932897409
2023-02-21 13:45:00,21174.87637355355,21226.047253093013,21125.532353591003,21181.43119891782,634.2431630495586
2023-02-21 14:00:00,21171.292048290106,21292.24849581434,21131.52407129953,21212.922625942283,861.8464033326244
2023-02-21 14:15:00,21212.154851914245,21275.72510697704,21152.354239399127,21206.457773367274,743.2542234982615
2023-02-21 14:30:00,21211.692484488773,21227.350925717066,21179.97301899706,21206.08500810038,1060.698999732476
2023-02-21 14:45:00,21213.95200011287,21250.558650661605,21182.29597990772,21209.30705186716,948.8335864682164
2023-02-21 15:00:00,21211.183725162897,21307.020976270578,21173.530501365098,21252.560652521806,1956.602032237198
2023-02-21 15:15:00,21263.406477494234,21273.840262502403,21144.282143326505,21234.770651119405,543.0459552398777
2023-02-21 15:30:00,21237.93693435068,21241.37211193806,21180.266444875415,21217.309187094677,946.5944223496697
2023-02-21 15:45:00,21224.62336165425,21288.38163579406,21219.587804538827,21237.472227589125,687.6087926068839
2023-02-21 16:00:00,21234.101228324987,21308.565153799496,21224.993872947853,21242.144520129783,800.4534969076158
2023-02-21 16:15:00,21234.883687483074,21307.17690264772,21223.118453817733,21264.41591211751,1002.765900500401
2023-02-21 16:30:00,21258.980724327197,21276.29518063437,21240.78011170779,21262.21622187164,686.8036223535071
2023-02-21 16:45:00,21261.748518979,21340.420905111976,21252.681510633614,21281.64964600029,709.764915347054
2023-02-21 17:00:00,21280.561483884005,21390.05945728157,21274.380295442323,21308.299097772488,1103.9336596157239
2023-02-21 17:15:00,21311.415379197955,21406.926076443662,21293.47280920478,21325.7729782379,864.8217951306972
2023-02-21 17:30:00,21332.705652279743,21360.14709240998,21231.78804202676,21329.119024659893,886.0277378310712
2023-02-21 17:45:00,21334.079464678925,21354.26717558469,21294.200027782488,21337.16381920573,1252.0025394009638
2023-02-21 18:00:00,21328.480015222493,21376.753968504498,21282.470055669306,21347.93732929959,789.1488829902721
2023-02-21 18:15:00,21332.896716894396,21408.241592894894,21309.72699374786,21339.625979203116,830.3855893474536
2023-02-21 18:30:00,21335.284896792284,21393.908909413633,21303.379764021738,21342.8355012955,1122.6905739051017
2023-02-21 18:45:00,21335.93630835225,21369.13878204984,21309.805727695977,21353.50212230814,840.1394780469075
2023-02-21 19:00:00,21347.940017879995,21368.6143353693,21316.513881191295,21339.828777807714,818.8098888955118
2023-02-21 19:15:00,21332.132558285597,21401.107645885,21284.44808018346,21326.060247308695,1099.7527943520158
2023-02-21 19:30:00,21328.786846549225,21344.149589964705,21190.475319958572,21305.050105968767,782.7918469836134
2023-02-21 19:45:00,21285.934969199385,21341.03888098158,21285.934969199385,21319.339954756,1373.0836442099444
2023-02-21 20:00:00,21318.253642547992,21365.76706869338,21287.941661146582,21330.03976627404,685.1999560079091
2023-02-21 20:15:00,21331.730156841975,21365.73742947732,21318.61920988543,21348.49150014823,630.8229548156578
2023-02-21 20:30:00,21340.3560115452,21431.54397927972,21328.897804122025,21366.165315532326,1576.6340699182513
2023-02-21 20:45:00,21358.076055746806,21399.818515789135,21323.12605629744,21352.69899489819,761.7686122213855
2023-02-21 21:00:00,21352.047625218547,21401.40117409693,21317.96904614242,21368.89526235507,538.219421771108
2023-02-21 21:15:00,21365.608146775736,21377.50442155894,21284.465151727658,21344.084696904123,737.5478329601059
2023-02-21 21:30:00,21346.677431515003,21414.235363906533,21343.923200746933,21375.392255915805,748.8594530030858
2023-02-21 21:45:00,21371.024737217736,21384.579998428562,21288.58026921466,21348.159435899077,655.9617379265168
2023-02-21 22:00:00,21351.300602508763,21398.674703882833,21340.892629043476,21361.737250513972,803.7126870807706
2023-02-21 22:15:00,21351.659636539676,21436.619413773362,21311.639099427124,21347.895056988316,712.676515071956
2023-02-21 22:30:00,21359.31492888225,21378.74554204118,21255.98773974892,21336.688035300103,662.7141353914443
2023-02-21 22:45:00,21326.99396973195,21348.574003456673,21302.128632319706,21329.13214103686,553.4844242348166
2023-02-21 23:00:00,21322.281166854867,21460.81137334243,21282.845729582554,21339.549934813593,1402.2039676939175
2023-02-21 23:15:00,21340.406989909858,21415.088760352097,21317.318212167094,21342.47802789717,1422.1753109805516
2023-02-21 23:30:00,21337.80425756012,21375.13362448375,21314.774484019596,21356.979783680057,670.4468718478557
2023-02-21 23:45:00,21356.906844236375,21474.12273046962,21338.464722495344,21386.113916384686,848.8422403965599
2023-02-22 00:00:00,21385.721968562386,21419.373284545756,21353.010875087526,21385.905986726826,600.182037343351
2023-02-22 00:15:00,21398.326806778176,21478.0196595858,21334.46732373473,21388.34397799782,590.0635511347714
2023-02-22 00:30:00,21381.544184664057,21447.83140488573,21369.819644899646,21389.67792265933,1042.9239630384923
2023-02-22 00:45:00,21384.476496975432,21458.528288795904,21384.476496975432,21417.41552196446,727.4885329266946
2023-02-22 01:00:00,21409.44871692304,21489.606292888962,21409.44871692304,21446.940685034686,658.1234015852216
2023-02-22 01:15:00,21449.285703606707,21489.00255582889,21425.085216247604,21458.19616641761,531.4386797680461
2023-02-22 01:30:00,21462.678278784828,21517.10636717497,21418.13306095841,21459.85631707547,693.8973266716996
2023-02-22 01:45:00,21457.944006339894,21502.505112075913,21387.134566057066,21429.42840397889,988.3113565200144
2023-02-22 02:00:00,21440.83442432161,21483.411263758913,21378.87970287459,21409.697002186695,817.277979845216
2023-02-22 02:15:00,21404.12061888304,21474.70950643641,21379.403733052754,21405.302444141427,829.0520085220619
2023-02-22 02:30:00,21415.049311253,21441.404163971198,21390.415879839682,21411.795201021327,739.8220334696422
2023-02-22 02:45:00,21403.77636869896,21445.772089215952,21393.000994494403,21411.62283800415,530.1708951029985
2023-02-22 03:00:00,21414.27270238949,21454.1932172363,21378.566383257457,21415.097988523194,658.299349730715
2023-02-22 03:15:00,21418.907313952983,21433.012429603707,21335.875850602148,21410.918472904912,637.7829968583666
2023-02-22 03:30:00,21409.236586070503,21449.002189559524,21339.712151377338,21422.75992403496,2450.269595082518
2023-02-22 03:45:00,21426.11585931261,21487.15311141639,21426.11585931261,21453.525743381055,770.0508474796156
2023-02-22 04:00:00,21447.401055364877,21488.44955373277,21405.254488782703,21459.10761362208,671.836494074491
2023-02-22 04:15:00,21456.897535683333,21547.386821395998,21421.788816842247,21488.348187532443,843.2598016871999
2023-02-22 04:30:00,21492.99514123396,21521.760754999425,21459.385744847892,21502.72039952463,840.4359202726578
2023-02-22 04:45:00,21493.60563275247,21560.082261315954,21469.608210991522,21497.170754803272,611.9619968449757
2023-02-22 05:00:00,21493.64108655937,21548.326320303637,21479.213728888346,21503.77540789939,1099.413251524699
2023-02-22 05:15:00,21508.871651867223,21540.375455478705,21462.42043111262,21493.80757177447,839.4562125528759
2023-02-22 05:30:00,21495.16306808012,21495.16306808012,21426.841167976472,21456.111946899593,645.9837308683956
2023-02-22 05:45:00,21453.4307649409,21485.781465847173,21414.450271449758,21468.206120820054,617.1597426636142
2023-02-22 06:00:00,21464.930902340544,21516.17449387935,21445.359236366963,21477.032689780703,775.031756571495
2023-02-22 06:15:00,21491.837260188484,21570.74509789581,21418.098379591862,21478.7333820552,563.7157435482615
2023-02-22 06:30:00,21482.364294504096,21503.313549058963,21380.6222458585,21478.837320054987,846.935488740592
2023-02-22 06:45:00,21475.552506140782,21521.491657028128,21475.552506140782,21496.113748263666,679.5067306027295
2023-02-22 07:00:00,21493.633252783853,21579.78677981205,21456.774751745983,21520.01983653252,2194.3119877310673
2023-02-22 07:15:00,21534.27785682117,21564.426951446563,21468.62107942991,21513.070588476163,1416.737111646014
2023-02-22 07:30:00,21520.294535539182,21549.354043883977,21452.357198234513,21518.924978334417,1342.706058067816
2023-02-22 07:45:00,21507.412487671998,21584.04805777445,21472.66896694086,21530.3707003366,719.5671192008509
2023-02-22 08:00:00,21532.53959968353,21583.444788944355,21472.43057972997,21543.885072208177,833.175642121167
2023-02-22 08:15:00,21543.94021538443,21572.348806703645,21477.673265451733,21544.171463957406,625.8744247954252
2023-02-22 08:30:00,21554.464097658554,21573.158596756624,21481.755990130307,21531.638240632554,564.3706022464177
2023-02-22 08:45:00,21527.94563377493,21568.031377679337,21508.74913151729,21537.88339977575,612.8632285891847
2023-02-22 09:00:00,21539.352799005712,21567.88588596421,21487.963775659075,21512.369651913574,577.6341582750906
2023-02-22 09:15:00,21507.545348319738,21511.95029669454,21412.38637450888,21468.87091904987,1609.8788200431643
2023-02-22 09:30:00,21471.868416494053,21584.706297106823,21430.935640127296,21487.819389781267,918.1565697432025
2023-02-22 09:45:00,21486.02228492484,21582.303970772246,21484.24801941313,21501.474171510094,1522.207501284875
2023-02-22 10:00:00,21504.184157369586,21544.560021332145,21435.636148565696,21489.347741069978,972.3244817496347
2023-02-22 10:15:00,21490.493207485953,21508.439356606716,21466.674630314108,21493.02362860134,654.3254697725407
2023-02-22 10:30:00,21480.599775540126,21510.269213436128,21457.56199054587,21486.484474598412,717.4655782042581
2023-02-22 10:45:00,21488.23294304227,21542.49178548107,21488.23294304227,21514.50161671487,814.127320627653
2023-02-22 11:00:00,21511.118198735185,21535.623669181856,21484.167111370258,21505.293326797844,594.1213872096656
2023-02-22 11:15:00,21498.752351506228,21537.148817694502,21413.93280635087,21481.565997375597,609.1776894870981
2023-02-22 11:30:00,21470.01304870987,21523.449228035905,21454.198722340192,21494.231135537946,646.0023793954098
2023-02-22 11:45:00,21493.091427638,21528.28493801588,21444.94758953727,21491.35534086905,676.4152966244361
2023-02-22 12:00:00,21488.514637416625,21525.139978700176,21463.34238466092,21500.75506137829,780.4119814009257
2023-02-22 12:15:00,21513.566862370204,21604.19454350481,21428.952511841817,21508.181972752944,912.6315709362256
2023-02-22 12:30:00,21502.827279073077,21588.02530516343,21490.6750326532,21537.71827257039,651.2365859392759
2023-02-22 12:45:00,21542.79381743138,21650.85035012195,21533.23392748376,21547.12334998503,631.29346355632
2023-02-22 13:00:00,21541.990101449293,21591.236052461507,21510.260203967886,21555.915524151,640.675608946651
2023-02-22 13:15:00,21562.011716458175,21594.06438654,21502.034791072732,21559.48267453776,835.2684795373907
2023-02-22 13:30:00,21560.067974812013,21651.756161145084,21560.067974812013,21584.261204658673,1782.263426078258
2023-02-22 13:45:00,21587.48802617378,21637.83026857275,21564.888466765533,21593.395713582435,624.5140014315339
2023-02-22 14:00:00,21594.148995037616,21683.59882381417,21559.522833688654,21617.347363613328,1028.4222067803678
2023-02-22 14:15:00,21617.807919805884,21651.068614850312,21524.836553544737,21622.784121086635,1076.229860759769
2023-02-22 14:30:00,21621.920723783096,21674.920588206627,21605.564989073868,21635.395925253386,675.4370820163101
2023-02-22 14:45:00,21631.97416999921,21672.90272172806,21551.750957184835,21628.654122090018,1475.6256161444455
2023-02-22 15:00:00,21625.557257043532,21642.19212749153,21565.770216672114,21595.673034840158,592.4471911649499
2023-02-22 15:15:00,21597.04201166737,21605.12972718127,21545.35262765257,21585.41017379487,1597.2980226124132
2023-02-22 15:30:00,21603.164207370268,21605.433220425017,21526.64018875506,21550.905883630447,650.2270340596323
2023-02-22 15:45:00,21548.11504708181,21558.602417948685,21506.300329450594,21538.744442201067,602.4537881381884
2023-02-22 16:00:00,21540.52362626304,21624.41429829009,21533.143708194333,21575.513827369025,746.4667588964007
2023-02-22 16:15:00,21577.069147340262,21616.104819386524,21531.032419764924,21575.791705201125,689.292343844737
2023-02-22 16:30:00,21581.220768212115,21656.52338543542,21563.683104002666,21589.92820620953,1007.702039141883
2023-02-22 16:45:00,21588.83458632897,21649.665278395394,21517.72015532087,21565.393108140794,586.6798758448349
2023-02-22 17:00:00,21566.768308798528,21588.781723865875,21499.91176588579,21570.443724884106,1142.343770606153
2023-02-22 17:15:00,21559.497690665943,21593.02845272965,21472.069196044413,21553.29950098879,1446.908011366766
2023-02-22 17:30:00,21557.103314890577,21594.32307753737,21557.103314890577,21576.430031593816,1431.3196751751664
2023-02-22 17:45:00,21585.469469309828,21618.298585678695,21468.822760661573,21552.058344740628,833.9963615249986
2023-02-22 18:00:00,21551.423870066148,21553.791497943777,21499.97503695315,21536.34835468923,808.3927680010812
2023-02-22 18:15:00,21534.94139476843,21583.856440701005,21479.45007756344,21526.80643701067,657.3445032649104
2023-02-22 18:30:00,21520.0263846573,21588.910941764654,21495.739081553394,21528.26302688316,651.4247756797333
2023-02-22 18:45:00,21533.038014028058,21557.297280189938,21442.62697488925,21509.53279868358,589.2497054577295
2023-02-22 19:00:00,21511.971095035573,21541.751199328137,21446.9831880197,21504.18175980492,1061.8893661483792
2023-02-22 19:15:00,21507.131021582158,21528.444965086757,21439.36116709423,21456.58903850677,1139.5851055384583
2023-02-22 19:30:00,21449.388819041797,21581.650440407142,21449.388819041797,21499.6981517786,675.7628242663931
2023-02-22 19:45:00,21508.231489809248,21508.231489809248,21402.391847704082,21473.543057084684,1054.7679853069467
2023-02-22 20:00:00,21468.95028830698,21503.60659067289,21440.54086191089,21479.14668116934,552.4869021379785
2023-02-22 20:15:00,21476.504972379855,21546.896582030717,21427.00367505779,21508.3105472037,582.2944767601492
2023-02-22 20:30:00,21501.27853100737,21637.507906633255,21451.01544386628,21524.60514475096,699.0905817623087
2023-02-22 20:45:00,21528.689550373656,21571.537730433854,21456.36132248998,21545.555744294972,761.8059411144548
2023-02-22 21:00:00,21552.054105213465,21598.97063081612,21541.59972109572,21572.271083600594,621.3331154852847
2023-02-22 21:15:00,21566.602699242725,21583.918439201294,21538.02654607941,21559.060200017946,1079.5359628374308
2023-02-22 21:30:00,21548.29850475531,21585.86999256613,21520.087555866034,21549.97551554134,604.4875831165918
2023-02-22 21:45:00,21549.242160606445,21571.46089018437,21493.516282237568,21528.564391323805,1505.0445160710906
2023-02-22 22:00:00,21533.455652049783,21576.82613143896,21458.296929868287,21530.290107102945,986.4172234944052
2023-02-22 22:15:00,21530.70838226022,21617.973647497594,21510.234875228904,21546.531030917344,1269.566759986388
2023-02-22 22:30:00,21558.05175661644,21598.549210442336,21513.28809552574,21552.188858814534,843.902267158674
2023-02-22 22:45:00,21543.868819192416,21596.6092912781,21520.44951695971,21557.605667758642,737.9348241549701
2023-02-22 23:00:00,21550.45176648102,21598.125937380773,21486.34731287579,21543.02055812257,567.3985465208517
2023-02-22 23:15:00,21547.57910017643,21605.73159781799,21515.3835204399,21556.694152039578,1052.9787882446858
2023-02-22 23:30:00,21563.621756884182,21563.621756884182,21507.765281467022,21525.138984822832,643.6244861620015
2023-02-22 23:45:00,21529.394678440698,21555.11054314223,21439.955075031532,21512.192962218465,537.4746418760526
2023-02-23 00:00:00,21513.883932985646,21601.713484080014,21465.47478757061,21540.75444634217,752.3271142447694
2023-02-23 00:15:00,21533.729810724384,21614.81148094168,21519.150999111054,21584.18333644776,997.5013897317381
2023-02-23 00:30:00,21589.62075654253,21641.830672941964,21563.57430128848,21599.722150731144,886.6211651671647
2023-02-23 00:45:00,21596.30858568725,21638.5943252894,21547.08936012812,21603.902709598686,688.1896370745919
2023-02-23 01:00:00,21595.296591126527,21632.722611974394,21542.09577662898,21566.77917219616,613.9436084819159
2023-02-23 01:15:00,21571.3455946113,21571.3455946113,21416.10180900856,21505.9562305012,1127.6883737272572
2023-02-23 01:30:00,21517.482757997033,21541.154855430214,21449.831745115433,21481.38559504955,1400.2738135715495
2023-02-23 01:45:00,21479.042492298315,21591.131160209265,21468.69573576912,21514.915167822113,610.7030567696231
2023-02-23 02:00:00,21502.959128573908,21569.077949864928,21433.65457630904,21507.235463245306,564.6163946306759
2023-02-23 02:15:00,21515.32986919403,21564.288579905286,21458.258678581045,21492.254940759798,573.916246485037
2023-02-23 02:30:00,21485.15393922018,21556.888911521874,21411.12032513409,21465.14126362836,739.0270034657168
2023-02-23 02:45:00,21470.24860538827,21474.819152017397,21393.80503877616,21452.018801863298,637.871280403585
2023-02-23 03:00:00,21464.54690852325,21472.729186106335,21414.943958069605,21439.697019638294,800.2374955684933
2023-02-23 03:15:00,21440.21592738935,21479.550994981702,21436.842659654954,21463.216923662618,1354.5067007505252
2023-02-23 03:30:00,21466.95238179588,21471.53070875214,21417.03559675141,21445.412378952482,1184.242560234185
2023-02-23 03:45:00,21452.28825911708,21452.28825911708,21298.310538799862,21399.32972108701,912.9068400015838
2023-02-23 04:00:00,21396.89868827108,21455.98516241113,21355.147227103516,21404.945515800242,1440.010659383068
2023-02-23 04:15:00,21411.629170490345,21439.616863708063,21314.08417262604,21420.947770303523,973.4797916892337
2023-02-23 04:30:00,21424.650117307378,21462.55904353018,21355.185216618916,21421.53212531988,565.8569287532185
2023-02-23 04:45:00,21414.752654676682,21447.111592730544,21406.664268214947,21432.04123424709,1036.9825762986236
2023-02-23 05:00:00,21435.013559605042,21474.449472501572,21404.612619648164,21439.41947588114,1223.0579577001317
2023-02-23 05:15:00,21435.44414801876,21466.52527487218,21411.835695934922,21431.416638863368,570.1074374669791
2023-02-23 05:30:00,21434.382735644012,21503.077401294762,21428.63023693147,21448.421581583538,694.2825766104473
2023-02-23 05:45:00,21446.718569837936,21559.84401469925,21386.743539056733,21480.953542712425,618.5268259784918
2023-02-23 06:00:00,21477.73267231823,21529.208900269976,21477.73267231823,21515.573099904323,586.565869064477
2023-02-23 06:15:00,21506.30989239293,21592.643785962886,21422.96116072597,21516.182332410062,616.6942704627539
2023-02-23 06:30:00,21516.982626567908,21586.024515321085,21476.957570540166,21536.911541426467,985.9063690670837
2023-02-23 06:45:00,21531.81790148003,21671.12530299041,21518.09916648031,21562.22242462554,643.645817683935
2023-02-23 07:00:00,21559.60411800794,21654.508863009538,21559.60411800794,21587.47820043689,602.2370644366677
2023-02-23 07:15:00,21584.954228886796,21623.85378453803,21546.83853336658,21586.275896245323,820.3600631897301
2023-02-23 07:30:00,21572.214725037302,21627.540169114094,21553.420462076814,21581.06955743919,1050.4840576118936
2023-02-23 07:45:00,21586.618300789007,21586.618300789007,21538.07285482541,21569.235632871783,607.6749904168438
2023-02-23 08:00:00,21572.395443694055,21614.231453797714,21516.81442563873,21564.345258540914,668.5037761772238
2023-02-23 08:15:00,21563.975397571725,21665.619523497437,21542.884100439882,21569.456707108264,575.0634073025153
2023-02-23 08:30:00,21573.707831493462,21591.624919293343,21532.56072680275,21573.61910068898,722.2740056535488
2023-02-23 08:45:00,21584.085018350528,21584.085018350528,21519.44017860962,21563.34433450845,1487.0090230389899
2023-02-23 09:00:00,21571.748800519377,21602.01413421567,21502.917168976826,21572.007018669283,880.7801422178745
2023-02-23 09:15:00,21581.76359415756,21626.34214952039,21526.25448103577,21563.94156217537,631.6793013022146
2023-02-23 09:30:00,21558.43426536971,21649.24915954298,21534.86281695363,21574.812840460672,529.9190914951616
2023-02-23 09:45:00,21578.694876238787,21631.02773953683,21508.450817560075,21592.603883794738,967.2811400666925
2023-02-23 10:00:00,21598.67958671497,21647.294707995967,21472.95583277905,21583.486441096287,933.9655060673988
2023-02-23 10:15:00,21575.430970012752,21650.028241801647,21575.430970012752,21624.629830116122,732.8802431698874
2023-02-23 10:30:00,21628.589498282367,21704.658060753696,21628.589498282367,21645.140505079573,711.8262760757785
2023-02-23 10:45:00,21637.496846916252,21691.6174834387,21637.496846916252,21677.25112614423,1211.8440364789308
2023-02-23 11:00:00,21684.8972223975,21692.765881712,21601.56292284923,21642.3404418429,2165.5033365026725
2023-02-23 11:15:00,21638.201694925505,21730.683936730708,21629.30013733414,21663.267283917015,1059.699688814465
2023-02-23 11:30:00,21668.531038404635,21691.620476650744,21640.60039516692,21661.829457967,539.9420223508528
2023-02-23 11:45:00,21658.84543655262,21693.33862459774,21628.036366604112,21670.809916074693,577.7008036238016
2023-02-23 12:00:00,21673.41580149465,21717.95213681211,21579.477732217932,21656.042254894663,713.5455639886524
2023-02-23 12:15:00,21656.367182871512,21740.171365373793,21628.809271592512,21683.65252389076,694.0231103642718
2023-02-23 12:30:00,21679.768398534252,21732.074363314034,21605.561281313676,21685.270705937004,514.9092085486485
2023-02-23 12:45:00,21683.65965847956,21686.732562062996,21605.585687909712,21672.393905896937,698.3739399098331
2023-02-23 13:00:00,21673.399528424517,21750.220993150277,21640.308998455497,21695.323510950544,621.7293246437509
2023-02-23 13:15:00,21712.019363157542,21712.19031665507,21652.724328824635,21699.095738945765,1019.0091469081166
2023-02-23 13:30:00,21706.95322690049,21765.202630144366,21622.690671351094,21705.7060108542,555.2136049041354
2023-02-23 13:45:00,21710.361431586003,21736.622435031197,21668.378175345242,21696.35566984224,1203.160392588255
2023-02-23 14:00:00,21706.04720950317,21806.902507834446,21654.022497551712,21711.856380288176,582.6013471879434
2023-02-23 14:15:00,21718.819259758897,21724.9932873314,21646.249140443408,21696.972035248382,883.0012005439416
2023-02-23 14:30:00,21705.11066984669,21747.093676115794,21618.981242421218,21674.990852389168,559.5308539155578
2023-02-23 14:45:00,21677.415223945576,21734.73557147542,21652.45950332357,21680.58242953731,674.4793032481625
2023-02-23 15:00:00,21686.90095808465,21728.676695183156,21649.24679023929,21679.62237772146,656.38531961808
2023-02-23 15:15:00,21677.718816196313,21720.709242118734,21670.543464459326,21692.44084322131,779.540400066923
2023-02-23 15:30:00,21695.41212990765,21741.5181474877,21667.644874997182,21699.04535210914,687.1583725019248
2023-02-23 15:45:00,21693.059060398195,21760.55598973296,21658.572384509156,21709.057441515266,667.1480669863857
2023-02-23 16:00:00,21705.041598806612,21763.36842769002,21705.041598806612,21725.600886998072,621.2742698260165
2023-02-23 16:15:00,21732.555767241858,21760.19906944962,21676.76330976279,21725.863596268522,643.465849262677
2023-02-23 16:30:00,21730.182434390168,21804.405348908593,21692.575110740145,21734.55104996285,693.4074067289071
2023-02-23 16:45:00,21739.91975850145,21773.33563772331,21651.310801902684,21718.708487311782,748.3018929805274
2023-02-23 17:00:00,21723.63706851694,21723.63706851694,21638.85135718112,21693.953802648328,565.7793916780756
2023-02-23 17:15:00,21696.039382907784,21706.955970058247,21653.069380239533,21689.534164650428,810.9846619358822
2023-02-23 17:30:00,21693.140829895983,21761.589527920616,21620.19391708911,21662.435675354398,924.1983195421416
2023-02-23 17:45:00,21664.481322520427,21692.061128099085,21644.911746438705,21666.741213813624,798.8546003968407
2023-02-23 18:00:00,21667.672148026897,21716.837426668426,21649.35829051095,21665.469468578096,1116.659089558085
2023-02-23 18:15:00,21667.353063884562,21711.002925523473,21655.07798284268,21683.47438130087,1637.6580424368833
2023-02-23 18:30:00,21681.059549560505,21759.4614754424,21643.924616715947,21701.59106580859,724.0666543815751
2023-02-23 18:45:00,21703.072500148715,21720.189597828874,21650.54520065212,21681.082068281343,1017.2540183135395
2023-02-23 19:00:00,21680.497415780006,21729.752226385397,21652.355278022,21688.084715633366,1355.6852815673565
2023-02-23 19:15:00,21680.82128613757,21778.944506592135,21680.82128613757,21705.229694966223,553.1679732862038
2023-02-23 19:30:00,21717.625523737614,21740.34310157164,21689.47033368838,21702.525583818842,537.5656284562675
2023-02-23 19:45:00,21708.15018316799,21715.71199761206,21657.922594653028,21684.471306760017,802.4883863485646
2023-02-23 20:00:00,21682.9502176306,21764.360205700028,21677.305948925445,21716.251278004554,1193.2713491786217
2023-02-23 20:15:00,21724.000853182493,21775.26205911909,21711.655767972843,21761.346277778594,727.1292244622095
2023-02-23 20:30:00,21767.351556512644,21767.351556512644,21713.40149521044,21739.43817611108,1092.4252529332537
2023-02-23 20:45:00,21744.722308158012,21797.064122982018,21667.50408831296,21718.815147574744,874.0479670416735
2023-02-23 21:00:00,21730.034883086926,21766.920461466143,21697.718324220812,21716.053922930656,1537.0236516504922
2023-02-23 21:15:00,21716.351958639636,21716.351958639636,21625.840562756424,21687.58806965997,888.6069506862084
2023-02-23 21:30:00,21701.787181389904,21701.787181389904,21640.823755104073,21662.245429916486,778.3754063479466
2023-02-23 21:45:00,21668.325170508313,21729.653804981182,21620.111938423048,21679.353256372786,850.2628473001475
2023-02-23 22:00:00,21673.389852191245,21697.899923423447,21592.54853798858,21657.529153549436,1689.204175793899
2023-02-23 22:15:00,21666.578307118598,21754.36048683307,21649.01722729438,21705.42310192731,1017.2576339332207
2023-02-23 22:30:00,21716.475795043974,21762.314300401038,21656.77269376995,21697.437888098393,548.4731035106117
2023-02-23 22:45:00,21696.965939779773,21741.955956305304,21648.26707962265,21711.806880982178,563.5297911197302
2023-02-23 23:00:00,21714.139864587527,21750.834355545823,21610.30644437345,21708.396893894824,508.33084416044227
2023-02-23 23:15:00,21705.885453051542,21778.48130615906,21700.36386541466,21729.451852494403,1203.0985279617419
2023-02-23 23:30:00,21739.64971286248,21739.64971286248,21656.82267036049,21698.296043087106,669.6036415378838
2023-02-23 23:45:00,21698.18825857721,21755.36800240248,21647.259933434252,21704.96736129902,1516.8667590229636
2023-02-24 00:00:00,21697.581417332334,21782.217252715152,21673.779211772373,21718.279636912703,719.5010243660225
2023-02-24 00:15:00,21715.665563501498,21812.508432394043,21603.73316207973,21697.90925282212,2725.9163858641896
2023-02-24 00:30:00,21693.749553557955,21756.271312935638,21693.749553557955,21724.70354365962,680.3803872881645
2023-02-24 00:45:00,21718.852413115033,21791.54987140076,21669.909961849124,21700.878107790428,1266.0648864795362
2023-02-24 01:00:00,21700.89150180078,21763.684461501867,21678.020414148723,21694.593208199538,594.0276135018463
2023-02-24 01:15:00,21701.217310580218,21770.783523095855,21640.593985390744,21698.55272649462,603.13472005244
2023-02-24 01:30:00,21706.221971454892,21752.239693478343,21700.457618504737,21716.05821291858,583.5580589642603
2023-02-24 01:45:00,21719.325254464304,21787.533895160246,21647.10154341925,21757.336452307667,638.1305531943219
2023-02-24 02:00:00,21761.42530290572,21804.101060153258,21720.301330979677,21766.17150342211,536.3551722000144
2023-02-24 02:15:00,21763.549007490205,21786.302003255343,21714.74370331835,21751.47636571228,1591.2665605999148
2023-02-24 02:30:00,21745.16756793319,21843.231221696413,21717.485967344528,21754.209521152334,660.1532643950343
2023-02-24 02:45:00,21750.373180438703,21774.269680686855,21725.310791973214,21756.93701996821,1133.8270774144069
2023-02-24 03:00:00,21757.802195437584,21759.95600985916,21696.070934897958,21729.18543549748,791.1404049016888
2023-02-24 03:15:00,21732.79070853223,21732.79070853223,21653.12842147175,21702.626194531724,611.5239533512298
2023-02-24 03:30:00,21714.219197509614,21815.854325950804,21685.396830468675,21728.000299590272,724.0807009133008
2023-02-24 03:45:00,21716.759109916446,21772.15238611696,21716.759109916446,21735.421780693654,593.3899683459456
2023-02-24 04:00:00,21731.358764159744,21799.4171558988,21731.358764159744,21775.04541295066,1415.403528651943
2023-02-24 04:15:00,21775.809775676,21841.741184304366,21759.906549060473,21818.496114399586,792.8466441739233
2023-02-24 04:30:00,21821.66441774711,21883.150692697673,21801.662770547056,21823.328989470177,661.8288359632865
2023-02-24 04:45:00,21818.91652754308,21907.554446042606,21780.27896650174,21821.067731646057,531.0299084099918
2023-02-24 05:00:00,21813.202063104553,21848.603962322028,21720.731594617053,21822.714149836796,544.2901417681719
2023-02-24 05:15:00,21836.70850897762,21850.204178871183,21759.908500006815,21785.161420091925,1033.315240118782
2023-02-24 05:30:00,21787.444931947222,21848.30149929373,21737.284668254466,21789.12693373602,757.3919591561977
2023-02-24 05:45:00,21785.56935207153,21887.50092460741,21763.86636294311,21811.800907897894,880.6463917392961
2023-02-24 06:00:00,21811.44049939424,21852.36441093717,21754.57167426854,21819.90237160641,897.5427178788907
2023-02-24 06:15:00,21828.227057657354,21922.24310551747,21826.569639525092,21840.796444756397,630.7624536339913
2023-02-24 06:30:00,21831.26049234879,21846.03152779116,21794.75282347772,21827.68048305079,2534.00833556311
2023-02-24 06:45:00,21825.71061219006,21908.407604605898,21782.720475085556,21814.57678364911,839.8254941676223
2023-02-24 07:00:00,21819.420733092484,21877.936194211183,21766.327722331185,21823.259783435737,567.6926183897302
2023-02-24 07:15:00,21825.99942476406,21850.937008400168,21785.30319941502,21831.865508290193,1062.616476720151
2023-02-24 07:30:00,21826.004862535934,21871.863865436084,21774.108911131854,21815.939833301385,660.7560005410543
2023-02-24 07:45:00,21807.65143254249,21955.955538907096,21807.65143254249,21882.42773703923,995.3682230751047
2023-02-24 08:00:00,21894.000452778113,21969.11526874285,21894.000452778113,21918.93821208589,731.1231144144014
2023-02-24 08:15:00,21916.79733495215,21968.68196867361,21914.409659690984,21941.735457116763,720.1836748300905
2023-02-24 08:30:00,21926.315520424978,21976.61896702874,21873.411033158576,21956.710561562595,1452.8100087916425
2023-02-24 08:45:00,21963.03647913149,21984.095219605304,21914.766251223442,21953.18402636636,552.0054897667819
2023-02-24 09:00:00,21957.168367223705,21979.454765924685,21901.84687813602,21964.26029614908,552.7366372649026
2023-02-24 09:15:00,21957.390499249086,22074.800899232345,21926.67335854563,21974.85953020861,818.940735190759
2023-02-24 09:30:00,21974.74449384481,21989.418285614764,21928.475783621987,21966.15269981635,654.3276806730078
2023-02-24 09:45:00,21973.991729586985,22025.510506019666,21912.323625298974,21953.881404281157,580.8660099902909
2023-02-24 10:00:00,21951.2091001599,21965.00971096668,21888.296988468992,21930.174255383336,1983.8420813376185
2023-02-24 10:15:00,21924.405592148276,21986.72545823173,21923.509071656692,21951.762137266265,1433.5759184639799
2023-02-24 10:30:00,21946.94750070219,21966.56329957578,21916.469482554952,21946.20488684337,1404.5384886671852
2023-02-24 10:45:00,21952.01669584132,21968.054118028795,21914.485104806514,21954.028870079183,614.4352004761088
2023-02-24 11:00:00,21954.892735844584,21954.892735844584,21857.60324238838,21897.336604176355,690.2225876414337
2023-02-24 11:15:00,21892.609946220942,21966.902803683603,21855.63927380029,21930.797707353002,1815.5284147902328
2023-02-24 11:30:00,21929.916931335214,21953.071035554964,21815.428654068488,21914.66783504003,601.194348695473
2023-02-24 11:45:00,21917.368582025763,21967.876396423588,21860.773046994113,21916.20888333173,572.9293989416532
2023-02-24 12:00:00,21914.98795957972,21974.3320469494,21896.077188097643,21924.46052705975,579.584114517266
2023-02-24 12:15:00,21927.45638991501,21971.53339045735,21816.846099003902,21894.872596854493,1696.9725245600953
2023-02-24 12:30:00,21912.48736958717,21912.48736958717,21850.623849932108,21885.700447710613,598.4011473427746
2023-02-24 12:45:00,21884.193605228786,21927.205618271444,21814.06429255403,21888.9006890381,511.7789070327736
2023-02-24 13:00:00,21886.291729976718,21964.75481255948,21848.713108110096,21894.246454269174,688.6552675172337
2023-02-24 13:15:00,21894.392958396482,21894.392958396482,21808.577231815285,21858.671579346832,586.1796758737376
2023-02-24 13:30:00,21859.428115587343,21903.49132374917,21795.999166238973,21873.017709287065,1525.3074075088846
2023-02-24 13:45:00,21866.836689773387,21942.304342306183,21852.06084216819,21869.582336403077,586.2619564476497
2023-02-24 14:00:00,21885.09765349791,21931.292350327465,21871.83176635685,21896.759056618423,613.7268080794886
2023-02-24 14:15:00,21895.734721075656,21903.284211807484,21812.360213420896,21874.901439386365,556.5461106345743
2023-02-24 14:30:00,21875.567250447475,21984.814143110747,21816.394847758922,21870.83363739608,1196.4787465774298
2023-02-24 14:45:00,21867.954674508488,21920.350953236688,21848.785282693843,21883.58964920901,628.4857929016443
2023-02-24 15:00:00,21893.004354559547,21951.95219102641,21878.325868732398,21925.13993862295,603.8764137928894
2023-02-24 15:15:00,21935.30777118177,21965.697247778895,21891.33408064204,21926.43212446093,721.7660276696454
2023-02-24 15:30:00,21929.1231209671,21989.952841883023,21929.1231209671,21976.51917386951,654.6969613230654
2023-02-24 15:45:00,21981.048782677975,21997.114311055553,21944.24110469911,21971.029432877476,582.6071265951039
2023-02-24 16:00:00,21967.200331989847,21986.053461216165,21887.270104248764,21944.54361887179,833.4074650197493
2023-02-24 16:15:00,21939.229470982656,21941.02633927527,21814.81335261101,21925.06558966242,973.1993228750882
2023-02-24 16:30:00,21922.778632628426,21933.554869358082,21882.953799300994,21918.20607644,602.365931598261
2023-02-24 16:45:00,21917.457214474143,21985.307624596688,21846.405181096332,21912.74024503931,962.760336949761
2023-02-24 17:00:00,21910.09635397821,21976.18346155839,21886.867671172746,21931.335361185007,670.3283001416754
2023-02-24 17:15:00,21928.611069471845,21953.448627898826,21880.55524387137,21906.61415266433,1005.0427866575111
2023-02-24 17:30:00,21909.827141229223,21954.25505108859,21866.551123299578,21906.740773002814,601.6480348367705
2023-02-24 17:45:00,21914.762897909375,21914.762897909375,21857.876052844116,21880.16996180456,608.424511820813
2023-02-24 18:00:00,21889.870705675035,21951.39506483535,21826.05349924391,21877.912522693834,946.7350986009178
2023-02-24 18:15:00,21873.078091897183,21919.63317289992,21845.262394941645,21902.370868896647,726.0457205990267
2023-02-24 18:30:00,21906.902545227447,21911.593856293486,21861.978385726434,21894.767314507437,604.9532139817808
2023-02-24 18:45:00,21893.302986462033,21956.085131103508,21881.017391624446,21917.144934132823,2380.675670161765
2023-02-24 19:00:00,21920.61268659251,21960.204375845173,21876.326339546187,21937.911508102465,641.3181117381242
2023-02-24 19:15:00,21937.0986518053,22068.284624164342,21929.748462477044,21973.641831242287,686.5183773984878
2023-02-24 19:30:00,21975.517354365456,22013.25345004558,21913.6057771536,21976.148997987,509.9923001524452
2023-02-24 19:45:00,21986.077612058663,22042.438160297712,21925.043206283903,22018.373583934863,1340.2809305389476
2023-02-24 20:00:00,22025.762882817064,22083.069314889177,21991.053644507534,22014.00756893815,646.3205109798649
2023-02-24 20:15:00,22013.658847022238,22014.659303064054,21967.671279863447,21994.09020259347,1754.3813614831015
2023-02-24 20:30:00,21997.298725681234,22005.041938458686,21915.820274200283,21989.176987881016,1246.1313484407249
2023-02-24 20:45:00,21990.590698863034,22010.03863598985,21947.262891518323,21992.717797166613,894.1765098703393
2023-02-24 21:00:00,21989.680743206143,22005.909920941052,21931.673084034494,21988.26002667277,810.6730784516401
2023-02-24 21:15:00,21984.2941543771,21984.2941543771,21929.33491274996,21960.54198929947,1275.4847699003649
2023-02-24 21:30:00,21959.59203910985,21959.59203910985,21861.011014823653,21931.06136260829,695.3210349512461
2023-02-24 21:45:00,21926.365150242244,21989.527275210854,21905.260151220147,21930.588849463697,2367.803879339383
2023-02-24 22:00:00,21925.43278316383,21964.227361923084,21877.182769045638,21944.34085048229,624.669666948747
2023-02-24 22:15:00,21946.15789365221,21984.681888676285,21886.29683873837,21948.2526456725,514.0962226470361
2023-02-24 22:30:00,21939.96387557907,22009.862022938178,21939.96387557907,21995.28169912771,959.936677876731
2023-02-24 22:45:00,22001.08761412445,22030.462704838108,21968.16590158903,21993.89514631599,673.6352190972065
2023-02-24 23:00:00,21988.64302184404,22038.79654978565,21988.64302184404,22009.51534383395,617.5993575511136
2023-02-24 23:15:00,22022.489191573142,22031.20481818988,21981.69638447285,22000.739691385097,613.1019431199087
2023-02-24 23:30:00,21991.559095246364,22054.619026210577,21959.03329779811,22007.434242316995,714.4914316240834
2023-02-24 23:45:00,22016.40811213067,22030.895810089147,21967.59643181701,22000.632111052524,978.1891545714855
2023-02-25 00:00:00,21991.68241448443,22042.932139315282,21989.69094085559,22023.890676678016,1432.663593580722
2023-02-25 00:15:00,22021.901319816152,22062.087801761685,22021.673072018002,22036.194158987768,544.2312253368125
2023-02-25 00:30:00,22034.361511083705,22043.87812594903,21968.39062476205,22017.35280910757,612.945619593235
2023-02-25 00:45:00,22022.108237760567,22057.0221088861,22011.401512516575,22028.106713656347,697.6736531094696
2023-02-25 01:00:00,22020.376208538804,22059.548946631166,21988.703751812725,22039.34758353222,642.0678072588732
2023-02-25 01:15:00,22037.638357255695,22084.603711987216,21933.811909139786,22043.678770032657,1145.2852386294785
2023-02-25 01:30:00,22054.88743414101,22054.88743414101,21964.918524026158,22018.902038081706,1833.052920513435
2023-02-25 01:45:00,22016.37982347479,22053.635342264344,21989.757024451803,22015.989289877678,1581.0811189373237
2023-02-25 02:00:00,22021.637835921352,22076.012179657966,22010.32510743422,22041.7218180198,708.6913699960542
2023-02-25 02:15:00,22045.1447008235,22115.96861070564,22024.748333257507,22056.33301949685,591.3939970767344
2023-02-25 02:30:00,22060.284431737207,22144.314639052038,22005.545052756883,22048.4873425403,1181.0169914423038
2023-02-25 02:45:00,22046.103540626333,22120.03814503924,22013.559351661737,22049.69943625645,528.638269230078
2023-02-25 03:00:00,22053.447234069336,22071.309834558237,21989.107459823434,22036.231914783762,882.3250518258416
2023-02-25 03:15:00,22032.58686567554,22077.306496770252,21972.229625644206,22055.754548095683,1068.360881895993
2023-02-25 03:30:00,22053.00870887849,22063.943792970473,21944.606445565398,22013.512296500805,1610.5098103605314
2023-02-25 03:45:00,22001.91514381255,22080.145057835536,22001.91514381255,22060.39804438123,2386.8170027379683
2023-02-25 04:00:00,22060.47039699012,22129.615087414502,22044.67394661774,22079.02340178795,546.0861101882845
2023-02-25 04:15:00,22078.318904555083,22108.217603698686,21989.576871427686,22055.716339044855,566.4261061196362
2023-02-25 04:30:00,22051.537401768084,22068.72132180926,21991.259977455553,22052.70725535528,863.046509869654
2023-02-25 04:45:00,22054.16379450071,22067.328412547962,22020.085910975846,22046.203925583017,686.9495630547369
2023-02-25 05:00:00,22040.268425793376,22081.004005044473,22002.493805696653,22051.772307709856,543.8489856653739
2023-02-25 05:15:00,22056.88196049632,22084.693756483033,22020.557695608335,22055.520591251934,525.8330158900862
2023-02-25 05:30:00,22068.572356903576,22143.83094393332,22031.307653978423,22071.880844928983,1199.9334206275196
2023-02-25 05:45:00,22076.932039172378,22133.416399749294,22074.220701574555,22111.641704710582,1535.5470917379632
2023-02-25 06:00:00,22110.42068187345,22163.33501094692,22110.42068187345,22135.280904568182,888.9657735419427
2023-02-25 06:15:00,22135.035120112803,22136.6530039524,22089.32719712132,22112.406087896306,1460.137947167473
2023-02-25 06:30:00,22116.275908088544,22197.481098848533,22081.553726061236,22137.847109724324,621.3706088202537
2023-02-25 06:45:00,22145.400289965175,22178.325719961773,22090.76941078595,22135.00913826101,570.6626895240933
2023-02-25 07:00:00,22140.72363395664,22190.896333469766,22136.866029240482,22161.88052316852,1180.7804857420726
2023-02-25 07:15:00,22168.191572141335,22205.837419700554,22142.945804088486,22173.91287886154,1008.7193460666952
2023-02-25 07:30:00,22172.66800677303,22198.00901465397,22136.482425047765,22151.59197823643,619.9319690186333
2023-02-25 07:45:00,22155.287098431178,22193.38166276225,22144.20085403885,22170.228504804818,741.9498602502687
2023-02-25 08:00:00,22164.118647635398,22246.48334505643,22117.014600927003,22172.603663626825,881.1469505831321
2023-02-25 08:15:00,22181.330247520575,22234.63864954755,22131.116521314754,22210.184953772176,760.0792980530613
2023-02-25 08:30:00,22219.423782991897,22269.644962202583,22166.51625272479,22210.72064002971,811.9891074327905
2023-02-25 08:45:00,22212.691566672012,22244.841068467478,22203.15219107886,22218.79856621698,862.9017292712223
2023-02-25 09:00:00,22221.53238863678,22276.28742454393,22125.595502627875,22212.09316615214,1139.6794885086285
2023-02-25 09:15:00,22206.02216524552,22261.969417596407,22177.87050926378,22208.146167233226,994.7153579073348
2023-02-25 09:30:00,22208.34704633964,22223.77479423381,22159.64849826093,22199.056098647954,616.256005497144
2023-02-25 09:45:00,22202.229324070082,22268.852539655076,22141.256314145256,22190.966192372547,902.0221802640955
2023-02-25 10:00:00,22191.374763599502,22228.787003263016,22121.657357289325,22179.84868794018,951.6788562527296
2023-02-25 10:15:00,22164.499343129817,22237.694575040823,22164.499343129817,22204.44010529952,874.808836682079
2023-02-25 10:30:00,22210.115998557605,22214.54351856819,22144.38035229438,22188.892366481083,643.5184241321657
2023-02-25 10:45:00,22195.46170581943,22208.77151554329,22040.415878991083,22182.58808924785,1077.6322632031054
2023-02-25 11:00:00,22192.677375116044,22213.465297940904,22098.32056728508,22136.061216247745,1794.675526995703
2023-02-25 11:15:00,22138.786962707552,22172.31807305063,22087.754313906717,22134.764831598637,599.7622139589563
2023-02-25 11:30:00,22123.269052174564,22216.710632629347,22108.255520063736,22152.051722775053,869.8550749754951
2023-02-25 11:45:00,22153.662349120925,22208.883587486725,22102.73907381309,22161.059458901167,1405.1039337433922
2023-02-25 12:00:00,22157.300131911365,22161.311978776364,22039.72398381541,22129.008284736898,2361.919781491981
2023-02-25 12:15:00,22129.20129246651,22131.21153309452,22044.35571645704,22115.064136064837,719.7665195353551
2023-02-25 12:30:00,22118.317324178624,22177.137287018064,22117.913763498793,22132.00705425819,585.7883688367133
2023-02-25 12:45:00,22130.6656563637,22182.6074896781,22095.09317904236,22111.490537296133,1034.343246054778
2023-02-25 13:00:00,22109.677205483335,22142.837124590165,22043.851183664567,22114.17279112351,922.3218933161593
2023-02-25 13:15:00,22117.54343492579,22124.742379159048,22082.99808707938,22110.740780742177,1574.2445895502547
2023-02-25 13:30:00,22111.453443983723,22167.293379740644,22039.796857561418,22110.122348329263,740.6240954698102
2023-02-25 13:45:00,22107.50760517855,22139.193982007808,22060.360556986645,22090.4513793625,602.7803651213034
2023-02-25 14:00:00,22084.04208452178,22103.57959196031,22005.65252202036,22036.37820079846,1456.8635444455135
2023-02-25 14:15:00,22038.820247917898,22082.76708538111,22032.821320342304,22049.030019725302,773.7830827846182
2023-02-25 14:30:00,22048.21128792324,22087.277471327412,22040.036280304383,22063.272568299475,730.9795401649742
2023-02-25 14:45:00,22068.121109163774,22092.15094991497,22007.232263024416,22031.362854573697,908.1688788275271
2023-02-25 15:00:00,22034.08183801115,22049.27905937166,21909.83188628781,22007.142824066974,1895.7670414900356
2023-02-25 15:15:00,22008.72564689551,22055.10002898999,21944.732295677702,21979.46167136384,850.489025637766
2023-02-25 15:30:00,21978.768817982404,22033.440725778735,21920.68412565034,21991.40131644284,634.4009642177411
2023-02-25 15:45:00,21978.793829158993,22037.703128055975,21924.100564911536,21961.82604954256,937.8559854442367
2023-02-25 16:00:00,21963.23497125351,22013.45760328596,21947.715726460898,21964.21608435456,784.4988368808546
2023-02-25 16:15:00,21960.550743941258,22029.789743445453,21956.36623850515,21984.302779963888,1030.6468126243162
2023-02-25 16:30:00,21994.972342882153,22082.471844655196,21981.413628311493,22010.37378676809,968.0508178706411
2023-02-25 16:45:00,21999.580793872796,22049.193970885575,21905.757160663943,22010.729417790248,582.2867428903421
2023-02-25 17:00:00,22011.27011532801,22011.27011532801,21932.822661798073,21969.966993489754,886.9759447179872
2023-02-25 17:15:00,21960.078525567737,21960.078525567737,21837.950684227944,21898.261784146,778.9107292967961
2023-02-25 17:30:00,21896.732363946998,21917.36354600925,21843.376835406158,21888.99633231245,791.2859856622549
2023-02-25 17:45:00,21887.997710258896,21893.766501886606,21836.3802578101,21875.741567947913,697.1939691052978
2023-02-25 18:00:00,21860.462186775905,21964.70045730944,21847.51944667902,21880.107407901723,581.6806845220445
2023-02-25 18:15:00,21876.088468668826,21964.300236490195,21851.692123826517,21921.03777777292,1179.3853718607686
2023-02-25 18:30:00,21925.60320743058,21962.878506773388,21845.066432289925,21913.554942806368,551.1090023167103
2023-02-25 18:45:00,21916.666606032322,21916.666606032322,21805.849275635268,21864.15431699784,1075.7776525948639
2023-02-25 19:00:00,21866.983625283876,21929.18371162243,21787.153371975564,21887.4074090963,746.1046243817118
2023-02-25 19:15:00,21895.31721407697,21911.234327377893,21833.552272802764,21877.76835716944,611.4301525531984
2023-02-25 19:30:00,21873.087591211795,21953.61363356167,21813.541609710537,21898.4710939365,567.7340254167287
2023-02-25 19:45:00,21897.376944160198,21990.481883615583,21876.634650433203,21900.93373548881,1194.5862643623555
2023-02-25 20:00:00,21899.287803360312,21948.044468324217,21895.566024965774,21909.61047247569,798.4954328273518
2023-02-25 20:15:00,21916.980594262932,21947.46329777548,21875.47577493302,21914.441263080775,558.4193252822107
2023-02-25 20:30:00,21923.85779854933,22014.36829139335,21917.138083644488,21953.162628088478,676.6264784091886
2023-02-25 20:45:00,21949.823586134356,21975.679444429497,21882.28974389869,21919.487805544297,851.0287804823996
2023-02-25 21:00:00,21914.492110111663,22043.950062635922,21914.492110111663,21977.68138131676,712.4277657766493
2023-02-25 21:15:00,21978.648840744398,22072.19388711029,21916.96982850346,21979.444370412377,827.4853566414743
2023-02-25 21:30:00,21970.87413920706,22088.27069945408,21970.87413920706,21998.592246405537,600.6572376931539
2023-02-25 21:45:00,21994.726999690676,22061.34616041387,21941.10477199943,22028.407938885844,925.7047402576384
2023-02-25 22:00:00,22034.946402157526,22111.140935935782,21927.559966441546,22007.858254860952,792.405639029612
2023-02-25 22:15:00,22008.09721569776,22100.620053458093,21975.469053612847,22022.404239236654,1040.8622212166833
2023-02-25 22:30:00,22008.29994357516,22077.52443325762,21996.652557325244,22043.63686409449,684.0106292529799
2023-02-25 22:45:00,22049.45427446474,22103.066003873086,22035.472899990942,22053.454827382375,751.8975676024285
2023-02-25 23:00:00,22046.067100428016,22054.73213075143,22012.59846193454,22036.125975320465,588.5973891347484
2023-02-25 23:15:00,22032.129079639944,22032.129079639944,21992.11777349129,22015.65422361609,563.5197453149761
2023-02-25 23:30:00,22020.517769425827,22032.701730467285,21973.262654715683,22006.603398043346,643.0521192548646
2023-02-25 23:45:00,22005.490682613377,22075.827647858303,21978.53791652895,22029.60321259259,590.2344247746033
2023-02-26 00:00:00,22027.279822097025,22112.523092737563,22012.802097026277,22052.93314704052,615.9943466819456
2023-02-26 00:15:00,22054.133906846542,22073.8798815432,22014.013776710337,22052.60764566546,1150.9578588371144
2023-02-26 00:30:00,22059.387387141298,22106.56868220551,22027.244789839653,22071.89352781594,1921.0732747882382
2023-02-26 00:45:00,22068.051668866694,22121.08088124996,21939.406879378545,22068.96422479513,862.0026646634172
2023-02-26 01:00:00,22061.86936632512,22140.0622767104,22061.86936632512,22098.90204130926,985.960627236997
2023-02-26 01:15:00,22101.165919359308,22190.1947115566,22011.594651437368,22089.11546889769,618.103106040304
2023-02-26 01:30:00,22080.10102516495,22223.426318851838,22047.516976664054,22119.02766157005,674.5431155029531
2023-02-26 01:45:00,22106.02147720284,22154.781736926234,22081.10112763005,22133.25907612353,765.7650891157291
2023-02-26 02:00:00,22137.445415639522,22163.36932577092,22064.744221775865,22108.46075613167,778.4487152189246
2023-02-26 02:15:00,22110.922918887834,22120.46552650996,22028.340540071564,22089.978762878316,678.2490179182463
2023-02-26 02:30:00,22083.221369851584,22110.99435271821,22034.844511662308,22049.566453064344,722.970407589352
2023-02-26 02:45:00,22053.240286725177,22118.20690619377,22053.240286725177,22089.99022426495,1520.7656427385205
2023-02-26 03:00:00,22077.058352614833,22139.861805560544,22074.86779297882,22097.51756206134,1661.7306703748004
2023-02-26 03:15:00,22105.771403015646,22189.15046764505,22047.789082693693,22114.49280975698,1284.415301859199
2023-02-26 03:30:00,22114.58926311024,22175.66305057964,22067.89776001348,22116.294443029135,754.2239610391553
2023-02-26 03:45:00,22120.670549064114,22160.052660467758,22050.053107270483,22101.925597259535,773.6193749306184
2023-02-26 04:00:00,22099.3482098233,22185.696986445924,22040.960066802854,22103.303918485435,615.5802857256775
2023-02-26 04:15:00,22108.75263385541,22129.769670462265,22065.657831130888,22116.280529483618,1143.724454089862
2023-02-26 04:30:00,22118.718804095293,22162.084604490257,22061.43633368722,22123.524792502238,571.4346423988591
2023-02-26 04:45:00,22113.51467020358,22230.183961537943,22110.98943586772,22129.11618691038,635.3455703836718
2023-02-26 05:00:00,22128.57492464624,22141.37782015792,22076.84491573411,22126.719421558322,646.7292232257155
2023-02-26 05:15:00,22126.488775978636,22172.376347630787,22057.164745353202,22099.56940339923,1577.8146306732056
2023-02-26 05:30:00,22094.969856236912,22158.796198204247,22037.570826996463,22081.535916920013,587.6956907569403
2023-02-26 05:45:00,22082.564475099785,22107.649766308306,22033.856367387372,22091.855886831258,1928.5501759363208
2023-02-26 06:00:00,22098.932589568787,22191.116162531518,22063.073803872656,22101.39682892731,760.3690374453928
2023-02-26 06:15:00,22104.10228631625,22119.12368018018,22029.529531654607,22081.896795494515,966.5171473832022
2023-02-26 06:30:00,22090.476221844005,22127.269246830412,21982.802915323642,22083.270692027603,863.4234819636533
2023-02-26 06:45:00,22084.149007827473,22131.039816136716,22051.302788328663,22067.465394018684,577.6335186225431
2023-02-26 07:00:00,22064.40239808703,22102.90407691554,22031.330357952775,22058.283084316863,1783.7524695713976
2023-02-26 07:15:00,22067.816573410557,22102.375533865456,22067.816573410557,22087.70991412828,591.9229085455568
2023-02-26 07:30:00,22081.405479830937,22119.4832981228,22036.159215746957,22092.379441223467,752.5505141470945
2023-02-26 07:45:00,22091.325407202086,22100.44241445938,22051.82625240157,22084.455759249642,688.2886268206905
2023-02-26 08:00:00,22070.53112736167,22158.797163396026,22058.175412466968,22086.524579418183,641.6406620957418
2023-02-26 08:15:00,22087.831106043264,22121.923326488533,22059.940449440714,22091.769739634732,577.7465484287233
2023-02-26 08:30:00,22083.823050251365,22142.25476022451,22067.241445914624,22094.545326624655,636.3792906966023
2023-02-26 08:45:00,22088.4506849373,22148.704669746934,22033.584063464095,22098.518739757703,759.53823934207
2023-02-26 09:00:00,22094.491103038752,22125.64317540481,22086.420416245208,22102.90116938674,620.8258578191151
2023-02-26 09:15:00,22096.258733535455,22139.326352633325,22065.368833570363,22117.46288389501,700.498733085612
2023-02-26 09:30:00,22107.62692304271,22204.875067824494,22061.67431176769,22100.586937017146,1119.3774998010542
2023-02-26 09:45:00,22103.356239060115,22185.552128569383,22088.276048592776,22108.601932215606,755.8935252408583
2023-02-26 10:00:00,22108.992431435563,22196.620103226196,22056.40866618867,22115.231507747387,880.568153433443
2023-02-26 10:15:00,22100.749897083406,22161.570619612008,22100.749897083406,22140.38343617311,681.8081866749752
2023-02-26 10:30:00,22144.01676047546,22210.20690868993,22076.15074096375,22150.161507878824,840.5094987171611
2023-02-26 10:45:00,22154.479393234633,22154.479393234633,22044.520995718878,22113.502659921563,779.6782197872237
2023-02-26 11:00:00,22118.845403074043,22122.10418865161,22037.52068958001,22106.189290776176,703.8869738388184
2023-02-26 11:15:00,22104.17136072707,22158.699199074134,22044.194197287386,22089.93121436022,1262.7785090921127
2023-02-26 11:30:00,22081.07947748788,22162.505098761583,22030.276515874022,22104.943329959606,638.7212041277395
2023-02-26 11:45:00,22117.832472310663,22156.494441167106,22042.848606184565,22084.808027532075,1096.8066594449133
2023-02-26 12:00:00,22087.88605649239,22129.221232894928,22019.715843594837,22105.082840575797,593.0176735692727
2023-02-26 12:15:00,22102.761428829,22131.460329569545,22021.786626753532,22105.18031393204,527.7988898935008
2023-02-26 12:30:00,22110.65954370195,22170.674535651913,21971.06004580029,22080.938032775546,573.1292758975998
2023-02-26 12:45:00,22077.212862343247,22119.228383373586,22023.451617571438,22081.311433101964,639.3981000355125
2023-02-26 13:00:00,22094.71803385811,22120.53409914805,22045.7432902047,22087.03000657682,699.415760265793
2023-02-26 13:15:00,22094.790929122242,22130.143966409614,22072.99049731884,22086.357047466463,658.3925307087876
2023-02-26 13:30:00,22085.89275804496,22130.32463751591,22041.3770716838,22068.786312945238,589.8105351250931
2023-02-26 13:45:00,22080.341867014165,22158.33650032762,22004.497775947006,22076.85622137461,656.0203844015534
2023-02-26 14:00:00,22089.487279313093,22139.863615547772,22044.83762140454,22102.885086287803,629.6495467473308
2023-02-26 14:15:00,22096.555878874773,22103.706609179637,22057.923942261157,22085.138095716957,1220.1214923876544
2023-02-26 14:30:00,22084.26754628589,22131.067488665383,22052.615633348654,22099.797368287574,728.2569479557421
2023-02-26 14:45:00,22091.096717975666,22107.33240999963,22057.010155060136,22083.112054161556,1112.3876096480706
2023-02-26 15:00:00,22070.140758459693,22129.174579466464,21999.83824290596,22084.029111968357,754.3578017878372
2023-02-26 15:15:00,22091.729367974676,22173.95600961497,21981.534920135047,22077.443719215797,556.5800517905676
2023-02-26 15:30:00,22078.749876180005,22111.136782913323,22067.149279571422,22084.643475369983,608.3895011665722
2023-02-26 15:45:00,22085.58295264896,22139.327989275833,22061.420444977142,22095.725668263956,698.0529178917785
2023-02-26 16:00:00,22100.056746730043,22180.33821700333,22038.002095467218,22155.664739689528,1713.0420851224203
2023-02-26 16:15:00,22161.21014382615,22199.659966606447,22126.415765534177,22150.09703659593,632.1303364965014
2023-02-26 16:30:00,22143.15415207876,22269.49862527821,22143.15415207876,22181.40926529647,1695.6584503907327
2023-02-26 16:45:00,22174.132954857116,22231.825789087274,22168.47005827314,22182.370196258413,737.7546648733799
2023-02-26 17:00:00,22177.586756892488,22195.913845163766,22067.895292839545,22177.67022716164,1179.8208649397056
2023-02-26 17:15:00,22173.189080154418,22199.96921664596,22116.434301755067,22158.73091391867,557.2781407973332
2023-02-26 17:30:00,22144.3117202573,22147.162656285505,22097.34090205224,22130.033660107747,598.2099841919019
2023-02-26 17:45:00,22134.739811814754,22247.935266318145,22104.026109689443,22150.168233390934,561.8114262789707
2023-02-26 18:00:00,22141.59287417724,22227.095772617973,22118.550876023135,22167.69020092121,658.2545321646264
2023-02-26 18:15:00,22168.713624515607,22196.659401551697,22096.637636648316,22151.38950019317,775.4160141847825
2023-02-26 18:30:00,22159.585850676696,22261.859198353326,22159.585850676696,22183.002450769072,1525.0290924127612
2023-02-26 18:45:00,22187.47018293986,22246.915466083105,22136.891708560877,22187.590603431094,777.0459307646368
2023-02-26 19:00:00,22181.764481291513,22231.81059143954,22103.63620107523,22204.675637798853,593.6512620213675
2023-02-26 19:15:00,22215.745806960644,22233.08124314272,22152.387357682604,22190.485629810937,582.0689118891048
2023-02-26 19:30:00,22199.704084589892,22199.704084589892,22135.27034112154,22161.747493635492,978.945594169732
2023-02-26 19:45:00,22165.60329031365,22165.60329031365,22058.10598936026,22119.864111270883,749.5973099189991
2023-02-26 20:00:00,22110.971991262468,22172.31493431283,22110.971991262468,22139.81788933492,2266.70173640206
2023-02-26 20:15:00,22137.812781414457,22199.530106469796,22097.44188889393,22137.375913419895,858.3968120073994
2023-02-26 20:30:00,22131.426749720828,22148.661734649686,22055.722253981858,22121.410096081952,873.4870700635734
2023-02-26 20:45:00,22112.00130808271,22181.510069778342,22007.82148587783,22116.29311799474,521.9184251373346
2023-02-26 21:00:00,22109.37779486377,22138.7812461138,22005.706171497528,22094.77783563242,870.5495146346527
2023-02-26 21:15:00,22093.923179280067,22176.221715298117,22066.261485607378,22123.573868157964,1308.6075787639334
2023-02-26 21:30:00,22121.768840863668,22266.708944758793,22041.245042879298,22099.17036195023,1300.4806332978803
2023-02-26 21:45:00,22103.92636485918,22168.502477526396,22103.92636485918,22134.917727038028,708.0192116106333
2023-02-26 22:00:00,22140.95808383453,22158.734933091153,22097.430280674802,22130.971386016856,962.0128012796793
2023-02-26 22:15:00,22129.962666503136,22211.19390180948,22129.962666503136,22153.83667133266,877.0603945358076
2023-02-26 22:30:00,22151.2775619035,22253.109619854007,22034.95131599752,22134.077942759457,1813.1070722086308
2023-02-26 22:45:00,22129.272879346514,22158.471220077874,22117.601202389757,22144.945966726904,671.9483264942977
2023-02-26 23:00:00,22133.916338846404,22137.998092196984,22071.201951740328,22088.123149401625,677.8421042344905
2023-02-26 23:15:00,22082.2346332554,22117.934639282033,22072.148539696627,22101.231999726195,825.4686631732432
2023-02-26 23:30:00,22097.334898258312,22176.210098554857,22082.190719430753,22128.011639862492,566.5503401647939
2023-02-26 23:45:00,22135.578154531304,22135.578154531304,22011.4014733419,22116.598260290135,1653.8220961050727
2023-02-27 00:00:00,22125.067025440465,22151.46676948223,22082.591867915056,22117.018359357313,520.5302292748534
2023-02-27 00:15:00,22125.242906032734,22174.586193407016,22098.49291348689,22152.519973663657,865.8229843029718
2023-02-27 00:30:00,22150.002609470175,22213.023980088445,22087.505044734105,22158.00489142249,920.4937736479258
2023-02-27 00:45:00,22154.033599280032,22219.47367322064,22117.445299622534,22139.354662399146,825.2445295590562
2023-02-27 01:00:00,22153.51046427038,22162.248817066753,22095.16101178698,22124.41636045312,611.343874578443
2023-02-27 01:15:00,22126.118673460533,22156.311125227818,22086.29075829877,22124.72005499415,1790.3998450174747
2023-02-27 01:30:00,22119.962931014645,22137.718833440245,22106.46734581865,22121.422792108613,564.3677695637684
2023-02-27 01:45:00,22122.643863376794,22199.428966368858,22099.306085736498,22117.42484278659,755.6791569456027
2023-02-27 02:00:00,22099.850383048193,22181.45857356057,22099.850383048193,22117.50577825006,1243.8916909348688
2023-02-27 02:15:00,22112.602804741182,22129.687968155886,22052.33841828949,22113.072567205043,1195.2229792570276
2023-02-27 02:30:00,22129.098101071333,22281.36885648989,22126.617726852,22170.87301309511,1127.815775052179
2023-02-27 02:45:00,22168.91105860086,22204.917274996074,22113.397973020237,22181.07051445356,848.2855347091644
2023-02-27 03:00:00,22180.27418998023,22213.28893218501,22146.362546412187,22189.27492666533,983.7048877232663
2023-02-27 03:15:00,22189.309159606208,22234.203994327177,22146.02187269321,22198.32681554913,857.1406967572597
2023-02-27 03:30:00,22196.025861852977,22220.074596494193,22097.802666246946,22199.16513412122,592.5959941306998
2023-02-27 03:45:00,22201.43531447605,22229.392839258613,22125.196259282213,22211.181738164494,855.002104226558
2023-02-27 04:00:00,22223.4657592807,22225.15920085629,22186.343388120335,22201.43015251029,1029.2441853241069
2023-02-27 04:15:00,22207.087310117637,22207.087310117637,22067.51313640777,22173.80077482092,941.9456539457314
2023-02-27 04:30:00,22176.06294154599,22241.89589061553,22142.643645279797,22172.311696583838,704.2658613681277
2023-02-27 04:45:00,22161.60066371839,22217.956035649087,22161.60066371839,22204.00318900687,576.0320321159865
2023-02-27 05:00:00,22197.589105408988,22217.358140204095,22146.433317307026,22196.604828721065,813.7717803399827
2023-02-27 05:15:00,22189.13255297576,22283.765824307542,22145.368151157993,22183.58441972175,1050.688842447922
2023-02-27 05:30:00,22182.18983465142,22236.906325432305,22182.18983465142,22208.561732319264,800.0739881583931
2023-02-27 05:45:00,22214.14386119483,22247.157241414254,22153.53394229576,22206.93085500715,704.6272049604265
2023-02-27 06:00:00,22210.485309082265,22243.07192571533,22197.404981673546,22218.944612239055,790.5970944041466
2023-02-27 06:15:00,22224.64474987205,22310.144864379195,22171.32822483292,22210.251090658465,635.6748040933364
2023-02-27 06:30:00,22201.45077124577,22316.651238295857,22187.363711513768,22234.692741132327,1575.8256513665995
2023-02-27 06:45:00,22231.34821701598,22249.91134661957,22147.080087406233,22204.71333052886,994.4245371373562
2023-02-27 07:00:00,22208.96648274859,22279.902737695465,22161.798085879225,22205.403675767273,1061.168362137693
2023-02-27 07:15:00,22205.080912126403,22221.265774384614,22177.854660222623,22206.374797456396,802.5326213355576
2023-02-27 07:30:00,22219.672221525805,22219.672221525805,22122.50228857218,22184.65027491534,1391.0236369821837
2023-02-27 07:45:00,22178.825958249337,22229.648492546414,22155.596810303417,22208.80348186524,656.9198234330015
2023-02-27 08:00:00,22203.217199276653,22235.32886549871,22162.14881236315,22193.870771801885,562.0993285879613
2023-02-27 08:15:00,22184.407204451934,22255.312356778115,22125.08286477963,22185.971543602638,990.3079869133153
2023-02-27 08:30:00,22188.003247733566,22191.63007297318,22139.22320327579,22168.192577381622,572.4207621790742
2023-02-27 08:45:00,22165.58116333516,22176.789096880366,22091.923144639077,22157.186551563453,564.4674020189782
2023-02-27 09:00:00,22167.744334727482,22211.18995517422,22108.307334999783,22142.032830949473,566.1153154371358
2023-02-27 09:15:00,22143.602170428072,22226.72875289524,22143.602170428072,22175.747096636278,798.5740859035411
2023-02-27 09:30:00,22162.807979646706,22169.770544717798,22106.39480100566,22148.720046559156,728.9840763459603
2023-02-27 09:45:00,22147.88776785482,22149.788737311665,22113.963958823846,22129.2493808267,773.8633073630696
2023-02-27 10:00:00,22131.698820986934,22159.318092582176,22061.00620875579,22096.056296045976,749.6442265393194
2023-02-27 10:15:00,22108.609646461733,22118.46967499525,22079.0255064982,22094.780797892192,531.6912528623425
2023-02-27 10:30:00,22102.680254446444,22122.088595878144,22092.636899562676,22106.341495091237,1105.4055099838306
2023-02-27 10:45:00,22111.815182929415,22151.37590725002,22105.43277777424,22123.956559773258,950.0599618079706
2023-02-27 11:00:00,22117.900752950427,22179.360183076875,22117.900752950427,22156.46542731965,1398.7056100167035
2023-02-27 11:15:00,22163.037944619144,22193.75541037687,22127.007565454776,22140.694049215443,776.5434603455379
2023-02-27 11:30:00,22157.267873440815,22176.231154444336,22130.572367388064,22152.98332921944,611.391085166348
2023-02-27 11:45:00,22149.374993349797,22207.8111425253,22130.687273910473,22167.974105411722,711.0083441741675
2023-02-27 12:00:00,22172.944792424434,22201.561940584674,22133.03160162955,22178.734496706824,1399.7254176498618
2023-02-27 12:15:00,22187.535302815257,22187.535302815257,22053.315942267254,22140.709041270613,772.021642021003
2023-02-27 12:30:00,22141.332214372855,22159.76538605858,22096.522634920268,22141.53082604618,862.6883710310294
2023-02-27 12:45:00,22153.307966319873,22203.078382653406,22103.048389915777,22172.93795207273,614.5193138180371
2023-02-27 13:00:00,22180.685440367586,22254.116747325137,22146.033208530996,22209.348409767903,599.6637578075287
2023-02-27 13:15:00,22211.678182889675,22229.10455977504,22162.323365941407,22195.3760429805,621.954898446302
2023-02-27 13:30:00,22192.03469033054,22250.189038529184,22192.03469033054,22218.21759535813,797.3175454864083
2023-02-27 13:45:00,22219.943979019747,22233.68489332804,22195.898305590938,22214.90723654195,510.49922534090734
2023-02-27 14:00:00,22207.360927883456,22244.173906539232,22096.072025042995,22178.54034996468,698.0537085577491
2023-02-27 14:15:00,22171.011743374795,22181.896773074044,22101.340041797623,22168.39055248773,921.5033209979708
2023-02-27 14:30:00,22162.115922765108,22243.77519296806,22133.173998477898,22198.326432862093,616.614377432296
2023-02-27 14:45:00,22205.02853225742,22236.181537033983,22185.649736666757,22211.253804502237,825.702631940549
2023-02-27 15:00:00,22218.252174981535,22290.18267939976,22168.71280794397,22215.201369698185,510.8626562622055
2023-02-27 15:15:00,22213.723510772685,22265.457027027787,22093.569236881744,22209.64817740247,554.3808828934887
2023-02-27 15:30:00,22224.486979222394,22259.99398476883,22196.23088002157,22235.251786068562,564.9762689787023
2023-02-27 15:45:00,22228.352590272072,22230.842440680957,22148.188419403985,22191.311764765363,1306.905288577515
2023-02-27 16:00:00,22190.921822652268,22190.921822652268,22126.55289805468,22167.769998854186,1113.907376547454
2023-02-27 16:15:00,22162.403144820826,22197.14098995438,22136.479411197884,22180.576025559203,689.9222200043491
2023-02-27 16:30:00,22173.88910160103,22247.146430480934,22145.234890812186,22212.17762922367,678.6278678455783
2023-02-27 16:45:00,22219.669057386734,22245.373072321137,22183.14449283511,22225.195473372405,535.2468736668671
2023-02-27 17:00:00,22224.37629557394,22315.754210557985,22216.08756805369,22238.795149186448,1188.1395261028426
2023-02-27 17:15:00,22235.58505579053,22287.47538276044,22176.602673014302,22255.72710747487,1448.308717495377
2023-02-27 17:30:00,22259.969365587556,22288.269256854812,22226.441481208567,22256.982847242878,809.4196672684949
2023-02-27 17:45:00,22263.338641484403,22272.982425566923,22181.313435527092,22249.180148729924,527.5386754597267
2023-02-27 18:00:00,22247.035340555507,22247.035340555507,22189.326265329455,22230.18410050296,654.2766803762981
2023-02-27 18:15:00,22231.492765238254,22231.492765238254,22122.7194042424,22198.63518609011,661.1434502112231
2023-02-27 18:30:00,22197.04223325575,22230.488279745612,22162.158146164133,22177.341872588477,662.1170306310457
2023-02-27 18:45:00,22173.82660051709,22256.08530939985,22106.20711780475,22193.966642336833,677.1086221758075
2023-02-27 19:00:00,22201.398091003415,22273.261601813203,22163.65573289739,22212.100188649463,636.3555575251809
2023-02-27 19:15:00,22212.502625602163,22225.059601975165,22176.095052905555,22199.03016284313,704.0745206727433
2023-02-27 19:30:00,22209.672510265365,22209.672510265365,22102.108145286362,22160.76127918627,601.1980658110134
2023-02-27 19:45:00,22166.416127988974,22166.416127988974,22097.55271958601,22125.277289399943,851.8807708683889
2023-02-27 20:00:00,22132.13937581813,22132.13937581813,22016.896496369678,22097.436786656446,1157.291782113608
2023-02-27 20:15:00,22103.296257959562,22196.84325521963,22072.8118414038,22112.98083797147,592.1569316626402
2023-02-27 20:30:00,22123.46409620867,22162.23088380489,22100.584585842687,22125.967904795703,700.4961271936841
2023-02-27 20:45:00,22132.408466251873,22136.83959102045,22087.69086817627,22105.86365904178,799.1634787655792
2023-02-27 21:00:00,22104.89647607566,22173.85004850981,21995.883427250097,22105.567590527062,743.9363675047298
2023-02-27 21:15:00,22111.136505711725,22176.77504730285,22101.406973774345,22139.059806664987,1078.7054479762912
2023-02-27 21:30:00,22142.226145625467,22202.261043337374,22112.23183872423,22139.148929078405,547.5743078956716
2023-02-27 21:45:00,22133.959151221938,22241.49664212115,22133.959151221938,22173.92511334231,804.8342755924364
2023-02-27 22:00:00,22178.16821919559,22185.462840833385,22112.240214487563,22140.765723285254,1158.8725190934397
2023-02-27 22:15:00,22138.184822288018,22221.337332110987,22076.549267322767,22113.461163999687,674.3177974457046
2023-02-27 22:30:00,22117.904992261167,22138.290515067198,22062.327571727154,22087.106559343727,920.1017684914091
2023-02-27 22:45:00,22079.42011100684,22101.765476753022,22019.662831146896,22073.69920454563,787.7935313976332
2023-02-27 23:00:00,22082.99005854282,22182.161764419798,22068.321781615527,22091.4744814095,722.5242148993918
2023-02-27 23:15:00,22087.08943659558,22142.85757885473,22053.185355843187,22098.976871694584,653.930469521329
2023-02-27 23:30:00,22093.684316696534,22172.612659512015,22068.067055220385,22099.007601104644,712.973226390539
2023-02-27 23:45:00,22112.934151468064,22140.303307504113,22033.2985608564,22081.98143979226,649.6920632803341
2023-02-28 00:00:00,22082.383521446256,22107.390867209087,22047.44614351111,22081.8111930674,876.4592102414358
2023-02-28 00:15:00,22084.868056742565,22157.45844251583,21981.395718615317,22069.52137266715,783.1424843726455
2023-02-28 00:30:00,22070.61832461998,22079.632923081102,21992.73185415182,22048.93736483912,681.0449233151722
2023-02-28 00:45:00,22055.105685374052,22107.20949113205,22005.226072366448,22048.949071490293,516.3670433363783
2023-02-28 01:00:00,22047.02900598537,22047.02900598537,21987.024192769502,22001.251292977508,677.8762762306004
2023-02-28 01:15:00,22011.503096661087,22065.27103450373,21969.8133561367,21996.87568125837,830.5492502060583
2023-02-28 01:30:00,22003.707019589456,22035.635672723278,21912.53740999889,21964.548614784697,729.0439335311925
2023-02-28 01:45:00,21968.663178566923,22034.674882120555,21919.185792318258,21974.977956426563,873.3094582645988
2023-02-28 02:00:00,21961.721249430608,22062.3066715291,21945.030753520827,21992.499782444815,592.2809841847576
2023-02-28 02:15:00,22000.04836023426,22094.954438512585,21991.265011102765,22017.210066952262,567.0489571690609
2023-02-28 02:30:00,22020.63666707414,22125.18239963651,21990.669681841668,22049.24484435058,862.5726377354949
2023-02-28 02:45:00,22050.011903138882,22115.448572204703,22006.278490566718,22065.00019161944,762.3295221760415
2023-02-28 03:00:00,22063.210599585393,22109.430410796704,22032.29779334864,22057.803083563227,820.9425224264445
2023-02-28 03:15:00,22060.258025529056,22166.668495750582,21993.53528572944,22044.747039171318,825.7327705326799
2023-02-28 03:30:00,22038.612729547545,22055.40649460896,21929.35155682054,22030.03147556899,915.3880631401339
2023-02-28 03:45:00,22040.615565910946,22040.615565910946,21950.995650107478,22017.953078383875,616.1592730358833
2023-02-28 04:00:00,22024.929496296718,22041.149522728538,21974.73807362041,21996.866792076697,1199.9467963510306
2023-02-28 04:15:00,21991.55979925206,22000.829015937958,21872.00351235168,21960.54880558638,918.0697170400185
2023-02-28 04:30:00,21968.302328983475,22086.320232401307,21940.60294322694,21978.145219479637,1187.749914620868
2023-02-28 04:45:00,21972.94901018292,22072.181792443986,21927.921329083976,22002.08164613874,636.3007589237671
2023-02-28 05:00:00,22004.42565795602,22004.42565795602,21957.666623905596,21980.247963315658,915.792838204316
2023-02-28 05:15:00,21973.555415437866,22038.465132010868,21927.304705480386,21942.659826031722,702.2608689138806
2023-02-28 05:30:00,21940.05335365932,21952.774040446166,21861.902431831782,21923.41908356699,623.7723301822807
2023-02-28 05:45:00,21928.679142390054,22001.787378115736,21897.446769047547,21934.778479804303,570.0231677434878
2023-02-28 06:00:00,21928.194529914086,21999.084482790102,21840.922839445248,21954.474900322843,724.1865297759376
2023-02-28 06:15:00,21965.902599249104,22037.490729296085,21883.63123110088,21942.877743470868,956.9943846826791
2023-02-28 06:30:00,21939.002388520857,21978.95070302556,21939.002388520857,21961.24373115331,1022.8413224862693
2023-02-28 06:45:00,21964.495953848513,21973.976965036854,21935.23666090105,21952.124160879972,1260.4400115961314
2023-02-28 07:00:00,21945.708364566508,21986.371249181015,21903.639759884896,21956.53118482122,1079.1434874853824
2023-02-28 07:15:00,21948.26685965457,22030.30784413249,21940.636629717763,22014.86386160237,930.1776389179322
2023-02-28 07:30:00,22019.376745906415,22055.824157438266,21915.099113018194,21989.03322996191,593.6512801625611
2023-02-28 07:45:00,21993.47013437145,22068.292240310657,21943.22770952537,21983.19320516133,536.8408063237849
2023-02-28 08:00:00,21982.105738057613,22092.691260099127,21974.649470670844,22016.884927138573,908.2603811349005
2023-02-28 08:15:00,22017.326429650482,22087.274937044036,21923.69813216342,22031.05055527699,595.4196400390728
2023-02-28 08:30:00,22036.086423695433,22088.322015019497,22029.18387488977,22050.213053655156,921.7612917853422
2023-02-28 08:45:00,22043.675597804267,22125.91473537655,21988.39596019502,22079.690472347575,1136.102491184923
2023-02-28 09:00:00,22067.86094298459,22153.39095438531,22019.328064137288,22075.5165796227,743.2710488666793
2023-02-28 09:15:00,22072.088657384098,22133.000857563045,22043.300227170774,22094.39860216776,1282.2995457767854
2023-02-28 09:30:00,22090.85348639403,22149.523333125715,22090.85348639403,22120.623555537684,574.1154399328958
2023-02-28 09:45:00,22126.963586064787,22171.734235618336,22076.39904005666,22136.566787925276,600.4584783067112
2023-02-28 10:00:00,22139.408398847398,22194.412071670264,22139.408398847398,22166.49489040926,1602.1452838494918
2023-02-28 10:15:00,22160.72622604221,22222.123953201928,22138.11697988829,22175.361767577684,564.0227094286782
2023-02-28 10:30:00,22180.109631068113,22185.792192209232,22067.26149032659,22148.961955244726,631.0476082361811
2023-02-28 10:45:00,22143.33029038308,22204.885779260003,22143.33029038308,22177.282212493483,594.1202861053885
2023-02-28 11:00:00,22175.416692369603,22244.068681587138,22152.229059514153,22194.27469845796,642.9916998585527
2023-02-28 11:15:00,22190.961454079297,22195.282730145598,22124.951191994434,22173.385304056763,664.3680216213995
2023-02-28 11:30:00,22169.345298104254,22267.909647240554,22157.261114835303,22177.140009211817,1354.7574426119825
2023-02-28 11:45:00,22176.278150318958,22180.6342476415,22149.44865319216,22166.50763355936,733.2868804862969
2023-02-28 12:00:00,22180.89804612542,22257.453718051438,22101.226531697514,22162.05788924475,735.6040895287953
2023-02-28 12:15:00,22159.17953100173,22192.70799628764,22136.075905190057,22171.262544098743,588.1617953639178
2023-02-28 12:30:00,22171.14711600859,22174.311549720907,22072.898127711862,22157.38342240459,1151.351921744128
2023-02-28 12:45:00,22156.344621059714,22215.566344671184,22120.355146884773,22160.337420469034,1033.4038560599133
2023-02-28 13:00:00,22154.090051388077,22251.780591552448,22132.332511078075,22183.659321324893,1844.1489992404518
2023-02-28 13:15:00,22187.72306322882,22216.32599525619,22166.219099369657,22198.82540613457,679.0538812777004
2023-02-28 13:30:00,22200.720933455963,22271.488450185534,22115.290771903048,22222.585457214365,644.8239250612347
2023-02-28 13:45:00,22215.451503995322,22269.12897705405,22205.784621506045,22227.179320484356,947.91033223963
2023-02-28 14:00:00,22235.96672748768,22276.110333380668,22194.004233150285,22227.3585756476,605.3126430890342
2023-02-28 14:15:00,22234.435375503454,22249.964419024433,22175.73350623834,22198.970532710697,596.4010125718232
2023-02-28 14:30:00,22202.102653288417,22248.645668720597,22126.29779066214,22183.51350298931,624.8091726440449
2023-02-28 14:45:00,22182.419333353846,22254.08359781811,22158.802916569308,22183.437784242036,685.9495527743094
2023-02-28 15:00:00,22178.812802782257,22273.717653715223,22125.002361584608,22209.441313497322,699.1761092413633
2023-02-28 15:15:00,22213.661106866402,22265.339467325484,22213.661106866402,22244.718926195008,590.3168313965061
2023-02-28 15:30:00,22234.52896173915,22234.52896173915,22166.58986089669,22207.22333287457,1332.7867955083345
2023-02-28 15:45:00,22217.92886293857,22234.56840274744,22165.591634835113,22194.028191862748,628.7226419263925
2023-02-28 16:00:00,22180.7269555293,22220.274935514128,22139.447815080424,22170.728016845376,900.287679884678
2023-02-28 16:15:00,22175.06853263227,22188.134848598,22116.42974672722,22148.443472827897,705.7318086241146
2023-02-28 16:30:00,22142.90688479204,22189.45987535445,22077.04960802374,22162.379025539492,945.551825737935
2023-02-28 16:45:00,22163.176172820415,22212.39206442672,22152.73483313576,22197.771207471444,2054.418350088419
2023-02-28 17:00:00,22198.45909228079,22237.39426353362,22159.86119250177,22198.852976848433,606.9842338825599
2023-02-28 17:15:00,22208.90147900688,22239.972048805113,22180.51949463245,22194.06194169156,729.0485013165736
2023-02-28 17:30:00,22193.18993661581,22271.30441056152,22137.722373780063,22162.340048585414,845.2015402293576
2023-02-28 17:45:00,22164.108535177795,22217.891532462407,22150.999199883216,22171.55391485254,1023.0844795224789
2023-02-28 18:00:00,22171.491096033504,22250.756634909445,22169.035006336966,22206.800205133128,770.6026170625378
2023-02-28 18:15:00,22213.218676254968,22226.529644652815,22154.24731659206,22201.217223206735,908.6592783890701
2023-02-28 18:30:00,22199.22584049969,22266.72199532421,22190.04183493022,22206.323749524152,965.4695395501855
2023-02-28 18:45:00,22206.474998980142,22296.867090917396,22187.301619197486,22257.25100295288,1319.7082630307177
2023-02-28 19:00:00,22262.420905628336,22349.88510955676,22224.147416855852,22259.58262081189,826.1222384260898
2023-02-28 19:15:00,22259.523361864824,22259.523361864824,22201.539666289762,22235.98268849806,1151.240311619167
2023-02-28 19:30:00,22228.60021390873,22321.387878670135,22199.023576422253,22225.51654323398,733.4028221995769
2023-02-28 19:45:00,22224.172361247656,22249.865295181375,22180.188579071517,22197.553370376932,630.6923034335058
2023-02-28 20:00:00,22193.485999247558,22221.351791216144,22109.960043036725,22157.98353979081,1009.772753464514
2023-02-28 20:15:00,22148.906629653564,22206.766888818267,22060.30738098554,22156.541001805952,1019.1308738606476
2023-02-28 20:30:00,22173.501225203916,22242.380998627115,22123.889396757837,22156.760107436756,793.926057356574
2023-02-28 20:45:00,22146.38170950647,22176.99816500328,22068.320779695554,22126.56614883294,814.9661425665548
2023-02-28 21:00:00,22131.181505392364,22189.803066588673,22092.774762090306,22120.141037700643,624.3149557936873
2023-02-28 21:15:00,22121.182049341896,22200.688591525788,22030.91180926734,22112.944974807615,704.1086824652378
2023-02-28 21:30:00,22101.494638352433,22117.073558230193,22053.135527812938,22095.99867933633,1558.1250527728073
2023-02-28 21:45:00,22099.23870879524,22099.23870879524,22046.61786682708,22074.3845466391,824.7637510443232
2023-02-28 22:00:00,22072.934186722352,22165.281037598685,22033.321871671444,22060.40642241302,759.5085904649986
2023-02-28 22:15:00,22046.540454494414,22136.232096027692,22038.840275175815,22072.6053128995,1033.5231900115161
2023-02-28 22:30:00,22071.934852549388,22087.52471581894,21996.904281273368,22050.29913067002,727.8782706158889
2023-02-28 22:45:00,22065.676443372526,22065.676443372526,22015.45742801987,22028.808204376986,1298.696630076578
2023-02-28 23:00:00,22032.539595826696,22119.631220670093,22010.942409792533,22044.00462423771,871.5851139161238
2023-02-28 23:15:00,22046.07699888836,22118.759855381264,21996.595757678253,22048.297692536173,892.0710045325784
2023-02-28 23:30:00,22044.55924062925,22108.331846521196,21967.376132709513,22046.798899356687,523.2329503721373
2023-02-28 23:45:00,22059.175624983694,22077.703810922783,22032.110949396145,22054.749462098895,554.9603299352336
2023-03-01 00:00:00,22059.011530850323,22111.465879289935,21981.590915163364,22054.388228461827,722.5044580432683
2023-03-01 00:15:00,22050.217672648367,22127.052474899505,21996.030710260307,22070.046972762182,593.7169754808283
2023-03-01 00:30:00,22073.67025472285,22101.804593507437,22037.926395731163,22069.053286135884,825.7897838433336
2023-03-01 00:45:00,22069.563841717387,22085.737592197893,21985.099181026337,22060.797260654792,698.833150144845
2023-03-01 01:00:00,22046.143188065013,22072.88364592176,22029.010171649945,22055.310487166233,622.5760569308959
2023-03-01 01:15:00,22057.57612908314,22062.10686857839,22022.41390088171,22044.444347016557,550.4079364329301
2023-03-01 01:30:00,22038.351810095093,22076.470794621076,21993.40158068806,22041.06275113969,580.2333883341917
2023-03-01 01:45:00,22040.8570617096,22085.190364440936,22020.0482062256,22043.948040559553,913.4623550103596
2023-03-01 02:00:00,22048.68488953967,22048.68488953967,21988.75628113439,22021.71662022409,1668.7354915085978
2023-03-01 02:15:00,22015.406243645368,22045.700621117576,22001.520791934894,22023.188194357528,635.416881137663
2023-03-01 02:30:00,22027.592696154697,22027.592696154697,21969.346363758617,21998.965175514633,2336.1778355731244
2023-03-01 02:45:00,21993.874825618062,22031.917659778905,21983.536771349667,22005.580647965846,536.0046484062683
2023-03-01 03:00:00,21993.64243854588,22029.382280251975,21962.58073788759,21994.91097170928,946.4800753292437
2023-03-01 03:15:00,21989.92882905492,22028.193102894613,21963.925211028578,21996.78194521652,565.6431996618879
2023-03-01 03:30:00,22001.89792293258,22009.914372431955,21943.138341240192,21992.020742201916,531.7355672429559
2023-03-01 03:45:00,21998.772128629025,22074.165272425213,21982.4851011227,22010.98812702101,987.5834799444435
2023-03-01 04:00:00,22003.282282395783,22131.45480496199,22003.282282395783,22045.866148615067,1581.7533522835045
2023-03-01 04:15:00,22045.6363418541,22096.62287866091,22019.008267767047,22052.995135283218,787.2512003435655
2023-03-01 04:30:00,22054.854651131875,22124.766145326103,21984.83902560411,22097.030523225236,916.2753706261975
2023-03-01 04:45:00,22091.74285294473,22158.899985996624,22075.239692059917,22097.266795557232,975.88630372931
2023-03-01 05:00:00,22089.445668569962,22154.602376468327,22045.417489004085,22082.817585342484,719.3633269096605
2023-03-01 05:15:00,22075.920045296378,22101.904378699808,22062.166714212213,22076.340519660425,665.9166992144673
2023-03-01 05:30:00,22069.35076255189,22145.50638723849,22066.51089837076,22082.211855492373,673.4319663116416
2023-03-01 05:45:00,22082.648265595453,22124.33220688992,22060.385181985243,22079.539918414917,1363.493508847269
2023-03-01 06:00:00,22081.949021918772,22154.78673093397,22029.96831068535,22099.071509972106,1016.8015341928026
2023-03-01 06:15:00,22092.24746111765,22183.344594751787,22068.257581770646,22103.73287437406,704.9593602734428
2023-03-01 06:30:00,22101.95016562925,22149.740942329256,22040.1979454023,22118.89329616277,1782.6840866148277
2023-03-01 06:45:00,22127.400203188776,22166.68341579783,22081.495626344276,22115.099293416468,1091.7274535347742
2023-03-01 07:00:00,22106.418073568446,22156.79547511156,22097.331952456512,22112.591753848385,557.9440028424448
2023-03-01 07:15:00,22119.18782603937,22119.18782603937,22024.868483241997,22090.083038584962,659.1852571438127
2023-03-01 07:30:00,22084.438404713943,22104.032330475362,21984.777361767272,22080.837864734443,522.0315427709128
2023-03-01 07:45:00,22071.234250888912,22129.273041957742,22059.826429779623,22112.997511590565,945.3471209649722
2023-03-01 08:00:00,22115.113812305237,22147.874820630208,22079.68542770687,22126.443743535478,650.7947877890883
2023-03-01 08:15:00,22125.228260726533,22191.77424098259,22064.69232064309,22130.139935821746,572.5332415314627
2023-03-01 08:30:00,22144.542368569862,22213.95474885557,22080.779983567514,22136.9237413018,862.3116697035219
2023-03-01 08:45:00,22138.866124334894,22191.30312549326,22092.392534350645,22129.72760469434,630.1827295121037
2023-03-01 09:00:00,22126.640524140294,22172.28563004975,22097.164240575836,22147.302450668056,557.525870045837
2023-03-01 09:15:00,22158.89014469396,22182.47599993311,22137.717736263887,22167.742763722894,569.0226850471539
2023-03-01 09:30:00,22170.817310721726,22193.29818922811,22142.154930092573,22172.97114608257,1602.928011840571
2023-03-01 09:45:00,22164.79245517625,22237.702588746717,22163.589598669267,22198.88643082857,946.5949361573768
2023-03-01 10:00:00,22198.712371818307,22241.098283707855,22179.662049427447,22211.650586936183,854.8355110095296
2023-03-01 10:15:00,22207.082153664218,22237.082280348754,22169.194601756582,22207.198432151134,1016.6737553069836
2023-03-01 10:30:00,22194.533539381006,22280.82867152715,22086.541672282845,22184.242676456193,785.5386281243991
2023-03-01 10:45:00,22185.820337015088,22244.72755976193,22150.4252340005,22197.232854763155,735.5633286967052
2023-03-01 11:00:00,22206.492408772774,22213.670312153015,22152.944085190848,22191.70005506866,691.9870075764443
2023-03-01 11:15:00,22192.528540621577,22270.422963468038,22180.18932234674,22225.111836344367,1140.215356220558
2023-03-01 11:30:00,22223.20409795527,22319.723480863617,22178.297632675014,22214.90251432931,1620.7443014698633
2023-03-01 11:45:00,22209.940280006773,22301.214835882987,22183.125984479626,22256.967649810005,1223.1190336486563
2023-03-01 12:00:00,22254.35226769687,22301.952165236366,22218.973749525372,22282.408052365103,1204.426595390605
2023-03-01 12:15:00,22276.968860783243,22349.27057164511,22259.686685503497,22288.09854327661,761.2834729003077
2023-03-01 12:30:00,22306.10546837308,22306.10546837308,22244.021184782032,22275.11658137723,1403.6386240321453
2023-03-01 12:45:00,22277.807194819412,22298.989442058282,22197.34493265548,22284.12806320379,1209.5964893078851
2023-03-01 13:00:00,22275.36136761573,22297.796956820297,22224.632937891878,22283.35124090284,702.5352127653682
2023-03-01 13:15:00,22272.535486364846,22353.99381987569,22226.25263157181,22272.961748349335,743.7985506364873
2023-03-01 13:30:00,22273.184513916083,22315.100628245073,22224.509907017455,22290.240753550297,840.2451229421888
2023-03-01 13:45:00,22290.396090465914,22345.558523383665,22284.628694832867,22317.148598336593,868.0246809436501
2023-03-01 14:00:00,22308.30428623673,22398.1085093372,22299.866838529146,22325.983511310034,563.6976021623146
2023-03-01 14:15:00,22317.465022717573,22412.763614046653,22312.326385979348,22328.65528495087,1441.8591941322109
2023-03-01 14:30:00,22318.51343002461,22411.311201469987,22261.89404846731,22321.090476324,745.9484574932101
2023-03-01 14:45:00,22319.591918231472,22387.197449817253,22319.591918231472,22344.556979586003,680.5575285844484
2023-03-01 15:00:00,22347.575260305213,22395.237457071922,22302.752063212458,22336.762119105115,988.3315394539972
2023-03-01 15:15:00,22331.134047358646,22382.55479131972,22296.252124489405,22350.56480147451,991.6382347412598
2023-03-01 15:30:00,22347.069011830914,22366.80195991402,22269.995198781562,22343.9335035255,1156.6470340834849
2023-03-01 15:45:00,22358.199374257798,22394.23948480538,22281.389374639624,22338.508305062463,618.2089879004153
2023-03-01 16:00:00,22333.57292923481,22342.450826161563,22280.087076053973,22299.900922090623,787.2936816718425
2023-03-01 16:15:00,22300.57537793812,22387.00157424946,22290.991970952822,22314.93713390976,992.4742935374913
2023-03-01 16:30:00,22324.227002210977,22363.349162948096,22250.59659709334,22327.49738660664,961.2220109662485
2023-03-01 16:45:00,22325.76178842794,22344.118684484598,22300.154170010945,22318.016681567096,1025.3237403516512
2023-03-01 17:00:00,22319.219305579416,22373.997307302594,22292.757079575797,22355.661149282543,625.7174200641903
2023-03-01 17:15:00,22358.450200174826,22455.354648478482,22332.760261031428,22371.42015278416,631.2765419797239
2023-03-01 17:30:00,22367.860091507795,22401.973546471047,22327.761807580304,22360.505453218622,1080.0062689388358
2023-03-01 17:45:00,22356.864388722177,22367.702942994027,22299.328224988854,22345.338687145162,1551.241084439244
2023-03-01 18:00:00,22351.33234768268,22353.198778809197,22295.920925396153,22337.8600280362,801.2970753466425
2023-03-01 18:15:00,22345.3001274562,22395.81770767042,22273.351811168253,22322.533764837157,1512.7548220993144
2023-03-01 18:30:00,22318.555025401896,22347.40911060403,22314.41261148964,22329.81184351046,749.5719602261921
2023-03-01 18:45:00,22320.002061728268,22370.834202388676,22246.626704254773,22333.85283831184,822.0986028003153
2023-03-01 19:00:00,22344.4099653238,22423.124109498363,22337.69151482009,22353.950174079386,602.4898244614823
2023-03-01 19:15:00,22353.851989203744,22484.61494384888,22332.54040695251,22388.777294125583,1539.741081975722
2023-03-01 19:30:00,22395.324037412818,22405.47827231936,22374.464217036235,22391.157203511873,524.6503454415109
2023-03-01 19:45:00,22396.13984174983,22439.350347596675,22396.13984174983,22416.859645774675,693.8475973098438
2023-03-01 20:00:00,22412.42850282725,22494.038561431647,22399.314527344814,22428.64742998676,935.2685731575751
2023-03-01 20:15:00,22427.900286052296,22476.06864725388,22395.12297277853,22424.898327929674,1057.491358822102
2023-03-01 20:30:00,22438.327476696824,22448.246266167414,22347.473395247685,22421.483403285732,566.2928360741994
2023-03-01 20:45:00,22410.11196397908,22528.45437719577,22410.11196397908,22453.733346907913,601.1274062819002
2023-03-01 21:00:00,22452.97675808375,22547.369478398537,22439.643329018698,22472.789585098242,688.7493214699845
2023-03-01 21:15:00,22475.29841433698,22491.90077833864,22421.753118173245,22473.472641609016,549.0512777587926
2023-03-01 21:30:00,22476.553524124098,22481.266859715586,22369.852518776872,22425.440815236143,1500.8597662442075
2023-03-01 21:45:00,22427.800750125916,22438.379023766014,22374.971604891194,22412.204343117395,560.9705131263673
2023-03-01 22:00:00,22409.548799984328,22450.982032798805,22382.47610560384,22416.85924255589,1224.9584148099837
2023-03-01 22:15:00,22409.042237194917,22444.28875122873,22371.026050732562,22394.27744966967,668.849678524493
2023-03-01 22:30:00,22388.734963322102,22445.095747054118,22388.734963322102,22415.16250302292,820.6509016426972
2023-03-01 22:45:00,22408.627924334844,22489.114075889913,22408.627924334844,22459.512461460992,674.073508590011
2023-03-01 23:00:00,22451.209318238216,22482.568109182856,22377.23326576716,22449.962243276976,651.5649605403099
2023-03-01 23:15:00,22457.54736608905,22488.94577555935,22421.490376564285,22451.477577834896,1817.6495596410753
2023-03-01 23:30:00,22446.25826607036,22480.698545197287,22406.44025648325,22443.04005455253,590.0549017590886
2023-03-01 23:45:00,22442.682269360434,22482.697671174144,22409.694875702673,22439.19671443301,810.1238321460725
2023-03-02 00:00:00,22436.957039640383,22494.501680173988,22405.683807022782,22436.153269949,545.2384895898422
2023-03-02 00:15:00,22443.929369527697,22514.168932388773,22443.929369527697,22488.10078732057,1182.844819258601
2023-03-02 00:30:00,22484.132512032244,22496.57389374696,22421.220290958216,22481.170373687055,914.5385823909297
2023-03-02 00:45:00,22482.159150903426,22508.697141209803,22465.55958655612,22486.88351134727,553.337273433126
2023-03-02 01:00:00,22476.003277592525,22542.660416057704,22433.033033061434,22501.74667392739,962.8304103755726
2023-03-02 01:15:00,22510.91159183833,22543.67005146691,22463.142200296945,22529.509078165953,609.6503469961555
2023-03-02 01:30:00,22509.502340824703,22575.751160334174,22485.123175464403,22509.448760565258,701.6760282382363
2023-03-02 01:45:00,22512.64061058327,22522.993011222665,22429.350686010046,22484.868972706707,682.486546444557
2023-03-02 02:00:00,22478.90667026383,22556.687663073404,22414.31866021735,22477.378330947984,749.0865283886405
2023-03-02 02:15:00,22474.572895371428,22558.577511408486,22439.860537853394,22495.154413946348,1076.7133527578858
2023-03-02 02:30:00,22493.39598289146,22523.61359239469,22466.248394346738,22495.693778808145,672.2078108903937
2023-03-02 02:45:00,22490.048327886845,22529.613502433338,22382.790232293435,22503.55223603766,798.9455354846231
2023-03-02 03:00:00,22515.909365747353,22564.79816042999,22483.851506562096,22529.172964694473,983.6075028820832
2023-03-02 03:15:00,22524.772984844967,22557.26873364843,22490.484246391952,22507.611014438466,588.0400600992815
2023-03-02 03:30:00,22504.184630959844,22589.47596371992,22421.746870418243,22490.29241911563,694.715617973571
2023-03-02 03:45:00,22485.23015766394,22510.29181193954,22446.00395705216,22493.13439937045,541.399028027514
2023-03-02 04:00:00,22507.793281668677,22507.793281668677,22408.971525528374,22484.563039490396,1257.4561086402396
2023-03-02 04:15:00,22478.880113064984,22554.028765713116,22448.9868801305,22488.650072063512,866.1913354671019
2023-03-02 04:30:00,22490.237994718707,22600.192944585135,22487.44874187953,22511.224409356462,1676.5596289280309
2023-03-02 04:45:00,22504.474620636647,22581.30350826042,22497.05708898484,22525.343773112832,604.002070921373
2023-03-02 05:00:00,22519.341130428234,22522.067801378216,22482.071539833192,22505.00355292453,817.6075392528476
2023-03-02 05:15:00,22508.857690972385,22534.03629464559,22470.7395699786,22494.345009527868,1700.3754775158607
2023-03-02 05:30:00,22509.944778480298,22558.22515226326,22428.97463306859,22495.30070347246,507.20110457307175
2023-03-02 05:45:00,22501.076945297194,22530.233766470643,22464.080552864016,22515.60366946899,631.371348969832
2023-03-02 06:00:00,22512.86554960215,22541.747255009595,22482.02708731902,22509.395406430056,545.402957344976
2023-03-02 06:15:00,22512.19087786744,22572.026681285333,22432.478364560666,22512.984296884555,1045.4763787065335
2023-03-02 06:30:00,22494.038265644274,22571.786075453805,22423.83115925373,22475.226388296043,1200.6956120702214
2023-03-02 06:45:00,22478.471393901444,22512.645284986218,22451.207472161834,22480.779300099934,690.5067729118648
2023-03-02 07:00:00,22473.467756380407,22486.9887076013,22411.446740773154,22468.60619665026,777.3869887316895
2023-03-02 07:15:00,22469.595144723608,22503.037755640522,22423.818115470753,22461.236146028554,761.3400004539375
2023-03-02 07:30:00,22465.712891891566,22523.91211741484,22442.97880255441,22470.702296738455,735.8193216971149
2023-03-02 07:45:00,22481.749175171193,22566.97612688534,22421.743597885248,22484.233889817646,802.906353611923
2023-03-02 08:00:00,22474.124877533017,22528.59544776849,22454.250751834563,22502.399646991387,584.8733084614504
2023-03-02 08:15:00,22504.520931263916,22546.33598359897,22472.36387117861,22514.435918585485,588.8525918628748
2023-03-02 08:30:00,22528.83680497041,22574.218994897867,22496.407131082455,22522.40828591933,976.2487390453246
2023-03-02 08:45:00,22528.86737069227,22528.86737069227,22476.438478775348,22507.19909357961,847.8601753291705
2023-03-02 09:00:00,22514.999330263916,22542.34162885452,22434.036938484234,22507.328440313984,1201.006258863563
2023-03-02 09:15:00,22503.78428031973,22524.46443469826,22426.862186178205,22510.476421945255,1095.5453803262637
2023-03-02 09:30:00,22517.352642407513,22570.205919487074,22509.80194780924,22552.754085063363,1173.3712401516314
2023-03-02 09:45:00,22550.700823388543,22551.8747355748,22444.014767572477,22531.35624011395,699.3894448484597
2023-03-02 10:00:00,22535.002114111092,22660.8818986132,22530.592941441668,22568.889691454046,585.2119566304771
2023-03-02 10:15:00,22567.434951903335,22668.35337166542,22530.920401078376,22583.104500309233,1015.2761273456699
2023-03-02 10:30:00,22574.8716484575,22662.93285119887,22574.8716484575,22622.51009403497,679.3275474913167
2023-03-02 10:45:00,22627.367603763752,22663.452389925136,22574.690427883117,22637.537395601124,786.01037275424
2023-03-02 11:00:00,22626.621580922994,22687.857201782546,22546.345388290185,22641.066812697987,797.0132515055434
2023-03-02 11:15:00,22643.504164424434,22698.040770465064,22588.149392780153,22606.5245835757,706.3900417220652
2023-03-02 11:30:00,22591.112785612608,22672.922661598615,22586.06599418848,22614.638372180365,808.5959757318691
2023-03-02 11:45:00,22600.48278601033,22674.361167596617,22591.905138053913,22621.90890254116,754.8566840256846
2023-03-02 12:00:00,22617.411798121986,22674.53641403956,22613.114229717397,22632.749539983637,944.0492796466066
2023-03-02 12:15:00,22638.37497639985,22662.421238239087,22614.38044312057,22634.126340077008,990.5088887319927
2023-03-02 12:30:00,22632.979787194563,22701.38809693087,22577.34346536748,22627.07093899833,891.7176009882266
2023-03-02 12:45:00,22622.98089046053,22738.981420670283,22598.09996028968,22634.453362170156,701.9827694959432
2023-03-02 13:00:00,22640.404747351968,22664.108606409744,22611.21356838166,22641.813048106378,741.6965470020634
2023-03-02 13:15:00,22637.940468991368,22692.43554038053,22581.268425539674,22660.175174649088,877.0436183348239
2023-03-02 13:30:00,22656.439032541643,22680.490609163226,22626.82454314827,22646.37358773044,641.9890612016188
2023-03-02 13:45:00,22644.155573840028,22681.897053865694,22600.230053861047,22652.415793725413,773.3354946845858
2023-03-02 14:00:00,22657.440260626223,22677.149922075212,22549.10305106256,22649.909278870335,909.7368574958002
2023-03-02 14:15:00,22651.261897447028,22666.91305275695,22567.607002239125,22637.716682298902,530.876426287028
2023-03-02 14:30:00,22615.851800168195,22687.983249695102,22615.793906142106,22650.582458582543,789.0221201350824
2023-03-02 14:45:00,22637.020852063342,22673.33407760403,22595.444735248955,22651.01471259603,988.4052189832054
2023-03-02 15:00:00,22653.01695792372,22732.26603126312,22644.167362283726,22659.02466254665,549.0257669329768
2023-03-02 15:15:00,22663.187902719754,22711.345909437096,22625.025159164776,22652.091547218177,876.0159348235691
2023-03-02 15:30:00,22660.349243576926,22737.077493314584,22660.349243576926,22689.298048754557,712.7514033902785
2023-03-02 15:45:00,22675.60731609999,22741.04221566105,22636.101381207645,22689.300060266985,1199.8124624466427
2023-03-02 16:00:00,22698.03961097272,22772.41430127439,22696.745243265494,22722.03214256482,783.5647867404576
2023-03-02 16:15:00,22705.057391943028,22774.463690459786,22705.057391943028,22752.67675554924,574.891945446332
2023-03-02 16:30:00,22761.11568425983,22787.706038794324,22717.783590978524,22762.557812291685,568.6026340477997
2023-03-02 16:45:00,22776.021583537815,22903.289295707218,22756.39613131592,22789.535969569228,867.8740260513504
2023-03-02 17:00:00,22790.192952755388,22793.546905307725,22682.340032956985,22773.2662965665,1453.311436456098
2023-03-02 17:15:00,22770.33080966972,22830.992343575243,22744.620934859682,22810.625941171536,1012.0590937883703
2023-03-02 17:30:00,22811.053019168154,22871.064482411723,22762.61568112402,22804.34193449006,605.2141293760614
2023-03-02 17:45:00,22797.25125425915,22951.65718515568,22759.86205683955,22829.979582726588,2377.925315616188
2023-03-02 18:00:00,22829.468887694635,22929.526146538374,22789.2497648065,22841.082340527188,525.5480741909385
2023-03-02 18:15:00,22837.955515052563,22872.458434147666,22721.301148234255,22818.132384240478,1635.6857605422338
2023-03-02 18:30:00,22820.79051523594,22854.798437861416,22777.673383668985,22798.410948793146,659.1515739994463
2023-03-02 18:45:00,22788.430819607293,22838.4198669902,22729.698915965302,22814.084847752005,920.2148380065428
2023-03-02 19:00:00,22811.421284130327,22811.421284130327,22760.925369006018,22776.110326393835,970.3267059917438
2023-03-02 19:15:00,22776.36607528815,22879.706245086563,22737.21467145388,22785.20725930565,667.97509720377
2023-03-02 19:30:00,22781.00536818542,22828.286983896207,22739.258104989196,22785.127570649427,735.4399212851637
2023-03-02 19:45:00,22790.001055054614,22851.246509282497,22781.992060426273,22803.815723613658,636.1157488309858
2023-03-02 20:00:00,22800.264052151437,22851.422115508987,22800.264052151437,22819.31512692841,599.0594282489064
2023-03-02 20:15:00,22821.067374232167,22853.98267807595,22794.930473128756,22812.44055757929,1376.6872261813885
2023-03-02 20:30:00,22819.335406999162,22823.204118050242,22729.380543066694,22793.271170041764,668.2438615267512
2023-03-02 20:45:00,22800.12205516757,22815.146765379497,22716.384215232927,22787.842478049515,752.7124088954721
2023-03-02 21:00:00,22793.109018005347,22846.828123440628,22756.59830293061,22807.413212656935,1765.1494780524101
2023-03-02 21:15:00,22800.345812469106,22911.56668590022,22728.35582158315,22800.141821125726,1599.3097462750925
2023-03-02 21:30:00,22806.701392119943,22854.563747831075,22682.9853860485,22808.422437935074,789.0001809440841
2023-03-02 21:45:00,22806.46148668046,22843.78578966406,22788.933927320733,22812.541557374025,646.6579012870891
2023-03-02 22:00:00,22823.862454188504,22862.45050029769,22806.675628298493,22832.973799789805,1142.0368633489363
2023-03-02 22:15:00,22836.359254635834,22891.41142750211,22757.149684940436,22807.244971307595,689.8289377745886
2023-03-02 22:30:00,22808.307763894398,22849.15596811951,22758.05362974761,22802.193490014637,600.7001847062687
2023-03-02 22:45:00,22787.474313619317,22837.222092058888,22772.92956036787,22804.88957395338,877.4294196799066
2023-03-02 23:00:00,22810.654108991017,22851.220039521515,22730.922632585025,22774.331063102778,1522.901248433545
2023-03-02 23:15:00,22763.326205256722,22837.565550654075,22705.455597824664,22778.151957655886,528.6445397022943
2023-03-02 23:30:00,22784.78785718759,22796.291407488996,22735.41499390845,22768.572030671643,705.7362301135594
2023-03-02 23:45:00,22770.693702559576,22812.751491068047,22751.55820998145,22782.362741399822,877.2310334732019
2023-03-03 00:00:00,22779.701364001514,22938.91490222814,22779.701364001514,22840.261449514164,764.1211692724564
2023-03-03 00:15:00,22835.634573820764,22938.812670630894,22808.63146382827,22858.01272456329,1496.6919929134847
2023-03-03 00:30:00,22854.123356370754,22899.034257460393,22797.568983297642,22831.071903331507,728.9617492687022
2023-03-03 00:45:00,22841.166150176134,22891.765588473707,22783.858192073847,22869.228454740853,786.3715801714436
2023-03-03 01:00:00,22868.166326248156,22919.815828313123,22855.526843533622,22876.829411026167,535.0825467630401
2023-03-03 01:15:00,22881.319506575805,22941.55040711828,22867.331944771373,22916.903936877563,715.4798369715746
2023-03-03 01:30:00,22911.945095976433,22965.727989339248,22907.924592001775,22941.952082597047,802.3398606585306
2023-03-03 01:45:00,22952.52128098068,22967.519117391967,22844.04665769864,22946.281987848746,668.3027313207866
2023-03-03 02:00:00,22953.048803188918,23005.763861444895,22865.201681696675,22945.528358827654,814.6850636788674
2023-03-03 02:15:00,22947.128367344536,22962.384151747032,22837.6846921114,22906.321867232164,649.3846365754055
2023-03-03 02:30:00,22912.174152449374,23021.678974813665,22905.977343276816,22945.407278108185,1033.5790026844243
2023-03-03 02:45:00,22954.56790157409,22959.6112887468,22877.035394943672,22933.285657161778,866.2593739088039
2023-03-03 03:00:00,22925.103202499697,22972.368831830372,22836.84145729405,22897.00323212092,1189.981954442054
2023-03-03 03:15:00,22897.060656883725,22977.006853723215,22826.845383148895,22917.726090365104,645.7885874646164
2023-03-03 03:30:00,22920.91635025203,23009.678318387178,22875.110565171686,22931.82853206606,702.6850884640892
2023-03-03 03:45:00,22927.04089277748,22951.79062959911,22856.132539704002,22913.190723200933,973.4658141238219
2023-03-03 04:00:00,22900.71727334803,22934.797858153233,22834.719591182802,22900.285328376416,568.4658173248904
2023-03-03 04:15:00,22899.83852998903,22974.711084668244,22765.27575101344,22899.863147285516,720.911047156298
2023-03-03 04:30:00,22904.548762256607,22923.414437512358,22867.788015905004,22899.574494908647,622.7421968666266
2023-03-03 04:45:00,22901.766571730892,22954.280735651184,22826.702078105645,22871.558302587826,981.5126649722406
2023-03-03 05:00:00,22876.84865714986,22927.329458346678,22764.439922275822,22866.250360717033,650.4148701753674
2023-03-03 05:15:00,22871.69848020509,22871.69848020509,22767.752547068263,22811.04466424153,895.6382154102795
2023-03-03 05:30:00,22797.43236568418,22812.49147997332,22763.043654948637,22798.485799307015,916.3355581317084
2023-03-03 05:45:00,22809.28555104741,22819.744272103406,22723.66878806299,22771.114390471186,578.7536196446139
2023-03-03 06:00:00,22771.12704167025,22823.66186029252,22715.587764947566,22804.996334589483,1379.309147453834
2023-03-03 06:15:00,22801.548270317373,22844.690792927122,22755.814461197635,22813.72432939331,802.1614914331176
2023-03-03 06:30:00,22816.17359012365,22850.00132676723,22748.132702056148,22807.512487599524,593.8945841390093
2023-03-03 06:45:00,22801.856268524745,22833.947430670618,22792.824524389907,22817.374325437955,560.8631802451698
2023-03-03 07:00:00,22820.523603921265,22857.39720144942,22756.036872471668,22817.4959061659,1148.0808628864293
2023-03-03 07:15:00,22822.871756152646,22822.871756152646,22710.36977520371,22760.908891731542,2085.2281314983425
2023-03-03 07:30:00,22761.146099851598,22838.704241736275,22729.071228834022,22793.307979745416,880.2916009290389
2023-03-03 07:45:00,22787.00010356332,22821.575092536612,22750.978526240775,22780.78852986947,942.704625568225
2023-03-03 08:00:00,22771.168424902786,22821.891243304177,22745.082877020526,22775.596905037633,639.4045915343736
2023-03-03 08:15:00,22767.602889522946,22832.66784903039,22743.45575946327,22800.04039379316,1219.8870814380048
2023-03-03 08:30:00,22801.611091429477,22941.57557547901,22801.611091429477,22837.489324594724,680.9905952703978
2023-03-03 08:45:00,22848.47722673478,22854.52446245888,22792.83046819289,22832.006380005896,541.9987651274635
2023-03-03 09:00:00,22840.521397573426,22908.05861455392,22790.49681991528,22844.17481214417,602.2325145123222
2023-03-03 09:15:00,22842.741252007294,22908.349715782257,22802.418370380117,22870.835762800092,589.2775601899395
2023-03-03 09:30:00,22875.211554533675,22916.261747629283,22833.883774141163,22884.052668204946,575.720114795893
2023-03-03 09:45:00,22892.2151748952,22954.602924694227,22888.915595725073,22916.632757218442,606.648017173602
2023-03-03 10:00:00,22919.81750961944,22941.017289994208,22840.951324963895,22918.390018555103,624.188130635991
2023-03-03 10:15:00,22918.114072688484,22974.699554912888,22902.04267676182,22949.751110868157,1049.3301497971331
2023-03-03 10:30:00,22955.55228031776,22955.55228031776,22900.680763336954,22923.562637281702,864.6576684600275
2023-03-03 10:45:00,22929.007592605896,22963.94594360346,22867.78662881718,22917.30550448179,752.2532769474714
2023-03-03 11:00:00,22918.880870901452,22969.581173594997,22836.379055209938,22907.629017077936,1022.8524461963427
2023-03-03 11:15:00,22903.059059781437,22930.65800920909,22867.959382866287,22909.049571497566,1145.3037249344688
2023-03-03 11:30:00,22902.7809707448,22902.7809707448,22805.8814397726,22860.440196311738,876.3308276463636
2023-03-03 11:45:00,22859.497704922007,22901.72553085266,22859.497704922007,22881.064662326655,772.3950383715434
2023-03-03 12:00:00,22876.346247736943,22956.247728388014,22750.86833725368,22848.03093931644,1098.0649343967536
2023-03-03 12:15:00,22853.945550387212,22922.658760557166,22853.945550387212,22890.305102262264,1771.735389008387
2023-03-03 12:30:00,22891.29684522788,22894.019055304147,22845.527341775538,22860.193177294437,886.3605296042911
2023-03-03 12:45:00,22867.140894209984,22955.98869113851,22821.049803226775,22850.719231203137,785.2985441261409
2023-03-03 13:00:00,22855.41816443325,22888.869760935406,22840.45365100149,22862.946367938886,648.4521356025034
2023-03-03 13:15:00,22859.82488430624,22895.365420206865,22846.83619124965,22862.047444968943,1849.8169861234692
2023-03-03 13:30:00,22858.176071226506,22899.04936992388,22840.065654573704,22864.318611907485,598.9750171497836
2023-03-03 13:45:00,22865.864657803395,22912.472586730477,22800.325415519015,22875.335079335448,717.4319056968824
2023-03-03 14:00:00,22867.973370630276,22925.876446907158,22840.079018282788,22875.55192609408,1530.654597287368
2023-03-03 14:15:00,22875.464433810976,22921.850409469767,22763.690963124274,22853.85433152217,1059.712610130932
2023-03-03 14:30:00,22838.164533690906,22897.726984074725,22810.29859381935,22882.15057782719,611.8123461944431
2023-03-03 14:45:00,22878.12902184455,22878.12902184455,22815.574355445206,22850.87399771953,639.0841488182523
2023-03-03 15:00:00,22842.91923328994,22891.512101659417,22829.773605518378,22849.16190668179,727.9386627394922
2023-03-03 15:15:00,22855.40778602353,22885.751188290615,22795.717938024474,22836.68251736921,550.0605290731272
2023-03-03 15:30:00,22840.2429056608,22858.51149587174,22800.72904201686,22839.68560096473,1201.7458491071454
2023-03-03 15:45:00,22836.383594653526,22909.182985672636,22807.36297638343,22852.93142842145,1088.5114719656622
2023-03-03 16:00:00,22841.834506710285,22897.908206150227,22805.613061598364,22831.62741051717,584.1434081191055
2023-03-03 16:15:00,22837.70317599137,22863.257012016693,22784.62715634888,22813.51336709124,646.9296222837747
2023-03-03 16:30:00,22808.08246729604,22876.68750406481,22763.572075978114,22797.30920667612,625.9066537975706
2023-03-03 16:45:00,22784.33884270678,22856.330193211637,22770.93925972457,22793.413264351624,1552.3137385055616
2023-03-03 17:00:00,22780.806874856193,22791.321858889627,22741.890136304668,22759.50177997261,847.0663546882547
2023-03-03 17:15:00,22756.585673411122,22840.30686410778,22749.155778595763,22765.888470827816,754.9507305796313
2023-03-03 17:30:00,22765.482820950747,22859.841685843978,22762.724388665578,22782.35438414433,571.2421402618211
2023-03-03 17:45:00,22787.455880104026,22807.236202979097,22752.10539522192,22770.818592107687,701.8180827098009
2023-03-03 18:00:00,22775.525561205384,22838.240411368984,22775.525561205384,22802.609209570204,724.106137565209
2023-03-03 18:15:00,22804.672040545433,22839.074485643443,22768.505266769535,22820.229735573652,548.7518790715898
2023-03-03 18:30:00,22817.492279552087,22864.587911982766,22762.37859003756,22818.161836947016,671.142579997396
2023-03-03 18:45:00,22810.52499189681,22875.968567370808,22809.499496240795,22832.996076462132,547.8087501647581
2023-03-03 19:00:00,22832.915857787673,22863.277826177313,22828.14256218348,22847.636854044376,744.9138107014817
2023-03-03 19:15:00,22844.52262719742,22866.61960738745,22790.073005985167,22832.052138585786,1859.8924741267613
2023-03-03 19:30:00,22834.976441524206,22900.096116411303,22799.555315727815,22842.94236486703,790.7649281099623
2023-03-03 19:45:00,22838.71493854493,22842.183394670574,22809.400993919182,22823.287861201687,915.3946694275514
2023-03-03 20:00:00,22823.789980921316,22869.25463865878,22712.397253119172,22817.2799384123,550.7383548122153
2023-03-03 20:15:00,22827.688392982334,22919.27221013226,22779.532767837376,22830.481538975422,1112.1418162899085
2023-03-03 20:30:00,22830.053801973503,22944.05894436269,22797.291405350283,22859.119063664413,1206.7067902187289
2023-03-03 20:45:00,22854.8690683134,22878.181461932236,22801.956699680773,22843.68295916891,682.4954504951471
2023-03-03 21:00:00,22843.537154374677,22895.361573962073,22783.057052711003,22817.42892310805,581.5976839293627
2023-03-03 21:15:00,22813.285234771392,22846.278254431436,22807.382702530125,22828.498127443974,607.1953068232847
2023-03-03 21:30:00,22817.791401702154,22931.70723013072,22760.68689152301,22851.89742601435,3237.7337889498694
2023-03-03 21:45:00,22861.11014386038,22934.270355729273,22806.45018214371,22878.42695994649,1163.0156649261562
2023-03-03 22:00:00,22880.590961745012,22984.862741500172,22866.253006007533,22888.28573721736,571.4614747754865
2023-03-03 22:15:00,22880.684261941213,22938.482824257248,22861.639633013787,22899.919840843773,1000.692218353644
2023-03-03 22:30:00,22905.474919727974,22905.474919727974,22849.200071979092,22886.67018151968,1198.492870873659
2023-03-03 22:45:00,22897.623723604604,22941.60312210402,22855.374484816424,22881.00338490518,512.3865773560162
2023-03-03 23:00:00,22877.674159812785,22948.4525461325,22849.231130101274,22879.59061263643,1070.6676876082474
2023-03-03 23:15:00,22891.334320636106,22939.71981878268,22868.62576189162,22891.262199847653,545.3784500610498
2023-03-03 23:30:00,22903.10111839546,23034.027878041816,22868.74259669722,22925.061089214338,1033.3323431869276
2023-03-03 23:45:00,22916.697658636233,22981.35750511999,22846.302754270964,22902.590632138224,566.0042106965407
2023-03-04 00:00:00,22900.334585992685,22960.11896932477,22900.334585992685,22943.635578661688,785.5474151220144
2023-03-04 00:15:00,22947.315433715212,22947.315433715212,22848.89617328654,22919.52073402389,844.9105202814528
2023-03-04 00:30:00,22912.611908215014,22924.786606703605,22878.36883677418,22901.90954152917,547.3031595296943
2023-03-04 00:45:00,22909.03836079717,22934.043443194783,22873.349618155476,22917.320512237813,661.8950934861076
2023-03-04 01:00:00,22917.592072756957,22927.388762084207,22896.872975270355,22912.78730604766,1802.887415629108
2023-03-04 01:15:00,22911.236092864045,22980.493559089755,22881.89325632421,22910.35762395411,562.4103909279096
2023-03-04 01:30:00,22915.386998200884,22915.386998200884,22849.317153239517,22893.030067176023,867.3605391815207
2023-03-04 01:45:00,22882.360680231945,22946.8454187642,22809.79512093061,22887.16886251228,624.6855968895654
2023-03-04 02:00:00,22890.49512297296,22904.774002422128,22847.354356152788,22873.93412856183,766.7725957321676
2023-03-04 02:15:00,22867.741125067954,22943.504629555537,22812.973744531377,22853.515901208364,567.5199886946876
2023-03-04 02:30:00,22858.307989043893,22899.57239481113,22798.387408508646,22840.438551665986,913.9290025618536
2023-03-04 02:45:00,22852.650621646477,22946.900748799646,22743.97860475668,22826.051371046833,816.9680627214157
2023-03-04 03:00:00,22831.60562314445,22897.078277429977,22761.737299276785,22805.86687192716,667.560381705595
2023-03-04 03:15:00,22805.946764969507,22851.841285230963,22759.482307035167,22795.65108850982,573.4817432205344
2023-03-04 03:30:00,22798.297967194052,22799.58371435963,22753.152932914752,22775.481393372633,902.6104110751163
2023-03-04 03:45:00,22778.953626893508,22867.999723755882,22751.424591228337,22799.836525483755,1154.2710003674194
2023-03-04 04:00:00,22811.946528138076,22812.0920523371,22714.9906653892,22775.83475084015,1163.174331666092
2023-03-04 04:15:00,22775.118377219795,22811.883510887063,22726.280697916667,22781.681796828067,608.3458511267447
2023-03-04 04:30:00,22776.40167174482,22827.680700126835,22739.07279095546,22779.042291101556,683.4856185913777
2023-03-04 04:45:00,22772.43208433732,22869.416540304162,22710.962247220134,22779.58784073255,887.9614311902976
2023-03-04 05:00:00,22772.52993109132,22898.59758050816,22741.785823197526,22821.259889543642,1119.4456035431524
2023-03-04 05:15:00,22810.01239395477,22833.790876218896,22746.675375817926,22818.22801020745,624.3253387564587
2023-03-04 05:30:00,22807.041229289578,22918.114055996488,22760.880498747832,22847.966291793364,852.6671269967334
2023-03-04 05:45:00,22850.84021831232,22857.84562007372,22788.769999056844,22843.956582229323,591.5518995539757
2023-03-04 06:00:00,22849.36165112367,22924.495120844025,22838.616172141814,22875.28155924645,599.887191364081
2023-03-04 06:15:00,22875.68874467493,22914.731739874747,22842.781893211588,22866.261757744738,716.703377628843
2023-03-04 06:30:00,22868.26922725878,22908.295307779645,22809.44943488332,22881.2189144968,683.3953082911489
2023-03-04 06:45:00,22892.610959189158,22981.374065480188,22864.98894347722,22899.34693347883,614.6683606963418
2023-03-04 07:00:00,22916.261637255437,22944.527867425873,22897.664482612876,22922.766785970853,991.2136159760163
2023-03-04 07:15:00,22917.46249108824,22938.512471752674,22868.50249485389,22919.414653345644,533.7421108192364
2023-03-04 07:30:00,22928.376065821238,22960.348989266506,22843.227112240365,22927.25700981865,892.8632375424148
2023-03-04 07:45:00,22924.682231918803,22993.09488611475,22860.163106563967,22942.817152033833,777.7262739992366
2023-03-04 08:00:00,22957.041933010052,22977.720429020857,22938.18406461092,22959.457329445395,943.588810604356
2023-03-04 08:15:00,22964.72823001365,23030.15317914506,22914.693468378293,22954.478504651117,1049.7004359332454
2023-03-04 08:30:00,22951.275506020138,22951.275506020138,22864.254588845728,22911.791903445563,661.3436285083493
2023-03-04 08:45:00,22900.427039025242,22920.015155662848,22818.512319662164,22894.13154161394,909.3930554154864
2023-03-04 09:00:00,22891.78798806354,22956.146274342194,22891.78798806354,22934.579482196084,820.1749383122074
2023-03-04 09:15:00,22934.098161072572,22976.44823713148,22891.71317834893,22912.702053190173,1255.8026903912678
2023-03-04 09:30:00,22913.92220332011,22946.26524876622,22892.069318673086,22917.091223685842,959.6604999409554
2023-03-04 09:45:00,22919.437854553307,22953.33911517565,22906.692727175938,22925.282212339447,812.5333774988048
2023-03-04 10:00:00,22909.929310889358,22990.3782228623,22909.929310889358,22975.48083456845,635.1444332598367
2023-03-04 10:15:00,22991.228415293815,23093.835821511795,22955.273933037326,22991.91225367834,1750.852516265536
2023-03-04 10:30:00,22988.767422453384,23043.860040353,22988.767422453384,23007.70547171313,677.4640986022681
2023-03-04 10:45:00,23012.769231356542,23088.042261122686,22944.357058925605,23038.562246212652,740.1206577314938
2023-03-04 11:00:00,23021.940465028354,23130.14454420381,23021.335774533327,23051.266508080837,598.0063531889411
2023-03-04 11:15:00,23063.565663391313,23069.185406603356,23012.767954651015,23047.04662689584,1210.328899948201
2023-03-04 11:30:00,23053.366524291992,23121.041177866628,23017.445098963522,23046.317440799987,819.5664006159042
2023-03-04 11:45:00,23044.713739091534,23109.139362089103,23016.52902623225,23040.090806771037,743.2308879218947
2023-03-04 12:00:00,23047.293732575963,23089.23602681755,22974.66261992351,23029.646374346634,1683.9128514875913
2023-03-04 12:15:00,23025.311577581648,23029.71776464593,22936.63765212309,23011.214505342286,1110.2466350048887
2023-03-04 12:30:00,23005.43943632962,23052.47305204877,22970.065048815533,23037.67502316768,812.8933746852241
2023-03-04 12:45:00,23036.16887497626,23128.3520379263,23036.16887497626,23073.57741444594,1007.9808128267405
2023-03-04 13:00:00,23077.819242914633,23086.408965564166,23019.33322315591,23047.94161797094,1292.8743307090688
2023-03-04 13:15:00,23032.065892287686,23130.158397223706,23032.065892287686,23067.1866225568,548.3694348417196
2023-03-04 13:30:00,23059.7206013603,23059.7206013603,22924.65065010634,22984.674226950734,682.5530656269701
2023-03-04 13:45:00,22982.837512460395,22997.58755631701,22962.450696737782,22979.345317032188,1129.2994928589185
2023-03-04 14:00:00,22977.336008367758,22995.80721034404,22932.598226421876,22970.922029139536,535.1166223603037
2023-03-04 14:15:00,22971.610761176606,22992.257762287132,22943.269508109537,22972.851752012313,634.5647208405408
2023-03-04 14:30:00,22969.349215898364,22992.873542844427,22879.68398336707,22964.375626826597,1519.1868529438352
2023-03-04 14:45:00,22973.78191142809,23060.93233783825,22957.313391572996,22982.811869482157,764.2415218656085
2023-03-04 15:00:00,22993.51861643223,23056.49072467075,22924.73767806226,23001.93681457865,615.2071989762856
2023-03-04 15:15:00,22987.5861740428,23082.083922887603,22987.5861740428,23012.020586887513,1397.3650205716222
2023-03-04 15:30:00,23014.493640796118,23088.20074332415,22922.636470093184,22994.555985189952,555.4700085590198
2023-03-04 15:45:00,22993.695862782537,23030.400138402376,22944.737704072202,23007.65252968212,530.2304176031796
2023-03-04 16:00:00,23004.384764949726,23060.17889741141,22965.25754943606,22999.3136963481,674.1172624586156
2023-03-04 16:15:00,23003.849017180564,23098.17259696098,23003.849017180564,23020.20009783566,656.1599243706797
2023-03-04 16:30:00,23030.288331053885,23072.042354663416,22977.484520353086,23037.603308136666,623.9412375981246
2023-03-04 16:45:00,23033.976717438956,23101.770741797445,23026.87343019792,23072.68830037285,662.1035180066324
2023-03-04 17:00:00,23069.78139278444,23093.021675509222,23034.55024516784,23070.397881944613,609.1194703099483
2023-03-04 17:15:00,23077.22230936423,23158.13883952941,23077.22230936423,23122.300222855818,615.4415579094239
2023-03-04 17:30:00,23116.223591558446,23189.48416062968,23083.969234843018,23117.54445304887,786.4922624137134
2023-03-04 17:45:00,23119.58017571581,23136.767802199265,23048.492889296165,23089.170794709305,834.7919073975036
2023-03-04 18:00:00,23084.663848213226,23154.412117969103,23064.632749688186,23125.233509491864,627.0756391735355
2023-03-04 18:15:00,23133.47272842892,23206.70749737634,23057.90951176112,23121.018847242696,837.0639915855693
2023-03-04 18:30:00,23117.464884021985,23147.97280483862,23098.667921299562,23128.621350362548,704.4756622203474
2023-03-04 18:45:00,23131.145088053523,23201.494045611493,23091.265115918555,23140.471019234672,1559.4541096547716
2023-03-04 19:00:00,23139.643963446677,23229.199784780358,23114.42463903041,23147.452964465607,541.2027393226223
2023-03-04 19:15:00,23149.783904031356,23198.63428431414,23129.378627673395,23167.851880285216,883.0819808552973
2023-03-04 19:30:00,23160.141013550416,23188.299391327855,23152.473740134217,23172.97871404377,554.9244932055241
2023-03-04 19:45:00,23171.8536207188,23210.638577392005,23113.660728724168,23159.021572218586,1348.0175972286331
2023-03-04 20:00:00,23149.589347268782,23185.011053123286,23138.232301598047,23155.263092979476,561.7902396288048
2023-03-04 20:15:00,23153.107779880902,23189.337111630455,23129.758265955403,23146.769833527185,798.3994166727739
2023-03-04 20:30:00,23153.027622581096,23165.219846621705,23073.1312674049,23144.773864454233,602.2256989515382
2023-03-04 20:45:00,23138.106524949886,23177.41391173651,23129.254266023636,23144.9725560614,1664.5167799439585
2023-03-04 21:00:00,23146.37564834404,23197.634216887243,23099.570941614136,23149.228010840463,608.9711180012384
2023-03-04 21:15:00,23141.91975962689,23169.978513834096,23094.808439970428,23145.434755662223,1017.1953532151066
2023-03-04 21:30:00,23148.03691017606,23178.88740865628,23065.972917377436,23137.272089526457,1012.6456045134393
2023-03-04 21:45:00,23136.314274469867,23163.418703907486,23119.609165179583,23138.04290270955,1102.7025818651193
2023-03-04 22:00:00,23134.453733294024,23168.548718700116,23072.50690498778,23093.23785953261,1728.816620324811
2023-03-04 22:15:00,23096.89571438669,23220.87593938563,23096.89571438669,23137.07458877658,654.7447719438754
2023-03-04 22:30:00,23152.925548970885,23192.668418213372,23116.151699238348,23130.783454425135,797.8249337373366
2023-03-04 22:45:00,23120.08006223211,23131.16978074765,23078.88421959718,23102.93133931955,1023.8361631730762
2023-03-04 23:00:00,23110.75683070416,23137.779837414513,23055.54285316712,23099.84025900167,1113.0348222312882
2023-03-04 23:15:00,23107.24954215082,23107.24954215082,23066.92718568173,23085.736764770416,926.8601580396152
2023-03-04 23:30:00,23083.59261012005,23124.787683361355,23083.59261012005,23110.418399729926,553.8238328709139
2023-03-04 23:45:00,23101.4436159773,23180.851258228573,23085.597936496135,23130.77394269109,703.5170831266234
2023-03-05 00:00:00,23134.297810860604,23208.03072144876,23084.403330242025,23118.1742197171,584.7983250856784
2023-03-05 00:15:00,23105.035916766847,23200.050136721315,23063.116056368628,23141.655592637893,802.4416767866109
2023-03-05 00:30:00,23147.386172655573,23195.018467465103,23062.963974936716,23143.036060933442,986.0822710668853
2023-03-05 00:45:00,23139.518177014063,23164.67111524649,23083.029400036037,23128.54891249941,617.5689677840722
2023-03-05 01:00:00,23127.766751804927,23183.890808334916,23118.118236357186,23150.694760283164,744.8536278024676
2023-03-05 01:15:00,23148.389289880495,23203.7183565602,23130.162623287564,23160.50954417255,550.1305944339051
2023-03-05 01:30:00,23164.122743099128,23172.18061794402,23116.19135368327,23143.317615282944,843.1978374301594
2023-03-05 01:45:00,23140.0459783921,23212.289532011593,23064.994541998654,23124.984629107785,568.8899536133802
2023-03-05 02:00:00,23132.02938658255,23234.741767971456,23023.63700870084,23146.24312654099,664.8734395226909
2023-03-05 02:15:00,23136.63504555553,23199.747677714364,23136.63504555553,23165.225959292107,978.4435309217713
2023-03-05 02:30:00,23163.829308568114,23225.06227925661,23015.4178053071,23143.388374439775,581.3013981174139
2023-03-05 02:45:00,23142.933263430084,23215.758261495517,23047.523101712246,23121.640812702022,696.6018444969226
2023-03-05 03:00:00,23119.106085521547,23150.94584768898,23086.464392615573,23110.92439904875,630.4550026388005
2023-03-05 03:15:00,23112.9385185604,23153.21604923686,22987.080223348934,23095.463679813583,1138.4718626903323
2023-03-05 03:30:00,23078.852902927996,23122.21277191668,23070.798268353155,23094.725449804402,626.3192738935555
2023-03-05 03:45:00,23094.378839766865,23189.611186476126,23093.456322852406,23130.943179795904,827.8704921107243
2023-03-05 04:00:00,23131.615965992343,23152.252409650686,23091.872784004558,23113.880373215048,1219.2036820228395
2023-03-05 04:15:00,23106.757917145584,23147.683102800303,23037.093239643895,23117.336428365215,540.0916511216722
2023-03-05 04:30:00,23120.481961602592,23161.688285337103,23090.37676003223,23105.20213767703,2052.552907036365
2023-03-05 04:45:00,23100.862106684403,23139.281618550558,23041.494524864604,23072.571141726195,1198.584196021944
2023-03-05 05:00:00,23065.939005843484,23105.619748053814,23048.40735417578,23069.601351637964,907.6436757502645
2023-03-05 05:15:00,23074.33835144938,23082.944947442727,22995.70904348645,23060.452572998725,630.1364024216002
2023-03-05 05:30:00,23055.505980938382,23100.26294387171,22956.762076982148,23078.339364858293,648.1006829679559
2023-03-05 05:45:00,23068.642190107774,23111.15887692302,23018.013135914796,23068.814145626035,776.0459286717085
2023-03-05 06:00:00,23065.927203471216,23191.089286036586,23052.888691473312,23079.968366152687,663.979444113814
2023-03-05 06:15:00,23072.49369811683,23136.353972754885,23029.87125578216,23082.04697749776,570.2643328136867
2023-03-05 06:30:00,23077.373403837795,23153.063110694748,22992.221029458386,23087.98117684872,517.5719117208621
2023-03-05 06:45:00,23085.33343524262,23133.003456447404,23070.853140783078,23094.29777978487,1657.410470149793
2023-03-05 07:00:00,23092.916007159733,23169.52724262951,23036.68298340826,23126.69810973083,843.6846206292269
2023-03-05 07:15:00,23125.18173407913,23203.4658856597,23125.18173407913,23161.594652135766,743.5307801830191
2023-03-05 07:30:00,23160.588590256113,23204.77605922245,23129.665171307137,23165.61875811736,1256.0337211262429
2023-03-05 07:45:00,23163.878598859275,23235.904528436196,23146.778066656752,23199.686314810926,734.5803200652365
2023-03-05 08:00:00,23187.03190118673,23195.194346243556,23121.791770689215,23167.855040352788,900.1627982743457
2023-03-05 08:15:00,23171.470576568667,23171.470576568667,23119.77318318531,23151.189557312886,571.4096716224404
2023-03-05 08:30:00,23153.876724753703,23199.621669736778,23128.015951955807,23149.26580127098,566.5316963605326
2023-03-05 08:45:00,23162.3047241725,23259.69836037673,23121.962804949744,23163.15614812961,866.4716022278037
2023-03-05 09:00:00,23151.82334786062,23198.547464296866,23074.01916154386,23119.796973616107,654.3946873066042
2023-03-05 09:15:00,23108.99456271707,23144.36313178393,23045.686562518007,23111.174399960088,756.7357370733512
2023-03-05 09:30:00,23115.601505683677,23119.228910145597,23069.92867311006,23100.50573008488,852.6596060022972
2023-03-05 09:45:00,23096.0256559377,23140.537089374764,23096.0256559377,23120.7016744056,837.9405569126369
2023-03-05 10:00:00,23120.66202154675,23177.638803328624,23060.532282699995,23112.099706976765,838.5987826462122
2023-03-05 10:15:00,23112.85223484816,23148.06108742743,23064.381502884473,23080.00744320852,1038.8722076973347
2023-03-05 10:30:00,23081.174368328288,23117.199765695277,23050.812237523667,23074.539682715564,930.4073848771623
2023-03-05 10:45:00,23072.349905512187,23128.32396351872,23029.040102979194,23057.342715561488,711.9863024208944
2023-03-05 11:00:00,23054.344631027336,23089.20718450918,22987.274830782422,23054.175825594546,794.307777800812
2023-03-05 11:15:00,23051.17845946682,23084.62111497728,23019.225228696876,23044.266437365593,874.362323126787
2023-03-05 11:30:00,23038.189271840973,23038.189271840973,22965.18140128665,22997.780168121513,787.5386847046666
2023-03-05 11:45:00,23006.247499146117,23006.653710339506,22935.44022277067,22981.422121568245,942.4887370432394
2023-03-05 12:00:00,22978.366561423853,23049.398233262847,22950.834376980933,22972.689867717814,808.0968569708936
2023-03-05 12:15:00,22982.397005263036,23003.40770281666,22921.830122492855,22983.57401600954,1377.3754221708778
2023-03-05 12:30:00,22984.854401086133,23060.211675704628,22946.996554412723,22985.28549794371,562.1077413715274
2023-03-05 12:45:00,22973.654839771207,23016.59450225553,22958.60113469414,22973.79226443611,642.9976815834198
2023-03-05 13:00:00,22993.71513170815,22993.71513170815,22918.566714893517,22946.373622268675,895.4429743963157
2023-03-05 13:15:00,22954.345385459077,22954.345385459077,22878.49328950427,22900.816469369463,607.5519472155119
2023-03-05 13:30:00,22907.90415772992,22937.23537876711,22823.425133038192,22914.164515660064,1038.963725051156
2023-03-05 13:45:00,22910.296429665275,22975.849441727998,22877.082356750056,22925.316414950128,909.6471993981231
2023-03-05 14:00:00,22921.912579081694,22996.942748525078,22921.912579081694,22963.912974651324,1150.053840960834
2023-03-05 14:15:00,22958.186898721066,23024.071047850506,22926.03238564747,22995.932735886177,953.2028978785135
2023-03-05 14:30:00,22990.309750195618,23064.775240534775,22990.309750195618,23011.625584659323,581.8899648051039
2023-03-05 14:45:00,23015.19446420697,23015.19446420697,22958.164944655047,22990.189032027905,817.1039795416285
2023-03-05 15:00:00,22991.87592100631,23096.173777353713,22909.257749122527,23017.490620763838,1892.4986118768054
2023-03-05 15:15:00,23020.86047216742,23050.439837760652,22962.596499182477,23016.93158325328,730.5562009486024
2023-03-05 15:30:00,23015.849646914932,23092.305239825382,22999.885124675115,23023.1078308035,698.7871213255704
2023-03-05 15:45:00,23011.920211782934,23078.17687414582,22979.797572287658,23060.316662938112,1112.4329416669882
2023-03-05 16:00:00,23070.009644251157,23090.259448287565,22997.001301590546,23032.504725613864,1370.8745738003854
2023-03-05 16:15:00,23034.832397469887,23054.359110130004,23003.095826593046,23017.441890031994,625.3767743634731
2023-03-05 16:30:00,23020.381630216212,23024.127274782426,22931.85044668685,23003.19344034432,786.0952065369054
2023-03-05 16:45:00,22997.32835384308,23036.458230300927,22937.89434518921,23017.03420178849,1235.0199725811676
2023-03-05 17:00:00,23011.372783672665,23071.273788833474,23011.372783672665,23036.98389700374,845.0188912003808
2023-03-05 17:15:00,23035.49295257351,23135.625862979086,23000.27722615379,23077.218820139315,723.2711234445267
2023-03-05 17:30:00,23058.784964693044,23127.805904007084,23052.122299413648,23068.979181885064,955.2384031959265
2023-03-05 17:45:00,23070.80725617235,23103.987828556783,22967.566909338075,23071.933059648745,880.3521032578003
2023-03-05 18:00:00,23066.04509110554,23123.957052655238,23033.652312127677,23053.560988629262,739.6359416192831
2023-03-05 18:15:00,23036.834796311905,23175.529204797065,23018.636987882222,23069.18405175547,635.4998638595749
2023-03-05 18:30:00,23052.92638277735,23114.32806818504,23052.92638277735,23094.729483769952,623.1792592140739
2023-03-05 18:45:00,23084.734166251117,23118.519612860837,23073.43437878841,23094.168998348887,518.1587025086309
2023-03-05 19:00:00,23096.10876694968,23194.064584941032,23090.105739655668,23123.85027111977,711.3563445315531
2023-03-05 19:15:00,23138.381247523273,23194.36050763814,23065.755594035843,23129.436317364885,575.522453187535
2023-03-05 19:30:00,23135.5205558452,23183.48031585034,23079.934444394712,23129.41200457944,703.8799903215958
2023-03-05 19:45:00,23140.811270062644,23186.634345944363,23118.668718855963,23159.000652150815,1205.960467395552
2023-03-05 20:00:00,23158.45825904391,23201.949377098204,23091.67806660733,23162.557392452265,854.8974984171693
2023-03-05 20:15:00,23163.10382514164,23191.32952321338,23107.111312877576,23136.353254822232,573.6234585213804
2023-03-05 20:30:00,23135.762221286655,23178.00376465409,23087.08183391964,23153.40152930284,648.3280794026479
2023-03-05 20:45:00,23155.858018588762,23211.960928145334,23149.924231625835,23171.471613569287,1507.873088679296
2023-03-05 21:00:00,23175.03677678792,23248.345204451085,23125.525291730628,23189.699105319203,813.0708196807868
2023-03-05 21:15:00,23191.889156793844,23220.674876107874,23161.612182127927,23190.68259883236,1006.7123723398712
2023-03-05 21:30:00,23200.57372449462,23225.066885542234,23138.025294901985,23183.01465848617,613.7793056016573
2023-03-05 21:45:00,23186.648770668133,23254.425642130216,23129.866464772098,23145.182897201823,731.7820485453141
2023-03-05 22:00:00,23147.32420248925,23163.013005401794,23096.166429792524,23138.233167611295,1458.417066688164
2023-03-05 22:15:00,23140.205909209173,23184.92117204914,23101.774915935745,23155.092388404566,805.4456267116784
2023-03-05 22:30:00,23150.29969697127,23255.522740374447,23150.29969697127,23202.129681475722,1401.489762515693
2023-03-05 22:45:00,23199.942373044298,23272.750954261173,23119.428587468137,23185.76557417336,647.7056712588861
2023-03-05 23:00:00,23179.711790910547,23216.341290284618,23149.288739819836,23192.20639813525,520.2252748723837
2023-03-05 23:15:00,23198.95737016772,23257.641344092783,23098.352125324804,23186.694582871063,564.1344548593436
2023-03-05 23:30:00,23177.585424847555,23214.04238300434,23131.282778387886,23162.785584686408,792.0018881874901
2023-03-05 23:45:00,23163.723033047143,23190.33024560094,23102.217235335396,23142.00437202733,1267.5997501496859
2023-03-06 00:00:00,23146.83332349154,23156.8192393998,23094.19790223521,23139.98959968136,784.6891877797303
2023-03-06 00:15:00,23138.70081043054,23180.83796129758,23073.809185356702,23145.846811345666,1910.1956309696045
2023-03-06 00:30:00,23155.571276812003,23170.681654948203,23076.6166217725,23134.506826313493,1168.062055482126
2023-03-06 00:45:00,23132.092305021364,23152.499609833503,23081.456276605983,23125.234121504524,585.506110513364
2023-03-06 01:00:00,23119.05433614347,23190.950973111107,23113.90929786023,23155.677539114866,1852.041358645525
2023-03-06 01:15:00,23151.97465897912,23177.787643588734,23021.7939014714,23155.020662417624,515.3217745097805
2023-03-06 01:30:00,23152.920304861866,23212.727417443013,23111.540901051783,23160.595857817294,569.161356207135
2023-03-06 01:45:00,23159.318697174767,23159.318697174767,23096.58992529744,23117.95882908085,2074.307559917707
2023-03-06 02:00:00,23120.289029145373,23125.020192866967,23040.003588244123,23097.008451483176,569.2401290219682
2023-03-06 02:15:00,23099.05763849594,23141.900891019435,23091.354664824095,23109.8200764703,532.1945429903833
2023-03-06 02:30:00,23106.40475219811,23131.209946502655,23009.14180675462,23116.7865593059,768.6058978125827
2023-03-06 02:45:00,23118.518313418128,23119.29344488059,23045.280680786702,23095.89274514147,800.4353520822276
2023-03-06 03:00:00,23104.349234239216,23178.723802791807,23104.349234239216,23122.42863407635,1419.3721051904333
2023-03-06 03:15:00,23118.333563135166,23170.559221643678,23053.48701836828,23106.56971874501,1874.9643869780946
2023-03-06 03:30:00,23092.915015470608,23202.899204963,23065.88828521864,23131.00186510139,1003.6230560845015
2023-03-06 03:45:00,23135.603407273997,23194.5834383719,23069.88581031903,23136.230347780176,560.417843571165
2023-03-06 04:00:00,23133.040458847834,23161.771638835664,23083.30772148757,23127.770363816653,652.907034768892
2023-03-06 04:15:00,23128.764972924295,23166.953484232734,23022.750131226578,23109.352059229852,895.4583117409919
2023-03-06 04:30:00,23106.587328338795,23183.222386350382,23012.465076640638,23116.40018020053,706.6481907884449
2023-03-06 04:45:00,23123.48182226558,23208.17830317382,23109.669396283814,23135.980796594446,587.19782470872
2023-03-06 05:00:00,23134.56663244008,23226.62085937247,23134.56663244008,23157.324013766072,567.8649847163086
2023-03-06 05:15:00,23163.337457493126,23180.319943432136,23101.84619529872,23152.783436660087,623.4964230576995
2023-03-06 05:30:00,23164.36644122721,23189.023615607588,23111.528491449495,23167.316422024156,554.3421850202678
2023-03-06 05:45:00,23157.080485697912,23228.48193409895,23097.171038033204,23180.03883003129,1081.3150081379297
2023-03-06 06:00:00,23175.96267669076,23236.436529208888,23128.313119932634,23183.23585399387,648.4539829537537
2023-03-06 06:15:00,23178.74953580583,23240.243700736704,23175.67386756045,23200.57700521559,821.9021752857925
2023-03-06 06:30:00,23202.643375008047,23225.340039035716,23130.13876946683,23163.915746886647,637.3586350221974
2023-03-06 06:45:00,23158.196481904593,23180.168978944483,23092.427861285203,23165.705314292343,522.8952450828044
2023-03-06 07:00:00,23147.655722751588,23235.96012876266,23147.655722751588,23169.179291262302,2225.037256340585
2023-03-06 07:15:00,23175.70478823905,23203.835529310592,23131.923959827043,23164.334862544772,889.971029292566
2023-03-06 07:30:00,23169.386017122175,23206.61435375014,23076.933043883317,23162.86368273886,604.0316444698453
2023-03-06 07:45:00,23159.93710385364,23190.320193961707,23103.6556222628,23172.275959643433,767.9787910353776
2023-03-06 08:00:00,23179.597276611545,23243.77270104256,23141.990996100296,23190.380772466502,671.7170124490902
2023-03-06 08:15:00,23190.470387758935,23194.556268119988,23134.127114806503,23173.422675696922,754.3262438140222
2023-03-06 08:30:00,23166.531703574114,23221.47902735554,23133.367659658677,23171.090753842764,565.3458157726029
2023-03-06 08:45:00,23168.58316831765,23196.47626232734,23151.05680885747,23174.101432530708,613.5221931265584
2023-03-06 09:00:00,23176.420349842163,23225.167204027584,23138.510347077096,23178.516424750094,820.6660431056806
2023-03-06 09:15:00,23173.204836038647,23226.471495998452,23165.53985761807,23192.34437105949,963.7575372693068
2023-03-06 09:30:00,23191.67726599188,23225.986776872116,23155.828763505662,23203.59024784684,751.1512711718342
2023-03-06 09:45:00,23202.08594521446,23238.187865698645,23155.53935376556,23205.93991603301,690.1195655381459
2023-03-06 10:00:00,23199.601199160257,23242.629023166843,23178.478947915188,23199.792978412264,1028.8176632731424
2023-03-06 10:15:00,23207.28955179865,23226.604279557054,23104.779814322523,23179.60673614798,965.5276946970046
2023-03-06 10:30:00,23193.236559514196,23238.868645443126,23173.08817934144,23222.17007815091,1208.3220997092112
2023-03-06 10:45:00,23214.048301238654,23249.863183354,23187.217461651202,23229.985508557154,604.2896026653729
2023-03-06 11:00:00,23220.126262839116,23312.216112537397,23149.82033047993,23192.316792821963,1016.0773494271737
2023-03-06 11:15:00,23184.600891644215,23230.84915428195,23126.91468044896,23157.982552652033,1483.1259069167925
2023-03-06 11:30:00,23153.822877749277,23199.744294545122,23055.80162372694,23162.99051515932,615.7862794527917
2023-03-06 11:45:00,23164.773650969597,23201.51490765939,23026.349542100063,23148.314256214588,895.8831777277485
2023-03-06 12:00:00,23147.537287520932,23197.17493758059,23075.94834964354,23125.865759915516,703.8805131103536
2023-03-06 12:15:00,23126.49627473494,23187.379653784737,23022.199878064173,23145.218939985083,866.0834878172539
2023-03-06 12:30:00,23139.564324562318,23170.849418282865,23093.735344761215,23137.287211308547,644.3749062856704
2023-03-06 12:45:00,23141.92419458991,23196.4659398476,23103.376933247717,23144.126314510966,950.7341470957317
2023-03-06 13:00:00,23151.725123185417,23204.760531198226,23138.63874598349,23163.637028737616,662.2641883395821
2023-03-06 13:15:00,23158.62057050999,23247.165300184115,23156.35444548791,23186.45757594995,611.0123883209025
2023-03-06 13:30:00,23187.80301607367,23245.805441996537,23179.60137460203,23200.842083386575,660.5568348488002
2023-03-06 13:45:00,23204.6915896551,23303.47664551795,23177.146602237,23197.66700109896,566.2718360305038
2023-03-06 14:00:00,23196.274566001808,23342.261377998737,23193.722723247658,23217.494019991766,1002.059928048839
2023-03-06 14:15:00,23232.460949093693,23232.460949093693,23158.561501553548,23188.388734392556,909.9098427222323
2023-03-06 14:30:00,23190.965919759154,23244.859489474737,23167.80259206544,23184.249981861012,621.2159927263598
2023-03-06 14:45:00,23190.588568496336,23259.180105650677,23157.177907581437,23187.26286823703,607.1034729124299
2023-03-06 15:00:00,23185.2649958524,23253.551473814037,23185.2649958524,23207.6050117531,775.2490853965703
2023-03-06 15:15:00,23211.39591913893,23211.39591913893,23105.385527254228,23146.39077704082,1223.3150583270626
2023-03-06 15:30:00,23145.007334942053,23157.517196139546,23064.87679532865,23137.482549151537,919.6599228128221
2023-03-06 15:45:00,23138.68438195838,23193.234871985067,23110.793980318544,23135.506036219795,1587.5651994816078
2023-03-06 16:00:00,23128.136170631322,23189.81601157548,23120.890688140964,23140.74408751217,572.0104391139269
2023-03-06 16:15:00,23142.617061952846,23173.27182886938,23127.877199591523,23148.61934577608,578.1252854509928
2023-03-06 16:30:00,23157.44642648149,23196.003327998005,23091.9791395733,23135.948793811007,931.830845825384
2023-03-06 16:45:00,23137.44398042485,23258.897911671123,23137.44398042485,23177.782734025397,827.1784930149715
2023-03-06 17:00:00,23187.1922752137,23306.007805650122,23171.03416666638,23218.72700166928,977.8816066568191
2023-03-06 17:15:00,23228.496519585617,23312.829887795146,23228.496519585617,23281.00885218412,820.7236868427677
2023-03-06 17:30:00,23283.78533128954,23316.70003789191,23222.11535111754,23270.012312169474,781.3246041102805
2023-03-06 17:45:00,23273.58971114334,23332.143595070153,23215.51573786737,23313.453599787452,1020.7118825203752
2023-03-06 18:00:00,23317.346792755365,23339.630469092484,23259.77349112333,23323.946495022556,1043.1197626417902
2023-03-06 18:15:00,23321.174162509982,23403.5083280974,23321.174162509982,23352.473325160667,1077.8922822234215
2023-03-06 18:30:00,23346.16832099638,23367.005361131974,23262.49486935919,23325.456650665492,631.3750643295573
2023-03-06 18:45:00,23325.754388590474,23349.839893321212,23301.123001561053,23315.202880330555,601.7866071584357
2023-03-06 19:00:00,23324.74362271013,23400.880883255464,23315.063416028468,23330.037849445,1851.4422250450828
2023-03-06 19:15:00,23327.250431767796,23390.46034186882,23300.508175587853,23339.295936121303,1282.7774274835672
2023-03-06 19:30:00,23345.3112362935,23345.3112362935,23279.750375783493,23319.93271339652,1380.8016400447843
2023-03-06 19:45:00,23318.597474714115,23353.7769314417,23279.946313746954,23312.494465028234,1022.4957639318573
2023-03-06 20:00:00,23310.635746850963,23361.196094266266,23286.492659691,23313.54215280279,1015.7090110521127
2023-03-06 20:15:00,23295.482319541632,23359.379271523452,23267.303206609064,23297.400957509843,580.2977740672004
2023-03-06 20:30:00,23303.6057500582,23380.259595533826,23278.21224140268,23299.84983457992,588.0962375138901
2023-03-06 20:45:00,23290.138876288136,23331.410944229465,23266.03219515622,23293.601731508596,1320.231775337641
2023-03-06 21:00:00,23295.972658510163,23367.210912223258,23288.289589115364,23313.34482034331,906.283045218435
2023-03-06 21:15:00,23316.64899689377,23396.45491855185,23296.89097743119,23318.500432638502,1582.8024772101196
2023-03-06 21:30:00,23298.14036049141,23432.819551671866,23285.744256471688,23326.125143286747,897.3639567473331
2023-03-06 21:45:00,23322.175953835136,23356.50168964628,23257.080777213774,23317.884378839608,1459.2502469807505
2023-03-06 22:00:00,23315.613381877378,23318.614289361107,23249.577657106296,23293.978731949737,621.416228326762
2023-03-06 22:15:00,23284.371200801597,23308.993103761655,23199.0827137925,23269.427799591973,573.1396592948275
2023-03-06 22:30:00,23272.914496736234,23332.886193660317,23221.225101794502,23270.64808666798,653.4187140652227
2023-03-06 22:45:00,23280.794659840474,23286.136918294083,23236.756029801683,23270.72465537827,1486.570466016592
2023-03-06 23:00:00,23254.533754491113,23310.648760902477,23212.503936472334,23253.678986231746,558.2782407820265
2023-03-06 23:15:00,23251.922106304813,23253.35040406726,23164.469968971098,23234.056622683707,594.1780643216492
2023-03-06 23:30:00,23227.63611618711,23244.4149357398,23158.410169688865,23215.227172153758,1155.6057140500602
2023-03-06 23:45:00,23215.451894715246,23255.097045943505,23099.820729284907,23224.178234583786,874.8422954710745
2023-03-07 00:00:00,23223.510994111286,23266.36473955169,23153.615554373664,23236.733804146592,547.0474487881608
2023-03-07 00:15:00,23239.900764944203,23320.28866932858,23239.900764944203,23277.63969457737,1116.5472627574343
2023-03-07 00:30:00,23267.54174411397,23325.204865265,23259.027895426516,23289.402851613366,758.964184352105
2023-03-07 00:45:00,23295.618689904764,23330.173978084924,23283.941141872023,23314.110818752422,561.1775674046535
2023-03-07 01:00:00,23318.950958227368,23320.697637641628,23257.71132309977,23292.615650372143,764.1526279352482
2023-03-07 01:15:00,23280.311379685787,23385.34394576592,23215.739764946928,23311.065643436126,973.6501666717134
2023-03-07 01:30:00,23316.47241037069,23402.149824722528,23278.285661511236,23320.89107135265,1135.5985123147534
2023-03-07 01:45:00,23315.609561242385,23334.992172971808,23297.73952351776,23318.344107439872,742.4576402243902
2023-03-07 02:00:00,23321.02429078986,23325.32500191094,23219.529444300035,23301.6485569435,764.3026193428855
2023-03-07 02:15:00,23305.037554989514,23423.16600675318,23305.037554989514,23335.7385819965,733.5151407392694
2023-03-07 02:30:00,23325.401174729624,23362.98944011307,23278.336048041103,23329.01191569116,543.0131109394235
2023-03-07 02:45:00,23323.001103048417,23368.46246206017,23308.803126282513,23332.178265771763,565.0127546958521
2023-03-07 03:00:00,23335.543834775865,23352.333437006644,23291.366212028835,23329.54948692588,740.6289409454997
2023-03-07 03:15:00,23340.90179802568,23356.124266555722,23285.521699229652,23337.223764643142,594.3963037449304
2023-03-07 03:30:00,23326.704061760698,23413.09816547379,23259.307480317846,23316.033679063778,583.3525160089332
2023-03-07 03:45:00,23315.411481754116,23415.79930234013,23257.793179619373,23324.892443297376,857.1327729661118
2023-03-07 04:00:00,23320.692522978232,23409.92119204041,23320.692522978232,23361.07525925553,1016.7671987059105
2023-03-07 04:15:00,23362.399723016148,23374.467346374564,23307.44103850801,23348.57198491378,546.930788428684
2023-03-07 04:30:00,23350.238074021418,23404.862844579304,23280.476598586163,23384.951135525993,1152.485818059956
2023-03-07 04:45:00,23397.933849868143,23423.301954839648,23346.68776278176,23390.050288347906,645.0647400004198
2023-03-07 05:00:00,23388.876310207208,23453.195732233187,23321.343933836586,23371.962022366384,1619.68016044518
2023-03-07 05:15:00,23374.668388761427,23374.668388761427,23336.933888772182,23355.9637030874,1226.080623336424
2023-03-07 05:30:00,23362.523404676205,23413.570179749033,23348.97818049385,23367.58781750919,628.0833644955042
2023-03-07 05:45:00,23354.870760433027,23415.644298685893,23330.173413394456,23364.642390674115,515.2398471709464
2023-03-07 06:00:00,23361.517711486766,23370.441347092856,23266.87218161353,23343.099770121287,824.0655875061072
2023-03-07 06:15:00,23345.763547343035,23351.83430989801,23297.451712340287,23331.93616869044,893.2274999498952
2023-03-07 06:30:00,23324.374561244516,23409.285775527027,23263.32767217558,23357.15001590662,583.6849555029315
2023-03-07 06:45:00,23359.96120983445,23401.364620962864,23330.926791218535,23381.140790788762,1066.3276639079982
2023-03-07 07:00:00,23381.621811076442,23405.152872808707,23281.018350799335,23356.103985085127,839.2987840014925
2023-03-07 07:15:00,23356.655214263275,23391.765787715078,23311.7162618142,23334.403204253587,892.35617747967
2023-03-07 07:30:00,23333.702470936576,23364.55481756923,23323.857137595896,23341.131780492928,793.0491573800105
2023-03-07 07:45:00,23357.562331009056,23357.562331009056,23277.74816215977,23316.609419382687,676.2482592320271
2023-03-07 08:00:00,23325.588296414964,23360.345694820542,23266.517861595024,23320.53511540287,572.1472368640308
2023-03-07 08:15:00,23319.199526521767,23351.162467651804,23273.26685380494,23328.57680242268,912.2546801479698
2023-03-07 08:30:00,23336.79073353693,23353.58118611667,23295.544140627513,23333.359773918197,834.3644813334256
2023-03-07 08:45:00,23318.627666126016,23385.75940172077,23318.627666126016,23369.360976983262,658.2973217666935
2023-03-07 09:00:00,23381.07393629103,23453.87189031293,23291.18762560186,23395.021131882695,993.341178807853
2023-03-07 09:15:00,23398.022234616583,23444.277221938686,23378.030308344594,23403.58970255228,524.8356545876954
2023-03-07 09:30:00,23412.647396973316,23425.811133038198,23359.875435189195,23402.19790536323,769.7144310133965
2023-03-07 09:45:00,23399.689237586215,23455.81454242938,23316.120894939893,23419.983782288877,552.421504360443
2023-03-07 10:00:00,23408.394107905617,23530.210091231445,23375.115719450667,23440.470989153007,1071.4849078490502
2023-03-07 10:15:00,23439.959280408388,23513.89560634998,23370.879514366323,23470.157096099643,1723.1652562635911
2023-03-07 10:30:00,23470.484670066297,23536.22958222954,23374.48065581545,23464.540556744152,1496.8954759296491
2023-03-07 10:45:00,23462.39898531441,23506.864592029742,23443.58560073143,23459.59905547532,761.161717802862
2023-03-07 11:00:00,23467.32263208082,23483.0959153221,23416.06586223566,23462.79553135327,904.6219121901436
2023-03-07 11:15:00,23458.959397401384,23486.045013991414,23430.3740678132,23454.95038429018,807.0136548574626
2023-03-07 11:30:00,23455.49635682057,23556.782701739103,23417.134135205255,23433.356299192423,911.1028633970611
2023-03-07 11:45:00,23432.772080161994,23432.772080161994,23352.921353653284,23407.190428787824,1131.3516556909965
2023-03-07 12:00:00,23404.160133856305,23424.48740730738,23373.766242689624,23388.623186487177,1070.2080434695577
2023-03-07 12:15:00,23388.83609414582,23464.01576275101,23284.529100915173,23393.349024353858,619.3535987122918
2023-03-07 12:30:00,23397.863763360398,23441.155736494253,23326.758751928064,23405.137647003223,674.4486364850312
2023-03-07 12:45:00,23409.21472461033,23409.21472461033,23335.220385505665,23360.2830404499,684.2160278811114
2023-03-07 13:00:00,23360.349656614922,23371.606014387053,23337.008986807898,23354.23664005248,1326.0758320759019
2023-03-07 13:15:00,23348.205335542945,23392.63168630634,23312.16331694015,23364.112274835792,761.4725512022743
2023-03-07 13:30:00,23358.44409124134,23380.880149531975,23318.30047394524,23346.331083100013,1222.3812474809529
2023-03-07 13:45:00,23342.377484257533,23368.275510336425,23283.290270130394,23341.267586936945,532.1231461891191
2023-03-07 14:00:00,23337.06321299196,23429.161772499556,23320.081914986433,23370.428921268496,651.7114581262755
2023-03-07 14:15:00,23376.94449925679,23431.811114248347,23257.366459967725,23383.78124016568,681.2426195762813
2023-03-07 14:30:00,23380.686170403853,23469.970979400947,23353.412694450824,23369.744042193484,1021.1200775173135
2023-03-07 14:45:00,23367.08718965606,23437.330988125475,23331.96704593772,23372.547646894447,653.3462006521374
2023-03-07 15:00:00,23370.49608468594,23428.53960075522,23370.49608468594,23389.580362184326,754.6860276200468
2023-03-07 15:15:00,23386.756159900535,23427.18612382976,23329.687239212908,23395.636962284618,727.8797907811224
2023-03-07 15:30:00,23390.198625665336,23482.406446154167,23390.198625665336,23419.778508770716,1072.2966158254258
2023-03-07 15:45:00,23430.678821796075,23451.15736133912,23398.3396431826,23414.785699856835,589.2204879626369
2023-03-07 16:00:00,23411.646150565197,23494.907973556554,23372.921999477345,23414.923622557235,660.5905002772283
2023-03-07 16:15:00,23419.14663806417,23469.038655404973,23331.573731711153,23412.44680178013,936.2145714738808
2023-03-07 16:30:00,23400.369099769123,23433.61031161937,23334.926457444035,23399.148137316908,673.4138640997334
2023-03-07 16:45:00,23398.29835635796,23461.219298498072,23398.29835635796,23434.75791383819,736.8822906654982
2023-03-07 17:00:00,23446.365288258905,23476.887231501158,23427.673091148485,23455.541245337692,976.2947632162776
2023-03-07 17:15:00,23450.813736181666,23525.459182476196,23421.873135622678,23449.45875979048,604.1152879216258
2023-03-07 17:30:00,23453.666189349984,23509.144348018028,23414.052693488982,23442.245232103778,589.9698888823207
2023-03-07 17:45:00,23438.01383099941,23499.208284409462,23342.8372598137,23453.065969390584,720.6437995116949
2023-03-07 18:00:00,23451.013793404356,23503.72524849793,23450.175541796576,23488.527523675803,1109.307149199629
2023-03-07 18:15:00,23488.841818015404,23541.378327648366,23488.841818015404,23513.014430688025,1271.9310634215667
2023-03-07 18:30:00,23518.500026906077,23618.796048990396,23505.312148077515,23549.59100947602,761.2253728647789
2023-03-07 18:45:00,23542.261902939317,23616.136342100333,23505.488184912083,23560.438875766762,631.0992192762114
2023-03-07 19:00:00,23556.577632115197,23591.915281510763,23522.313082897344,23563.920434975415,656.1700026422922
2023-03-07 19:15:00,23555.296739898982,23646.79881784259,23546.661039861614,23593.901333065776,622.8729069601736
2023-03-07 19:30:00,23606.514395209375,23703.167307345597,23559.933439796878,23598.884648252777,644.2765533646767
2023-03-07 19:45:00,23599.971841095165,23606.857126159844,23485.024257378842,23552.612378285725,943.4259680449384
2023-03-07 20:00:00,23549.543198014126,23602.213350665286,23519.46609129578,23563.6269382476,848.4004197769804
2023-03-07 20:15:00,23558.671898714765,23623.015078494664,23537.37918861663,23563.068141483112,749.6540987527782
2023-03-07 20:30:00,23559.113634293666,23628.27554615727,23541.459451926785,23566.24907966245,908.9084241905125
2023-03-07 20:45:00,23575.011581807157,23623.066863353764,23521.364720636386,23571.012296179764,577.0245407093371
2023-03-07 21:00:00,23565.58859238538,23597.202876697353,23531.242156402463,23563.496482613944,881.4984053391958
2023-03-07 21:15:00,23578.595128391207,23592.930905476762,23476.25897068079,23552.831715196357,828.2062921929529
2023-03-07 21:30:00,23549.86733628592,23609.25275317614,23541.844308795233,23587.37242020464,1886.6100432633796
2023-03-07 21:45:00,23603.87662954241,23672.540530500075,23581.361508452635,23623.79826520963,644.5388380956128
2023-03-07 22:00:00,23614.969157559113,23649.041490829706,23573.68311515527,23593.765394974467,1173.9030318848634
2023-03-07 22:15:00,23594.321662322272,23594.321662322272,23550.053467976108,23577.6103369563,601.6189094579154
2023-03-07 22:30:00,23577.103921716996,23662.008241110656,23524.104704164958,23583.407605586908,645.9165760978185
2023-03-07 22:45:00,23593.55843690662,23637.083291023504,23551.740714020623,23575.77702054433,572.847602935249
2023-03-07 23:00:00,23581.20185521607,23647.74730512612,23494.233074081276,23575.842604349178,735.5510395170123
2023-03-07 23:15:00,23574.76383509639,23692.686283597595,23574.76383509639,23611.116416744484,617.6157049555796
2023-03-07 23:30:00,23603.351040162725,23611.57959974093,23567.83670913188,23594.04158409988,839.9841482096242
2023-03-07 23:45:00,23592.1207128878,23608.797126349727,23537.04195799899,23568.984797877718,790.6607616514665
2023-03-08 00:00:00,23569.98501354328,23577.042407474,23448.279474734256,23549.484784314136,702.891140264926
2023-03-08 00:15:00,23548.00323543669,23584.50183594418,23453.065370607565,23543.239308403223,790.7648534596701
2023-03-08 00:30:00,23535.734555001192,23549.11845593556,23474.638112356544,23517.924311365194,605.2955605705754
2023-03-08 00:45:00,23519.89890936291,23560.1534074458,23476.56049581975,23523.23298402015,623.821030873075
2023-03-08 01:00:00,23517.798955104296,23567.936847763154,23517.798955104296,23540.521638062895,600.6052966922322
2023-03-08 01:15:00,23534.07052562829,23580.151912842735,23534.07052562829,23557.276254714703,644.244330636129
2023-03-08 01:30:00,23567.306895384125,23598.063107023227,23491.12221552766,23529.211598371392,917.5135044529462
2023-03-08 01:45:00,23528.01424271019,23595.24313711526,23476.69742577546,23526.990082621764,538.2261265207536
2023-03-08 02:00:00,23528.478052233833,23567.486357093796,23461.137359552413,23538.404071459543,771.898868653686
2023-03-08 02:15:00,23543.87762490061,23575.796548911432,23515.913734959882,23550.568469688536,742.1871262172673
2023-03-08 02:30:00,23561.07606112172,23612.797423871125,23525.38653516516,23563.866963673572,678.8561068771702
2023-03-08 02:45:00,23564.032626271906,23642.742191173562,23526.56704530631,23577.580325572122,803.7330350894615
2023-03-08 03:00:00,23581.465351319763,23623.699398335222,23534.06640123362,23586.68367456896,776.2858047334392
2023-03-08 03:15:00,23574.492845253626,23717.245342559774,23574.492845253626,23654.855908182126,1305.3214803005737
2023-03-08 03:30:00,23653.95546062927,23705.14838497948,23598.34699169651,23660.91469556488,818.1053640775333
2023-03-08 03:45:00,23670.964109308297,23718.59767429811,23656.602899553687,23698.4979970056,825.3931844909929
2023-03-08 04:00:00,23694.05633537632,23732.577308290754,23647.774969649952,23714.19429771469,682.9846009696194
2023-03-08 04:15:00,23720.292760753397,23731.78082707891,23613.943757556204,23698.68859595696,743.0265924280335
2023-03-08 04:30:00,23698.811529133876,23719.99756034604,23658.2344912784,23685.3452104309,658.3540062244504
2023-03-08 04:45:00,23693.24906347599,23721.51048226627,23672.730818043095,23696.34618099434,883.7606265425363
2023-03-08 05:00:00,23713.1943000552,23751.28908110813,23691.173219816814,23710.834660687677,609.3121650836505
2023-03-08 05:15:00,23717.955547620095,23728.778531774762,23680.54530460491,23706.33427120755,794.9529749580034
2023-03-08 05:30:00,23698.43696165607,23753.51967560566,23644.25668394947,23700.103280936397,925.136790720706
2023-03-08 05:45:00,23687.996375729028,23808.1680152165,23636.24037914192,23698.886341337864,569.4497066089871
2023-03-08 06:00:00,23696.021355454788,23748.614568442335,23669.915530073966,23700.903861944982,683.5863032569157
2023-03-08 06:15:00,23713.935465152666,23716.84314193963,23668.32447241175,23693.992412611573,863.8445259731907
2023-03-08 06:30:00,23687.13228848132,23725.538204862925,23624.596290487196,23675.961274743313,660.8464188618437
2023-03-08 06:45:00,23664.51273845482,23702.78488852681,23659.716220831157,23683.655209306882,878.7255314380874
2023-03-08 07:00:00,23685.692797753924,23695.015240067347,23625.201418145123,23679.11428055158,563.5244741000705
2023-03-08 07:15:00,23676.03823060523,23738.894966715012,23638.13207934977,23715.357821227622,761.4619314230931
2023-03-08 07:30:00,23703.6384129364,23768.649751771864,23637.23835119428,23730.119054689894,937.5104776072913
2023-03-08 07:45:00,23712.15273293625,23727.798987068458,23643.704030234258,23711.166527763486,635.9742940623539
2023-03-08 08:00:00,23711.5479032545,23711.5479032545,23622.67888258034,23673.689794428537,638.9982996886367
2023-03-08 08:15:00,23668.577017165444,23688.995840543183,23564.0514133692,23660.99529895533,660.5007520934033
2023-03-08 08:30:00,23648.80751622095,23718.1290447401,23627.337545502454,23685.47243418974,619.2048669331779
2023-03-08 08:45:00,23684.81271706529,23750.82080996444,23619.315076021758,23691.494727996498,962.8183555869484
2023-03-08 09:00:00,23695.12886806865,23695.12886806865,23589.160476365803,23656.867458083536,851.0156698743314
2023-03-08 09:15:00,23649.32700635603,23740.753980993395,23649.32700635603,23686.59950916343,1140.942739046405
2023-03-08 09:30:00,23682.344102651536,23732.541684741525,23652.06928716004,23687.951788855127,939.7657255637143
2023-03-08 09:45:00,23688.921815874277,23759.0428711008,23688.921815874277,23717.73841368909,983.9316081115412
2023-03-08 10:00:00,23726.00019588361,23734.44539320597,23680.220692400035,23708.461130794956,602.2708391115406
2023-03-08 10:15:00,23709.985283473357,23772.011738772995,23674.755280112237,23703.55770122908,703.0008228382073
2023-03-08 10:30:00,23698.335013810123,23746.496589458755,23660.203337391962,23723.62800099583,1257.2192806370474
2023-03-08 10:45:00,23719.721028237702,23727.42923911821,23636.722255107372,23691.8741818779,578.3015847915668
2023-03-08 11:00:00,23700.717896887913,23703.053929149068,23661.170242514756,23684.26143953891,1176.6580328608661
2023-03-08 11:15:00,23680.3637036301,23741.32217177456,23613.773109739654,23655.63993087737,624.8576484106709
2023-03-08 11:30:00,23643.8986684609,23672.940756807307,23603.17949421946,23645.490255501365,929.262163333994
2023-03-08 11:45:00,23647.545562079922,23651.68844650319,23590.0519113563,23624.063653733167,697.399122986191
2023-03-08 12:00:00,23631.002226759774,23675.897782510354,23534.102016286553,23612.57534716743,2219.7992674484994
2023-03-08 12:15:00,23607.11739618637,23658.034635018474,23591.565152734467,23617.63028766679,601.5914648947298
2023-03-08 12:30:00,23621.285322835905,23682.330192568792,23545.231022212247,23612.108798597794,747.4436249601275
2023-03-08 12:45:00,23612.90260951877,23681.661792836727,23549.04099300876,23635.507743204584,977.8960658702173
2023-03-08 13:00:00,23634.473012462342,23755.510351673485,23568.11757315893,23664.72293680063,589.2767127638076
2023-03-08 13:15:00,23673.0277683833,23685.69194803593,23601.77413215257,23670.091605108217,737.636143883822
2023-03-08 13:30:00,23675.03278942105,23731.109829325484,23651.500827591466,23696.944226476306,761.7310624755789
2023-03-08 13:45:00,23713.741297905824,23714.862132663817,23604.909249193082,23674.60569441894,915.5020981605113
2023-03-08 14:00:00,23677.429478166974,23721.683824092797,23641.89513539951,23703.90262957474,1368.551684901149
2023-03-08 14:15:00,23708.124974450322,23775.000480867864,23700.86890106141,23716.926914791904,950.6650587027998
2023-03-08 14:30:00,23719.988917954386,23758.89822364693,23684.537085341417,23714.438480188215,693.6836360107721
2023-03-08 14:45:00,23725.91958969906,23769.24608583315,23663.47201378271,23732.875891412325,963.637150608857
2023-03-08 15:00:00,23727.580052228597,23778.14390843062,23699.353772776252,23736.504112731596,829.8336256149207
2023-03-08 15:15:00,23742.696933225136,23830.25451902626,23719.271655150515,23777.206793766873,818.9307669975072
2023-03-08 15:30:00,23773.051107091953,23817.308414657567,23729.204560728627,23768.450655374087,1152.1043264850637
2023-03-08 15:45:00,23785.15151336424,23809.979139797382,23701.413030804426,23732.30514384709,1194.8664854263634
2023-03-08 16:00:00,23724.87160079792,23802.805993874983,23716.621782375998,23737.32220553885,632.7162483912233
2023-03-08 16:15:00,23735.46126193989,23800.995520418524,23725.858543315342,23748.122737094196,1018.2355077037657
2023-03-08 16:30:00,23757.145145273855,23757.145145273855,23708.609154868464,23731.436498320913,653.7183174215488
2023-03-08 16:45:00,23728.88137058786,23812.334231405956,23712.180614649835,23771.141324586384,760.9945538243207
2023-03-08 17:00:00,23772.4081492287,23842.22003131896,23764.51170936256,23786.66302613044,958.2291565835606
2023-03-08 17:15:00,23790.027916722414,23792.91986567798,23734.683382216266,23774.201948878865,570.1676487377473
2023-03-08 17:30:00,23773.988662953147,23806.576858578443,23641.352089513435,23760.2348002077,729.3772687516054
2023-03-08 17:45:00,23753.793247501577,23815.91064384512,23634.204659554354,23747.660065022454,1803.130023427643
2023-03-08 18:00:00,23736.444574744266,23791.907378473206,23699.775451548834,23755.03443303665,846.8702656100943
2023-03-08 18:15:00,23765.108946111886,23802.34115793708,23662.070232298505,23749.1772331796,840.4543534597354
2023-03-08 18:30:00,23758.425913345123,23762.33045229431,23667.283044363092,23717.709104667374,671.359983157968
2023-03-08 18:45:00,23727.951229901126,23739.492277202928,23640.61984171886,23716.513174545486,536.6159688440363
2023-03-08 19:00:00,23717.99023944615,23738.223211058812,23657.57786661663,23707.05270007121,580.8306858283223
2023-03-08 19:15:00,23705.397449430828,23718.350223449008,23677.74051206614,23703.73736446344,811.000254353603
2023-03-08 19:30:00,23692.135557127807,23779.95273744535,23676.568461262108,23711.626721353965,763.0716072426872
2023-03-08 19:45:00,23716.90966895187,23716.90966895187,23667.913992707883,23691.60044427052,1668.9953768572766
2023-03-08 20:00:00,23694.730925547818,23733.41239160109,23664.25899672146,23694.42599694064,915.2522732003879
2023-03-08 20:15:00,23699.762524798436,23736.667296998447,23580.99370336094,23684.137524111495,726.3789175346873
2023-03-08 20:30:00,23680.96889300849,23734.68240849429,23597.04028950764,23685.441809885102,816.4096385110752
2023-03-08 20:45:00,23684.913880366723,23719.56181776663,23626.010262044303,23700.000501087783,789.2827479943504
2023-03-08 21:00:00,23706.84607413693,23706.84607413693,23597.462540230805,23677.376238285728,752.2399571490134
2023-03-08 21:15:00,23671.66699594198,23753.683544226824,23595.49958648924,23673.630739803713,772.6310719826841
2023-03-08 21:30:00,23657.257167455922,23743.06048529458,23641.854294827943,23704.422626564672,775.2817185948946
2023-03-08 21:45:00,23714.68760109462,23734.476905615003,23576.147332112832,23698.082362860187,841.0174421365031
2023-03-08 22:00:00,23703.08473472608,23775.267373397375,23676.912362072308,23708.77150021966,629.5252387986599
2023-03-08 22:15:00,23704.83095622316,23709.037996000287,23557.30910156903,23689.299583285385,694.8794068427148
2023-03-08 22:30:00,23687.079294722855,23699.10718126481,23653.822367036097,23680.427902890115,572.3156983173978
2023-03-08 22:45:00,23691.397745857885,23763.14106415859,23646.033231322872,23673.453170403707,1376.002409638975
2023-03-08 23:00:00,23679.833200041987,23713.24753039561,23606.857731812335,23666.512823056037,541.7724017272186
2023-03-08 23:15:00,23650.43810424007,23722.583544737696,23611.802823125476,23639.682492454944,1233.7243260077578
2023-03-08 23:30:00,23634.14522528754,23652.96114095486,23597.32227705166,23621.998799709116,858.7609966166868
2023-03-08 23:45:00,23614.976944743004,23646.70517489054,23520.42903117819,23620.206639447148,1491.003435437999
2023-03-09 00:00:00,23613.31589414058,23656.12848846818,23526.18077631122,23596.486176971153,885.1598784443884
2023-03-09 00:15:00,23591.966289581032,23629.78135163061,23548.240881788533,23594.781596174314,862.0650695491889
2023-03-09 00:30:00,23588.073383342446,23660.65756029183,23511.68646967919,23595.2228686223,1029.0365066171491
2023-03-09 00:45:00,23571.57690778068,23669.024009588065,23571.57690778068,23647.054887686998,1114.4751365623258
2023-03-09 01:00:00,23642.787060961393,23692.821830110355,23587.342891762408,23678.298265820456,1051.8922709844123
2023-03-09 01:15:00,23677.376164835474,23739.38250922075,23660.409541329467,23686.490420901915,551.472081334539
2023-03-09 01:30:00,23688.777135054817,23718.374247030988,23655.239157549644,23670.185146726482,614.3778416661244
2023-03-09 01:45:00,23667.97669964276,23724.715643785035,23547.14148016687,23701.92759912725,928.4810491287456
2023-03-09 02:00:00,23700.215679220168,23716.97043552365,23665.469260635422,23695.89936773304,688.3764221795728
2023-03-09 02:15:00,23710.344446899122,23740.29633624293,23646.20645891422,23690.80263883494,1017.4433816883185
2023-03-09 02:30:00,23690.542726005675,23727.09395667097,23642.560527903286,23698.892556412906,836.9692422038103
2023-03-09 02:45:00,23687.96384247654,23754.70802263189,23608.69258875319,23677.497543962352,693.7735376522454
2023-03-09 03:00:00,23688.735645708715,23710.067923564053,23606.808652296386,23686.61106932527,529.4696041404018
2023-03-09 03:15:00,23685.116337252133,23692.441194922314,23619.347840022103,23669.845651911644,557.5966942540864
2023-03-09 03:30:00,23659.80466584779,23725.51721557006,23625.06482817586,23657.790751901426,752.3036934424416
2023-03-09 03:45:00,23652.523236332618,23693.671976882553,23643.611576031806,23667.3697993794,555.0252900016799
2023-03-09 04:00:00,23661.006919712425,23710.300698282266,23629.46116157997,23680.056091647955,598.2042016303297
2023-03-09 04:15:00,23683.10664563625,23717.797340663237,23641.066029166886,23681.691283239466,1030.6576503906779
2023-03-09 04:30:00,23683.096153345567,23763.021265540847,23680.318420123534,23726.099489061482,728.5346528789704
2023-03-09 04:45:00,23733.489947294725,23786.357397303254,23687.02349686156,23741.869655804083,720.9106369102676
2023-03-09 05:00:00,23749.425453215263,23749.425453215263,23705.18893514882,23723.93322581336,1024.6586160711906
2023-03-09 05:15:00,23729.14335441116,23746.483234041156,23703.867423418265,23724.445179107046,583.630323288385
2023-03-09 05:30:00,23731.629779384584,23736.162055298846,23659.804104117386,23721.149315909053,1212.390651072957
2023-03-09 05:45:00,23709.986881361627,23755.535705576975,23627.26264652933,23695.348539813374,664.1777186511586
2023-03-09 06:00:00,23694.284380326997,23737.191210796867,23631.308328666302,23704.948787748235,843.4024410970187
2023-03-09 06:15:00,23711.808245205473,23750.894252363654,23684.814045162577,23710.566925022496,522.6157790665404
2023-03-09 06:30:00,23705.996449812406,23743.185717850287,23666.090470875806,23690.02605868049,896.8064486019928
2023-03-09 06:45:00,23694.24660785013,23734.809800246014,23559.980395090188,23644.349277177866,1064.8070618926063
2023-03-09 07:00:00,23657.05402162299,23722.579469433942,23632.532526702536,23672.86654311579,1057.3392622734186
2023-03-09 07:15:00,23671.6505799318,23703.464611744024,23613.40746356737,23684.866697560185,546.6541036469383
2023-03-09 07:30:00,23678.01129563578,23730.983579350792,23655.26867977421,23694.854996674476,1387.2119211301
2023-03-09 07:45:00,23706.26513633105,23722.82833445529,23630.564485905103,23677.862664202985,669.5869951127385
2023-03-09 08:00:00,23682.069707127364,23723.911135302387,23603.543377673173,23671.820024734723,958.9674584792838
2023-03-09 08:15:00,23678.45363454466,23721.66775315075,23628.4491728021,23671.693952542264,874.4306613005723
2023-03-09 08:30:00,23669.54317770106,23712.98774317495,23660.23494850748,23677.142043925105,708.7118279937591
2023-03-09 08:45:00,23668.925295126923,23734.667438390577,23668.925295126923,23720.13514103276,757.9642248375117
2023-03-09 09:00:00,23709.574795096913,23740.058131457572,23694.733609175688,23710.870229254742,599.9993824384229
2023-03-09 09:15:00,23715.76448601581,23809.080520825093,23661.48908137492,23682.248489735197,612.7467605202108
2023-03-09 09:30:00,23671.065149122085,23794.264240537737,23633.14033129646,23682.342815559474,632.2624038682752
2023-03-09 09:45:00,23691.282351147,23694.0248223587,23648.14966223218,23678.29336252272,613.5717016147169
2023-03-09 10:00:00,23688.243660372336,23688.243660372336,23572.167062097727,23651.941885569806,632.7637621138183
2023-03-09 10:15:00,23647.53681279676,23715.092085654887,23587.168309882163,23634.163451784993,606.8828007636581
2023-03-09 10:30:00,23632.52799104016,23632.52799104016,23516.240135164575,23586.863894775488,617.7788427561205
2023-03-09 10:45:00,23581.00512217778,23606.123281499757,23502.7958483387,23577.135442315863,539.770423941567
2023-03-09 11:00:00,23579.061114086195,23643.510585496835,23503.774122937855,23561.65791630168,683.1900631377626
2023-03-09 11:15:00,23565.70093804871,23656.13176910703,23565.70093804871,23603.702047287676,731.0923356504202
2023-03-09 11:30:00,23598.272667735127,23642.165438393004,23590.012332354716,23616.150253405434,910.2933754740862
2023-03-09 11:45:00,23610.64954440051,23631.950477759376,23579.622402483925,23600.748135841408,767.4836890765866
2023-03-09 12:00:00,23587.015679514916,23630.606977523254,23511.946379850622,23577.545942388853,919.9176953760867
2023-03-09 12:15:00,23571.157815086248,23626.135846460744,23522.23019921962,23590.16840732613,662.6606222360884
2023-03-09 12:30:00,23597.48385315293,23674.379108313813,23548.11803228777,23623.683144467486,689.0857829596662
2023-03-09 12:45:00,23622.91414947029,23715.664488221606,23553.41472675244,23621.013471398575,810.7910976894589
2023-03-09 13:00:00,23611.80160135129,23653.845004795792,23572.72153370492,23590.336016978978,658.5333800090439
2023-03-09 13:15:00,23594.513142848205,23721.939767054417,23517.087529202294,23626.4713641218,687.4288940949564
2023-03-09 13:30:00,23625.903681950225,23665.148565401996,23595.030969073476,23642.317965642163,1413.9886683699517
2023-03-09 13:45:00,23650.65780889664,23679.359092131228,23605.35340685352,23657.41237901809,795.5864365781124
2023-03-09 14:00:00,23662.7872094077,23709.99424218861,23639.623333582003,23672.39832134879,729.7970282632513
2023-03-09 14:15:00,23681.565485331525,23741.731872772714,23631.283216264215,23679.84038913687,1110.5857499617987
2023-03-09 14:30:00,23678.798388415627,23720.264473759802,23627.41506533517,23679.858951504615,1528.3550816452796
2023-03-09 14:45:00,23679.27070377775,23710.8988820193,23629.97424216596,23688.86200717751,641.9662943413904
2023-03-09 15:00:00,23680.569973545706,23791.6376290008,23680.569973545706,23719.421981557254,704.8203699621484
2023-03-09 15:15:00,23713.3458270194,23749.712725895664,23701.528601531252,23724.154082150148,1077.7500943330488
2023-03-09 15:30:00,23725.77910216394,23752.62445242914,23621.911526078187,23737.492663744015,677.8490022585165
2023-03-09 15:45:00,23735.238227851234,23763.691735095996,23716.526458250944,23744.914300467233,689.0492260711559
2023-03-09 16:00:00,23737.237175874743,23806.78583943962,23704.746553405013,23755.53422132945,1016.2912216033403
2023-03-09 16:15:00,23760.69284400342,23809.94724388597,23714.435620156833,23765.68189522883,817.2855537920801
2023-03-09 16:30:00,23757.791689284983,23835.25867052274,23750.713469881222,23795.64221634824,784.9233469442746
2023-03-09 16:45:00,23787.062095145968,23792.23779484476,23732.154766369356,23774.082369420317,754.2784524330164
2023-03-09 17:00:00,23772.52917471353,23820.694818577387,23713.32801467854,23775.659619792084,771.6025961407706
2023-03-09 17:15:00,23781.778892640807,23803.480784884774,23766.777527444574,23783.658343373118,697.5089494664942
2023-03-09 17:30:00,23787.914368804002,23836.88116140113,23727.231223416205,23781.044571282808,687.0558645098774
2023-03-09 17:45:00,23781.65323012677,23825.196557189956,23762.705809424922,23791.2616586587,1364.313202066844
2023-03-09 18:00:00,23785.225912508657,23785.225912508657,23687.673541597193,23745.330043767754,911.8468796375738
2023-03-09 18:15:00,23747.97823785095,23757.993387220653,23678.668510085627,23738.46862931622,755.3615184537314
2023-03-09 18:30:00,23746.03552440324,23784.583251961354,23746.03552440324,23769.704414456326,992.1991576688306
2023-03-09 18:45:00,23766.91962852539,23788.733263784532,23690.19209760025,23714.865423364263,680.1770418815422
2023-03-09 19:00:00,23710.919823543532,23746.08249030854,23623.77145297383,23716.288256344735,980.8903706510566
2023-03-09 19:15:00,23714.38654239671,23755.32945545172,23641.550327438912,23717.443599400925,507.23279249875156
2023-03-09 19:30:00,23722.9437343211,23743.480257515093,23680.37806764148,23710.21278277035,516.7828379712786
2023-03-09 19:45:00,23708.663562720183,23752.817405459464,23641.03002379412,23686.514166163426,799.6802355532259
2023-03-09 20:00:00,23689.379372934665,23780.510508477168,23626.902473856317,23726.140178667145,1009.1730668277776
2023-03-09 20:15:00,23727.510206054423,23788.14478763475,23656.763622978422,23724.514799465753,996.3061062159777
2023-03-09 20:30:00,23723.080936179726,23723.080936179726,23659.926576137033,23703.18858918121,637.5576976716973
2023-03-09 20:45:00,23707.079174320646,23764.471839402184,23668.385303710198,23691.918258207294,682.3068775834132
2023-03-09 21:00:00,23692.126874218957,23707.747162568012,23650.31626947406,23686.65711567863,666.3013352781443
2023-03-09 21:15:00,23690.269855570532,23787.74240571746,23690.269855570532,23719.804652518244,762.9236341403262
2023-03-09 21:30:00,23708.48176164787,23779.78612741032,23695.998722257715,23721.741984395416,875.7556040508168
2023-03-09 21:45:00,23714.77087098532,23824.625233587984,23697.577555760327,23722.03691652414,743.0352342678768
2023-03-09 22:00:00,23711.43372584202,23788.133406799843,23711.43372584202,23756.151115696244,663.4986870359809
2023-03-09 22:15:00,23753.046971177544,23774.29109007178,23647.74095493793,23737.94958099316,1293.6215879752476
2023-03-09 22:30:00,23738.75514517036,23821.3108865383,23734.900540085688,23749.679524650866,611.5911036278455
2023-03-09 22:45:00,23752.33576570712,23757.54817808965,23680.097083855893,23733.66420473844,1275.4064510065746
2023-03-09 23:00:00,23737.722763279955,23835.048166542903,23737.722763279955,23767.668906728428,1376.996699772774
2023-03-09 23:15:00,23769.974616055355,23778.11975394396,23735.260390219803,23751.615840166618,783.5062053086116
2023-03-09 23:30:00,23751.729777748882,23751.729777748882,23690.168327974246,23718.746815589857,1389.680786169489
2023-03-09 23:45:00,23725.87696431597,23762.0960936821,23642.53877593859,23699.851687088576,955.6265986294329
2023-03-10 00:00:00,23694.55182010967,23703.7335580295,23643.45876177243,23684.245208651155,1344.5835681818342
2023-03-10 00:15:00,23691.82179040554,23764.841986412186,23651.274645188194,23696.15652235741,857.067262967622
2023-03-10 00:30:00,23693.505281628226,23814.42575007985,23574.63015297756,23701.53933147922,556.2744903058867
2023-03-10 00:45:00,23701.91030754165,23729.94164734919,23652.6784881549,23699.247478847694,1135.4013069682424
2023-03-10 01:00:00,23690.914711103636,23754.807278693013,23647.732018858864,23714.394231094062,770.1797277013393
2023-03-10 01:15:00,23718.280944346196,23725.395379617337,23675.609049480223,23701.912914698114,640.6190985009605
2023-03-10 01:30:00,23699.540531660165,23772.416510069426,23699.540531660165,23722.81054655493,584.3227676584878
2023-03-10 01:45:00,23719.4161153719,23789.469262765055,23693.71953271787,23724.611609496853,659.2538788944945
2023-03-10 02:00:00,23717.269163189423,23769.371424687728,23697.075761219367,23732.563406485926,1201.4281502227846
2023-03-10 02:15:00,23729.424430196977,23832.04274046813,23729.424430196977,23764.256669524846,798.0207852486985
2023-03-10 02:30:00,23753.640403158344,23820.524312810518,23716.121773753475,23786.125308052935,767.2271116133186
2023-03-10 02:45:00,23785.792580876972,23884.561136789107,23772.268387798573,23801.837524568284,599.8161521772881
2023-03-10 03:00:00,23804.291922362347,23847.34013368575,23760.180276099665,23830.464154772235,573.2997527031637
2023-03-10 03:15:00,23834.384922401252,23868.360583560774,23764.53025902966,23832.968424249975,768.3758398469255
2023-03-10 03:30:00,23842.036629834758,23855.242711610226,23783.833785692284,23830.042681473093,791.1656675876131
2023-03-10 03:45:00,23830.498705464764,23896.918740782537,23830.498705464764,23879.861401703914,956.8685066117519
2023-03-10 04:00:00,23872.755678215533,23940.16623124574,23872.755678215533,23909.00945263101,600.7907633282288
2023-03-10 04:15:00,23906.60597036545,23942.066231354762,23776.129039156804,23915.97523004023,580.364485747407
2023-03-10 04:30:00,23910.16461344106,23961.106598845363,23847.51535164285,23910.2534270598,1015.160875770709
2023-03-10 04:45:00,23904.583254039484,23973.718900405995,23887.70830558389,23933.090397882814,1502.3996183423963
2023-03-10 05:00:00,23931.378288859614,23931.378288859614,23809.15792454636,23885.677464391658,706.0775579143843
2023-03-10 05:15:00,23880.18604763744,23975.46033711956,23870.28524256651,23909.840344281056,961.5252102719929
2023-03-10 05:30:00,23916.715195374476,23962.400340681754,23886.710962918653,23908.3723560454,1379.3852728190843
2023-03-10 05:45:00,23904.705798363822,23976.777131459072,23868.26182988158,23883.093654023553,739.9692846974348
2023-03-10 06:00:00,23872.976533940673,23991.96661420047,23872.976533940673,23918.9709977509,1031.2163488024148
2023-03-10 06:15:00,23907.85340662316,23947.354328048164,23798.845897651867,23912.959307954196,514.4216092506942
2023-03-10 06:30:00,23918.263250702883,23918.263250702883,23848.269649964397,23902.570971965484,1340.2726995803548
2023-03-10 06:45:00,23908.75593658419,23952.76600128891,23833.135149737132,23897.507275013617,696.8629037018446
2023-03-10 07:00:00,23893.436327652784,23925.031457661767,23852.74775950684,23897.10327812486,832.1631925162113
2023-03-10 07:15:00,23914.670429106933,23914.670429106933,23838.67395124894,23868.96700434536,1032.9442189979563
2023-03-10 07:30:00,23874.640129564697,23897.05805891398,23744.198573403464,23853.399204656736,676.6010185477694
2023-03-10 07:45:00,23860.212776949385,23908.102508655895,23823.221541193678,23869.809188296684,636.5517088693579
2023-03-10 08:00:00,23866.799951337496,23921.701287312266,23812.8758917458,23895.304204562653,557.6229267852581
2023-03-10 08:15:00,23889.53506699745,23964.245068624554,23860.089256754345,23892.52611427268,1228.1679324723711
2023-03-10 08:30:00,23894.770081755618,23921.909519451012,23812.444421263524,23896.30412763205,803.694917222313
2023-03-10 08:45:00,23894.827413321826,23928.05806992089,23823.745911279173,23909.63253984761,735.2179183371094
2023-03-10 09:00:00,23913.125422742316,24033.876004299367,23873.24516685529,23930.137454273896,591.7027545889601
2023-03-10 09:15:00,23930.06327167009,23991.071273965055,23910.950046033868,23929.440906030817,817.2430582634265
2023-03-10 09:30:00,23921.91042637884,23952.272017013576,23851.42407645089,23915.505560224774,920.6381904563088
2023-03-10 09:45:00,23917.57849805761,23998.57396496951,23881.06329981454,23916.652806161208,935.7671320470145
2023-03-10 10:00:00,23919.435282594728,23926.5706047646,23876.8629903418,23907.425436561938,613.2253463153377
2023-03-10 10:15:00,23915.63518002612,23993.874728960098,23853.8158037283,23928.2771421026,1032.2822118955207
2023-03-10 10:30:00,23936.455804104662,24020.725085402406,23928.090795191772,23949.415054057004,791.2142801816212
2023-03-10 10:45:00,23954.002697747244,24034.186570984366,23954.002697747244,23984.514729130213,1713.8791850742123
2023-03-10 11:00:00,23985.479058220513,24038.605953609687,23946.2074206831,23987.376052511914,538.9739543236989
2023-03-10 11:15:00,23994.421900336012,24067.411454968642,23948.862505731926,24000.670334869585,732.882239644629
2023-03-10 11:30:00,24013.689208660344,24067.604383663278,23953.48145971559,23997.43377987752,554.1456197072215
2023-03-10 11:45:00,23994.188665463123,24120.86842172471,23965.527569609825,24022.08867278253,1398.5840396762787
2023-03-10 12:00:00,24024.619219969427,24090.97829556983,23987.31343734233,24027.706088196548,1122.0068418624912
2023-03-10 12:15:00,24033.690697084858,24100.15556989272,23979.972251650997,24019.678935987544,629.2410141506474
2023-03-10 12:30:00,24013.011741032373,24106.594354168945,24013.011741032373,24047.50296587884,2106.727606468246
2023-03-10 12:45:00,24044.39434125493,24044.39434125493,23934.124577839993,23994.678064365842,785.6659216084287
2023-03-10 13:00:00,23986.19657640618,24011.61158390865,23915.545532884735,23970.76209381561,1054.9740771424865
2023-03-10 13:15:00,23972.122613207925,23990.582021460614,23937.238115943237,23969.066484507333,1563.5045484364452
2023-03-10 13:30:00,23957.186957658792,24020.41477589842,23862.374853977683,23956.58662279071,867.5330029868389
2023-03-10 13:45:00,23957.378795446537,24039.451311206627,23941.611167069863,24013.494328363307,1677.7738476195314
2023-03-10 14:00:00,24024.618407678256,24029.85652339014,23953.142200391023,23993.98250602759,610.8741758434232
2023-03-10 14:15:00,23992.03896592172,24043.71249612716,23920.711704499354,23977.715197331516,552.7948522027399
2023-03-10 14:30:00,23972.90561757028,24090.8569388464,23961.646880523527,24010.432212686017,827.7271994451268
2023-03-10 14:45:00,24009.62320235814,24015.512895132,23954.685592634785,23999.768783465945,684.9636847184165
2023-03-10 15:00:00,23995.35639468913,24078.892547584597,23945.957866037832,24013.854343069557,599.742971952949
2023-03-10 15:15:00,24015.900222274853,24101.29060676639,23982.98558278881,24035.58467463349,676.583473916352
2023-03-10 15:30:00,24046.84135665322,24109.224047579235,23981.510932538935,24032.31825122731,867.16014442142
2023-03-10 15:45:00,24037.28588080153,24044.628478870738,23930.248651623206,24029.407960973513,923.6240894000748
2023-03-10 16:00:00,24028.9080349675,24092.203536107616,23981.5919507137,24043.902994872496,1708.8855693205894
2023-03-10 16:15:00,24045.632205129208,24074.501094436324,23988.874169300176,24036.965367591187,1060.4233163929312
2023-03-10 16:30:00,24035.097471396803,24056.588305870748,23901.509549890492,24036.089789126385,846.4778749552141
2023-03-10 16:45:00,24030.290600217733,24055.648465773025,23978.450671526516,24031.801416061724,615.6552944047869
2023-03-10 17:00:00,24033.766264042188,24047.807656994595,23985.3409894879,24007.62975368434,679.8955128414948
2023-03-10 17:15:00,24016.989204471927,24083.361623172266,23998.95229203896,24014.310132934363,565.2978482542024
2023-03-10 17:30:00,24013.86975650601,24054.914510693878,23993.97599067117,24009.188066644067,549.6270099359771
2023-03-10 17:45:00,24009.181848632164,24101.90866785265,23971.21685229884,24012.268913265125,1066.082670637387
2023-03-10 18:00:00,24013.938078581617,24013.938078581617,23910.49583796262,23987.560550860675,870.267759448279
2023-03-10 18:15:00,23994.262552578733,24072.762043869883,23940.410996104478,23989.324596417595,716.8392727130681
2023-03-10 18:30:00,23984.42842540917,24063.262321350827,23957.651594830753,23995.210662260353,840.1340751615181
2023-03-10 18:45:00,24008.231042677467,24028.13183963233,23910.615580988535,23980.091413922208,1237.33122020253
2023-03-10 19:00:00,23978.198248688674,24069.72080894194,23952.003293069138,23996.628659621707,816.581771189769
2023-03-10 19:15:00,23999.522466727216,24030.147399601137,23900.289559579585,23969.37110619962,874.3678582337614
2023-03-10 19:30:00,23979.021572787726,24042.545983335243,23935.851175888063,23992.895427006668,596.3527731157234
2023-03-10 19:45:00,23979.79275366635,24026.588335603927,23971.540533763433,24007.97180065055,818.4757298260761
2023-03-10 20:00:00,24021.02009358656,24054.855592472573,23998.923463600433,24017.745375722934,1112.7615001521906
2023-03-10 20:15:00,24016.301427971764,24068.81441319823,23955.176732507738,24021.03839120233,1269.357281958091
2023-03-10 20:30:00,24030.622605138014,24030.622605138014,23929.891637917,23994.829700576833,980.5968975955049
2023-03-10 20:45:00,23992.624555973634,24082.57572958338,23939.537866722894,23998.408974659447,733.925760749978
2023-03-10 21:00:00,23992.670292375675,24091.263838744795,23952.4902796135,24001.87461549305,634.7464813575563
2023-03-10 21:15:00,23996.819892360727,24002.504726442825,23937.482131186036,23959.886229179927,622.2129581684526
2023-03-10 21:30:00,23960.185509349136,24025.1855129829,23950.195936617234,24007.583422835593,1547.4579097646892
2023-03-10 21:45:00,24006.54890726209,24126.077088146234,23993.60630340614,24031.082224277565,607.5414714660432
2023-03-10 22:00:00,24018.57763235135,24132.638363669736,23982.818558255458,24039.124747960563,912.5569385439959
2023-03-10 22:15:00,24046.982631301275,24046.982631301275,23980.362969539186,23996.490521706182,1198.8698766370426
2023-03-10 22:30:00,24003.369568435144,24052.815155749326,23948.04769325899,24027.479638714703,905.6399446726906
2023-03-10 22:45:00,24015.515735523673,24061.257908328513,24009.620889621016,24046.81635142574,1651.3882734853116
2023-03-10 23:00:00,24031.165372821368,24111.567485299274,23993.477000836803,24020.166342170207,595.3452778009589
2023-03-10 23:15:00,24019.231890526673,24062.758170775625,23956.80564865114,24044.727363491806,1050.302383344746
2023-03-10 23:30:00,24050.30375261947,24101.59265994636,23969.997147651437,24034.238372749303,831.3739930547641
2023-03-10 23:45:00,24024.435592632366,24070.234800666418,23920.13535909572,23985.67334915837,854.5136430850766
2023-03-11 00:00:00,23989.507029283803,23994.3236465329,23954.84159533008,23973.743103412322,1279.7016197938115
2023-03-11 00:15:00,23985.820829297612,24092.26393411929,23918.526272095296,23971.022485796024,529.419651668891
2023-03-11 00:30:00,23989.93560315256,23998.753061340816,23867.30465154676,23964.289324941274,784.1888565938426
2023-03-11 00:45:00,23955.412839310757,24002.153041387413,23940.919809935,23971.25176147532,836.6914824074545
2023-03-11 01:00:00,23965.186370535725,24012.655737497542,23873.224927805222,23943.096600438686,913.4428828404059
2023-03-11 01:15:00,23949.367433754003,24008.860761251417,23949.367433754003,23990.902228147243,2029.1848797697553
2023-03-11 01:30:00,23991.75469845081,24010.83975738599,23914.665854587573,23979.932816397217,691.5399672958023
2023-03-11 01:45:00,23989.013698820054,23989.013698820054,23912.318756814522,23942.503086640245,628.7692215594393
2023-03-11 02:00:00,23926.49920970169,24029.349235364058,23875.922671396926,23955.575534220327,563.6729397769296
2023-03-11 02:15:00,23953.106539197644,24020.443239195836,23935.373034726632,23992.080267900074,1179.3587398713103
2023-03-11 02:30:00,23989.595158238033,24115.33267129379,23989.595158238033,24016.135743473216,1007.4594533460513
2023-03-11 02:45:00,24016.413812352985,24039.62015971871,23941.899186912582,24012.232432332814,880.984441686639
2023-03-11 03:00:00,24002.539498376278,24002.539498376278,23922.453192963483,23944.218697233468,1723.0517826994678
2023-03-11 03:15:00,23954.088516251923,23960.13670865609,23894.781625814594,23937.256178450563,703.487579833726
2023-03-11 03:30:00,23933.92373294582,23991.54490502444,23882.47402519088,23929.42059927854,724.7821496428502
2023-03-11 03:45:00,23922.30646663694,23968.46540359514,23870.134630595,23889.282638364835,1399.3745906010593
2023-03-11 04:00:00,23896.020834397543,23906.77023814085,23862.399080627452,23883.93476539433,1140.531178497738
2023-03-11 04:15:00,23887.753731379675,23903.814885621243,23845.279622757193,23883.68279142604,890.8073803445111
2023-03-11 04:30:00,23880.760173356524,23880.760173356524,23818.26808234407,23838.18246358968,1166.4166856341576
2023-03-11 04:45:00,23836.353092267076,23836.353092267076,23727.142884837478,23804.435981969913,1003.4023436351405
2023-03-11 05:00:00,23792.298300884337,23844.34175563609,23751.03692202114,23796.452411461585,890.3195238423261
2023-03-11 05:15:00,23800.00037991367,23910.050187809276,23768.656710405685,23812.207104373367,580.0158328271662
2023-03-11 05:30:00,23812.778441177292,23930.60440619626,23807.835522731224,23830.76813282412,1036.9550258651525
2023-03-11 05:45:00,23832.100446630917,23969.58496432332,23789.423153946376,23857.527539842325,1058.8773977669325
2023-03-11 06:00:00,23854.107185708457,23865.523892698668,23802.022469108928,23831.06108031658,1443.980089004864
2023-03-11 06:15:00,23822.263879999686,23885.342375031436,23724.92611215286,23798.61616861314,790.2903576763456
2023-03-11 06:30:00,23793.118136219782,23837.021189190622,23763.178071100272,23802.253892544908,1475.1526550150982
2023-03-11 06:45:00,23800.681326299742,23842.329353025725,23676.923358772518,23820.22070162261,864.7697679086502
2023-03-11 07:00:00,23820.137377497173,23859.626872956436,23791.89691617838,23807.911216150103,798.9580379369073
2023-03-11 07:15:00,23801.8316372357,23906.098811413394,23764.77682295708,23837.83106593114,1511.6725794066854
2023-03-11 07:30:00,23831.342872983118,23856.62735379309,23782.970328954867,23841.462287458155,787.6518649450408
2023-03-11 07:45:00,23825.50355037696,23893.142884762656,23791.939820906427,23826.506113661922,678.7714875772599
2023-03-11 08:00:00,23818.592553378254,23859.512219387714,23815.836373696562,23834.394920848634,616.4995198322805
2023-03-11 08:15:00,23842.065289215247,23933.6838703853,23801.101440512644,23829.431430676595,825.8064991266958
2023-03-11 08:30:00,23832.31537710755,23867.819651662747,23785.968691384245,23839.922253784083,551.9998771237465
2023-03-11 08:45:00,23822.15867825823,23822.15867825823,23771.712139218504,23792.31241855286,1528.9237596987211
2023-03-11 09:00:00,23771.724423234424,23848.84846680915,23771.724423234424,23795.604791300946,699.1921750679949
2023-03-11 09:15:00,23789.791126323267,23851.416816750305,23770.09489456696,23805.56250598289,811.6733677235515
2023-03-11 09:30:00,23808.582279931008,23847.87784468872,23768.503030041116,23820.802547328563,557.3378825474322
2023-03-11 09:45:00,23820.209959033953,23867.49117298887,23759.111892830286,23823.516613909513,736.9079211688604
2023-03-11 10:00:00,23842.96608552776,23904.838884162462,23745.844153318765,23848.154131372128,714.4420487520326
2023-03-11 10:15:00,23844.07010317372,23914.13013402134,23810.498257482875,23895.93242970262,1340.9029982650811
2023-03-11 10:30:00,23883.44912294229,23937.826494511406,23851.33600788099,23915.40734529553,791.7784288253972
2023-03-11 10:45:00,23915.19993660188,23977.044682887376,23915.19993660188,23940.293787205188,801.9351263790093
2023-03-11 11:00:00,23939.646798394006,23943.015415541147,23909.413060673687,23927.200845355546,805.72822729467
2023-03-11 11:15:00,23907.013044908264,24014.490486740317,23852.403380492105,23943.5098408924,763.982277941424
2023-03-11 11:30:00,23944.16139263533,23967.0081330661,23837.270859955086,23934.623288118393,703.8068165518092
2023-03-11 11:45:00,23940.9573225793,24059.71679081556,23934.376274327267,23973.124848256786,934.7977358396184
2023-03-11 12:00:00,23977.354814056518,24097.376517144603,23876.5681463755,23982.5191376515,1496.5596621444818
2023-03-11 12:15:00,23982.2718899646,24078.826207678532,23927.904576202465,24019.92058234747,778.8202496246843
2023-03-11 12:30:00,24022.722165286945,24043.782691923534,23963.45224060417,24015.35342255099,761.701404699863
2023-03-11 12:45:00,24009.849400818046,24030.99277383327,23940.07079551851,24013.98207475714,1419.0228811886936
2023-03-11 13:00:00,24014.523675928744,24048.929340874187,23972.90204701677,24028.47681148924,550.9012817900677
2023-03-11 13:15:00,24033.141789187044,24073.112984834468,23976.975390744698,24049.0031914132,734.2498280819252
2023-03-11 13:30:00,24053.453564981133,24121.554773318378,24053.453564981133,24089.246070054607,1387.311752575388
2023-03-11 13:45:00,24070.97478573347,24126.406546230017,23976.535692790952,24076.340510434864,1392.7061446099262
2023-03-11 14:00:00,24079.79965403913,24089.048126465208,24024.648395222415,24050.022830822578,731.8257045664772
2023-03-11 14:15:00,24050.391069495425,24105.995424629862,23995.749826775875,24057.8718888846,663.6061625138291
2023-03-11 14:30:00,24060.792031066874,24095.572866865907,24012.55426778965,24056.55170946923,1064.4580602987007
2023-03-11 14:45:00,24048.201856237123,24133.880481498934,24048.201856237123,24094.048105222297,1183.3606221405769
2023-03-11 15:00:00,24099.111191260832,24163.708905778232,24051.556265450177,24096.808999749526,806.2636941863066
2023-03-11 15:15:00,24086.40681253704,24184.989823865682,24035.08672692034,24088.391933978073,1162.106023009681
2023-03-11 15:30:00,24084.183826123404,24159.007520547904,24064.091420014316,24089.956079856416,598.6029657467351
2023-03-11 15:45:00,24092.19299729097,24123.879011524394,24026.804129154716,24072.444408140684,679.2396136467197
2023-03-11 16:00:00,24083.229966970976,24164.389303065294,24029.546918807744,24109.198129837656,1108.221891358713
2023-03-11 16:15:00,24115.99551403284,24173.368138912378,24073.76695010003,24117.523600615095,839.4106533544979
2023-03-11 16:30:00,24107.646229719197,24150.015599364346,24088.85686708742,24121.7864153399,859.8730758260352
2023-03-11 16:45:00,24123.561772964265,24135.360783623903,24051.45314680808,24116.34595587682,795.0431799637828
2023-03-11 17:00:00,24117.849846268058,24143.43801961105,24094.372521603236,24121.534125223643,851.7045911153755
2023-03-11 17:15:00,24124.09125359436,24150.53920116194,24069.264327594767,24116.465375572217,696.4830032678537
2023-03-11 17:30:00,24130.379054987832,24191.150544203792,24123.921076794144,24140.698715026836,854.8381360409684
2023-03-11 17:45:00,24137.11695687143,24140.309463971356,24057.45040898158,24124.495146025263,933.1689751930829
2023-03-11 18:00:00,24117.901219631804,24127.283493757048,24025.937743847466,24104.695066741715,992.8330562593926
2023-03-11 18:15:00,24103.617020804446,24125.383125363263,24070.564320965572,24097.037729688116,668.6423707372884
2023-03-11 18:30:00,24094.13841773016,24181.59393600215,24085.29162352249,24122.482669812707,1522.7337773238123
2023-03-11 18:45:00,24131.074439760414,24131.30936091713,24047.294919920638,24091.556186618338,923.1433485624583
2023-03-11 19:00:00,24091.81727655367,24160.520032363165,24063.872748016714,24090.413967445544,696.5828911039146
2023-03-11 19:15:00,24102.946842156045,24117.55877027753,24016.177772333158,24067.07043452114,574.0604587568911
2023-03-11 19:30:00,24069.762052727132,24115.74827630018,23980.45227412641,24069.461898401936,786.9927516475929
2023-03-11 19:45:00,24061.62734291534,24138.064854928027,24048.00484697236,24091.007579891095,801.6392243480996
2023-03-11 20:00:00,24107.288483620046,24178.120113407527,24091.499530326255,24123.04149247075,1132.7377983515557
2023-03-11 20:15:00,24127.62691634464,24219.894299856303,24067.618599007652,24102.7763166855,1062.67331327532
2023-03-11 20:30:00,24104.67740710166,24138.943284118926,24021.188831735904,24082.348094879642,1302.8586339163908
2023-03-11 20:45:00,24079.180795195953,24123.52136666032,24002.510112114323,24069.795877103796,695.5706774534954
2023-03-11 21:00:00,24059.00766254662,24097.915497814804,23959.770959963884,24065.14268863098,677.4055794266391
2023-03-11 21:15:00,24065.682833874147,24095.10951541363,23991.544634692582,24071.42448888016,679.8128282946863
2023-03-11 21:30:00,24080.99331242815,24151.909520100868,24036.427074467283,24068.774439463683,554.3282463295424
2023-03-11 21:45:00,24077.28629398152,24131.852390032866,24001.394000379303,24075.22121332679,1190.5828606441726
2023-03-11 22:00:00,24068.61517002041,24169.005367211405,24066.855184524764,24116.62176618478,609.769394810478
2023-03-11 22:15:00,24130.094125178253,24151.625650441103,24120.51380590869,24135.24247412635,562.7265204519191
2023-03-11 22:30:00,24142.214977779528,24225.494794340473,24142.214977779528,24179.40035980219,789.3917360636693
2023-03-11 22:45:00,24177.423398832394,24256.035603458113,24150.333897706227,24178.731759887134,532.845877072568
2023-03-11 23:00:00,24186.001613894718,24249.091174714107,24140.936497936782,24181.208451068414,1101.653967266507
2023-03-11 23:15:00,24173.529675715203,24183.942921052545,24098.761576198074,24163.247432515105,1064.8717254003877
2023-03-11 23:30:00,24155.294204080314,24225.29206563613,24149.552048702648,24180.919176362397,1425.1956080657346
2023-03-11 23:45:00,24175.733220761857,24231.703127886118,24136.116044784416,24177.80498774363,650.4629152549221
2023-03-12 00:00:00,24171.826906899023,24175.4246566674,24103.474624651433,24144.98258748018,846.8769765478887
2023-03-12 00:15:00,24141.057740505195,24189.485962958683,24121.159001262666,24148.568885344102,590.7415812105808
2023-03-12 00:30:00,24133.204093570173,24142.038096632266,24005.804146854043,24110.031369739616,995.3886197780741
2023-03-12 00:45:00,24122.50505354968,24205.82811192276,24105.176531579786,24140.966111685164,728.2789240136278
2023-03-12 01:00:00,24146.82186739591,24146.82186739591,24068.59001930149,24108.550902819865,698.1885463051999
2023-03-12 01:15:00,24107.72320537777,24144.87864718698,24083.56758806843,24112.812064102804,907.1566302633033
2023-03-12 01:30:00,24108.683729321474,24124.22847727584,24054.365349784817,24108.38493776473,774.1812614937597
2023-03-12 01:45:00,24110.225463452924,24122.479566068734,24063.221152797254,24098.76515490271,525.9535925689105
2023-03-12 02:00:00,24110.135031923033,24148.775719831447,24069.12620383881,24125.75223453645,1055.3341980800176
2023-03-12 02:15:00,24112.917950072155,24198.1773530866,24084.49355156743,24143.06754967809,541.9802301801345
2023-03-12 02:30:00,24149.382586319425,24176.103784042687,24062.129621793236,24137.987056313756,1002.3284759711127
2023-03-12 02:45:00,24126.352530573677,24274.629586368934,24119.712217998658,24155.025229755298,737.02112367274
2023-03-12 03:00:00,24160.016802647737,24185.893336932277,24098.356321199815,24139.66320993633,625.9843865067816
2023-03-12 03:15:00,24137.851847254555,24259.72143396339,24119.817470318187,24169.627518702648,657.7101595338404
2023-03-12 03:30:00,24176.681621738804,24231.4251668787,24084.108338967646,24156.812263658234,845.9063460507156
2023-03-12 03:45:00,24161.17716010235,24191.989822035965,24115.529100762422,24137.863103111173,695.3360855732591
2023-03-12 04:00:00,24143.04121168262,24180.447254423256,24108.86242970126,24161.934699105073,1017.7011357849892
2023-03-12 04:15:00,24154.025866728294,24265.367431283223,24148.01731428163,24180.195059704165,716.9657090968828
2023-03-12 04:30:00,24197.225000532693,24211.255662219835,24133.40910930585,24162.43666281845,1437.859593677622
2023-03-12 04:45:00,24163.263400131058,24196.314837915448,24126.8174653846,24179.984951100923,592.4685792490095
2023-03-12 05:00:00,24179.23451636449,24219.63778880593,24119.446240679703,24158.51397128953,1199.3459015197427
2023-03-12 05:15:00,24153.378648404512,24230.548220685723,24105.731976644332,24165.734630046227,527.8343460627189
2023-03-12 05:30:00,24156.916651583648,24188.96617385154,24059.68193957357,24156.45481408897,726.8836257224253
2023-03-12 05:45:00,24156.71137132047,24183.288923122414,24107.740273146657,24145.343008944383,770.5037623973276
2023-03-12 06:00:00,24159.595025442566,24254.436104653036,24093.942661656263,24141.168518922157,761.9894122691255
2023-03-12 06:15:00,24148.690909924542,24189.159801657785,24108.704248186248,24152.103182964955,733.5741360702108
2023-03-12 06:30:00,24157.18399783994,24178.23573602213,24123.67643829449,24154.573926256366,574.7674740173068
2023-03-12 06:45:00,24158.781576209716,24212.91148179675,24079.237362166783,24161.172487588534,656.4316752389086
2023-03-12 07:00:00,24152.399435096893,24166.55348558366,24114.360285697374,24143.497942830123,1675.6064439177978
2023-03-12 07:15:00,24148.093390716236,24209.68062203287,24073.872331086666,24157.04442817427,565.1594775833939
2023-03-12 07:30:00,24170.07331577044,24208.77726700966,24151.763189249763,24172.179402118534,1860.7748579860988
2023-03-12 07:45:00,24176.54588427217,24234.77297973056,24099.932831070066,24212.976119006533,991.6267491900145
2023-03-12 08:00:00,24216.98130924984,24295.308568773824,24195.230796888027,24251.470967243593,591.7486164617013
2023-03-12 08:15:00,24252.112802105978,24354.2311684655,24219.792543430456,24244.717989282297,655.695289004672
2023-03-12 08:30:00,24241.163722258894,24282.330364538517,24190.010681386477,24260.159183756376,1292.9096433409939
2023-03-12 08:45:00,24266.875983733025,24376.599172620863,24207.9798412182,24270.238359137682,1430.7827701920453
2023-03-12 09:00:00,24269.310678286198,24326.570661204656,24269.310678286198,24305.096779957745,677.3860414740745
2023-03-12 09:15:00,24311.323083170653,24335.538762097294,24282.686027842294,24311.930240984624,1012.5901522133428
2023-03-12 09:30:00,24316.920235399826,24329.8893663551,24263.50950413951,24286.941045977946,904.8842804322048
2023-03-12 09:45:00,24293.34039791685,24311.66740633494,24229.25910630005,24277.6448737875,1286.1173136132895
2023-03-12 10:00:00,24268.11983895423,24352.056448882464,24163.25557575785,24271.101390492677,564.8261434747384
2023-03-12 10:15:00,24275.476563771354,24302.682349162722,24211.91676245045,24252.918171042038,617.980813073637
2023-03-12 10:30:00,24256.989596278698,24267.18445309645,24215.887418118524,24233.24225314252,1573.698375675707
2023-03-12 10:45:00,24233.108028762563,24327.525764800943,24207.273020921868,24247.37132306786,733.2922412556288
2023-03-12 11:00:00,24245.536267534957,24302.88503770617,24146.13400836808,24239.550263278834,700.6999165406652
2023-03-12 11:15:00,24242.253778073566,24286.77836154048,24201.652768046988,24232.482484553886,535.7168514150205
2023-03-12 11:30:00,24230.746382184778,24290.072211252937,24137.724510395965,24246.44149188235,554.7558775724651
2023-03-12 11:45:00,24248.467755699876,24248.467755699876,24186.295710776893,24217.27206841667,854.4687676630916
2023-03-12 12:00:00,24218.398674041844,24254.383167220218,24214.144979747573,24233.69363220082,751.6838635691448
2023-03-12 12:15:00,24234.718710393736,24286.1341248664,24190.09982286371,24251.153347111514,622.4376244680643
2023-03-12 12:30:00,24246.43587023021,24357.735439119686,24237.381677832414,24300.812410643746,907.9799717005178
2023-03-12 12:45:00,24310.193260485867,24313.73784216856,24207.172941767418,24284.99559954675,563.1445088319126
2023-03-12 13:00:00,24276.791461988727,24327.59454943578,24198.18426404726,24260.734428362663,670.0381683223527
2023-03-12 13:15:00,24261.206093877387,24340.035903377942,24216.3502484191,24283.159110633143,1660.6079638662084
2023-03-12 13:30:00,24283.752738353345,24354.805377557335,24162.825265662505,24280.57126495783,1319.9928458520124
2023-03-12 13:45:00,24272.031681700333,24304.50361280015,24187.4177616663,24285.269260172354,1005.2316077221836
2023-03-12 14:00:00,24288.820063182073,24445.447061179617,24213.662450229043,24309.815645255316,907.4602129669415
2023-03-12 14:15:00,24300.475082069126,24356.256873270013,24280.159956046078,24317.863341876982,619.8022207410025
2023-03-12 14:30:00,24314.833498179458,24343.444290824416,24268.920144921096,24325.826434995408,1385.2183459414987
2023-03-12 14:45:00,24311.94148266335,24386.8463707482,24311.94148266335,24337.749881567102,1332.6252219819828
2023-03-12 15:00:00,24331.67051808207,24420.828616631858,24324.03899985705,24359.250145041082,680.5745864938119
2023-03-12 15:15:00,24358.506506617192,24379.633375492976,24273.02811417013,24329.911330647617,640.7783804282853
2023-03-12 15:30:00,24338.813699957445,24394.90894727187,24295.006590186098,24350.858202845302,693.6590713224198
2023-03-12 15:45:00,24345.00740882463,24422.501068820577,24314.404877540906,24346.449145725124,675.9176364323932
2023-03-12 16:00:00,24339.082374920697,24369.60151127323,24303.666195155725,24348.516335481363,661.7529560944206
2023-03-12 16:15:00,24347.744033601026,24376.197052122225,24307.42830051363,24338.744623859024,800.3186798467062
2023-03-12 16:30:00,24337.13991584411,24388.21474756413,24289.78330527729,24336.780269538107,693.6786999663344
2023-03-12 16:45:00,24349.984649283157,24349.984649283157,24259.433763218123,24319.106939703066,690.3682171029204
2023-03-12 17:00:00,24315.61252879916,24403.604658516408,24300.363655669855,24344.07939857377,559.4060548091817
2023-03-12 17:15:00,24353.823897695012,24369.941923889546,24320.990722250648,24347.12802462097,678.1939089748562
2023-03-12 17:30:00,24358.797848789523,24427.796445758224,24319.40531218836,24381.23588486885,674.4434996848595
2023-03-12 17:45:00,24383.77741276613,24449.643208645506,24353.367227864164,24414.837223102462,680.6488698996418
2023-03-12 18:00:00,24416.51213455865,24538.143084053583,24416.51213455865,24469.080584852123,1021.8834434581025
2023-03-12 18:15:00,24478.97729090245,24519.51425475071,24414.509201982088,24498.78377903446,1131.4352023627494
2023-03-12 18:30:00,24507.462506710894,24521.559401424136,24431.005184147056,24465.461804139788,811.0264866981488
2023-03-12 18:45:00,24461.910727814215,24561.494289455055,24399.961513905328,24484.503921949137,576.8788660196225
2023-03-12 19:00:00,24488.394029859715,24557.561173303337,24475.64601113413,24492.740248994007,610.4109060388413
2023-03-12 19:15:00,24490.05366314256,24615.43154130851,24490.05366314256,24514.97605242666,1225.1479290160437
2023-03-12 19:30:00,24515.46501002399,24599.404995560835,24450.072527730816,24531.319763800082,626.3109299115234
2023-03-12 19:45:00,24535.803329493625,24576.16121680333,24500.19117391142,24534.854973990598,659.8735985673874
2023-03-12 20:00:00,24529.1005654456,24537.997295582827,24435.825935743593,24470.776107341928,1507.1193964017712
2023-03-12 20:15:00,24482.289203191827,24498.268429600637,24459.631315417286,24483.01212738358,806.4818532981147
2023-03-12 20:30:00,24483.613872274633,24546.31130613002,24433.72806209991,24461.650076063263,547.1985870373086
2023-03-12 20:45:00,24454.363432646413,24475.532677799834,24360.89706815102,24446.20841063396,655.5116078200632
2023-03-12 21:00:00,24447.105089512308,24492.83074523929,24418.32246619538,24444.847069868076,684.6166391004751
2023-03-12 21:15:00,24448.881929124498,24491.552708782547,24396.1072428393,24438.792168258515,561.9868610331179
2023-03-12 21:30:00,24434.698193804077,24469.951482021464,24405.319968465483,24446.525857558434,564.3961780466127
2023-03-12 21:45:00,24438.35084876023,24493.505279377994,24417.101737772435,24440.60515933744,552.6236577524876
2023-03-12 22:00:00,24441.73429946008,24517.546142670533,24415.9719089896,24460.837007272472,1397.8378183601692
2023-03-12 22:15:00,24451.252447828196,24462.914412883223,24410.786552148482,24437.67988499812,755.5955863025216
2023-03-12 22:30:00,24451.71795442836,24468.337591510204,24399.436276526263,24436.036791320614,699.1655580972724
2023-03-12 22:45:00,24435.309408475394,24530.873708984338,24409.312500068823,24433.762397204147,662.7346996650681
2023-03-12 23:00:00,24427.30197351539,24436.16502167704,24335.141757566456,24404.49558008028,874.4189024913865
2023-03-12 23:15:00,24395.969745057188,24472.684691422215,24366.352991824835,24406.90783230964,688.3405612179573
2023-03-12 23:30:00,24412.351313149124,24417.94099886906,24361.97871774098,24397.492748996872,544.9783645895435
2023-03-12 23:45:00,24395.213965280913,24395.213965280913,24338.919568286976,24365.52642228059,773.0920217616974
2023-03-13 00:00:00,24366.181212708994,24410.02570467567,24328.751523677343,24376.263643321035,941.5639113608063
2023-03-13 00:15:00,24369.21170742232,24418.996564541503,24284.925050011574,24382.13530238042,827.1194149955081
2023-03-13 00:30:00,24376.519535123374,24462.744041937458,24376.519535123374,24420.565938518896,850.6126228564553
2023-03-13 00:45:00,24424.58268011512,24495.284907593137,24384.56380734745,24424.675113209414,970.8657231644146
2023-03-13 01:00:00,24415.090249020963,24471.649122182924,24370.080776897998,24437.252544276107,701.9664067699413
2023-03-13 01:15:00,24437.522766826693,24486.53868944835,24404.624318545313,24444.193663544687,743.4684267260648
2023-03-13 01:30:00,24447.425901344242,24502.653502628833,24389.79234864818,24444.470076168673,858.1560524386605
2023-03-13 01:45:00,24445.58605661265,24586.203761629833,24437.64018897851,24481.085508299362,920.1124186492962
2023-03-13 02:00:00,24485.151199412383,24625.95415230146,24445.389450950974,24488.975037935958,1499.9134250848067
2023-03-13 02:15:00,24502.337990382555,24527.985544320603,24466.958428881066,24485.97927520068,924.4598757537152
2023-03-13 02:30:00,24490.312572588082,24598.238845012707,24462.400645649344,24503.332164071307,779.0557779702087
2023-03-13 02:45:00,24492.54876912251,24543.795389478688,24451.842262172428,24501.274926144117,575.7840001006982
2023-03-13 03:00:00,24507.288847447628,24539.665403318235,24394.17017050134,24472.740960547297,991.8967368519803
2023-03-13 03:15:00,24466.41072046355,24523.171913528862,24448.76544403764,24479.38283204809,1084.5794734433223
2023-03-13 03:30:00,24481.654090459895,24530.623738531212,24432.481099215533,24463.971955307232,544.3990647776594
2023-03-13 03:45:00,24471.32595025002,24548.09545748842,24462.843102549574,24503.793104079927,879.3585298584145
2023-03-13 04:00:00,24511.972084444955,24554.994462552906,24459.2753837139,24483.54832462806,1676.2173610130521
2023-03-13 04:15:00,24488.68910406273,24529.271582479654,24423.235922685657,24495.669486337272,657.0569528527182
2023-03-13 04:30:00,24488.78894878049,24513.369543752888,24431.3164868906,24446.76750364392,1070.0155482008508
2023-03-13 04:45:00,24445.3685606053,24471.530996076155,24373.958826998052,24440.575273298586,569.8428382990944
2023-03-13 05:00:00,24442.635019972477,24512.59207570711,24370.896125948733,24429.26131547734,729.8255488319498
2023-03-13 05:15:00,24429.18134866581,24499.687287016957,24413.158606185374,24441.568116246566,823.9956782080258
2023-03-13 05:30:00,24431.7643434501,24510.523979938745,24431.7643434501,24454.65902530626,1020.6469846280711
2023-03-13 05:45:00,24456.076444491402,24572.0847041248,24456.076444491402,24498.473401748455,685.2058977054623
2023-03-13 06:00:00,24501.767011529253,24570.604313668213,24458.230981167162,24484.146389221667,675.0304492823599
2023-03-13 06:15:00,24483.33382069232,24532.477446871864,24444.31264018198,24492.25911129085,597.4925955269866
2023-03-13 06:30:00,24489.979753379706,24553.324624204954,24417.062845613655,24477.89510059898,1142.4506271007467
2023-03-13 06:45:00,24470.52796543791,24564.01839777132,24468.72431052872,24484.371819605807,686.2295979874674
2023-03-13 07:00:00,24483.87916610862,24503.44292189443,24432.83913251913,24484.26032839767,577.3292101643932
2023-03-13 07:15:00,24476.187756943145,24630.774465089715,24476.187756943145,24508.78225842146,870.7552796687216
2023-03-13 07:30:00,24515.184298722208,24555.89176216498,24446.916077535585,24536.07567682796,889.5785214702795
2023-03-13 07:45:00,24544.022868746957,24615.30192957383,24500.536948266967,24572.019540960642,1185.7145308437098
2023-03-13 08:00:00,24569.75762901084,24593.367340423927,24477.962100037203,24573.095032791527,676.9434808404419
2023-03-13 08:15:00,24565.021676417404,24614.561558682595,24565.021676417404,24598.53574841179,561.3617779840389
2023-03-13 08:30:00,24614.918537616722,24619.58347410636,24549.27976408075,24584.14015470433,539.8558234469675
2023-03-13 08:45:00,24592.594732205038,24611.765380835583,24529.772620286672,24568.817850334217,1345.9509488416907
2023-03-13 09:00:00,24574.41297119888,24655.139420965945,24574.41297119888,24630.19826060812,1029.2959850622588
2023-03-13 09:15:00,24616.361172556826,24701.38645062344,24548.973288736466,24615.87307571478,723.826762798007
2023-03-13 09:30:00,24617.103828845866,24690.23144837324,24592.456485359176,24638.823321772892,771.5837552604563
2023-03-13 09:45:00,24643.432428841017,24713.773787186397,24554.70112941613,24665.95039527806,560.9402140007124
2023-03-13 10:00:00,24660.349241376265,24730.279012981602,24657.583361261004,24686.52877209301,779.7532829896512
2023-03-13 10:15:00,24690.79702544997,24735.894129683336,24639.78004560536,24679.341470915286,561.1615134414375
2023-03-13 10:30:00,24676.34829428002,24750.803688748307,24665.888108656665,24694.628517521374,1585.741407930246
2023-03-13 10:45:00,24699.58461831618,24798.785726287795,24670.932969462465,24722.873520660225,719.6209143905768
2023-03-13 11:00:00,24720.947145566442,24731.276128259506,24686.743112204098,24708.433810736093,652.6433728209377
2023-03-13 11:15:00,24719.812917545103,24807.619317426925,24702.05690916721,24718.109390038855,930.9061529863421
2023-03-13 11:30:00,24716.605123089095,24765.604615073036,24649.484225927874,24722.197046986494,860.8070346319728
2023-03-13 11:45:00,24720.15235749369,24751.007201530374,24626.09766910549,24712.876442737794,2426.705510585674
2023-03-13 12:00:00,24717.264464553744,24719.086762103874,24612.554901136973,24650.12663532845,854.1290727124656
2023-03-13 12:15:00,24656.859815974607,24668.635861266797,24615.12343631628,24636.33871283916,657.5351453426538
2023-03-13 12:30:00,24628.422006843524,24754.589516339653,24628.422006843524,24687.00372231823,991.6063814985082
2023-03-13 12:45:00,24680.859623655484,24695.212484870597,24586.442475276424,24673.95465552003,685.3182956326307
2023-03-13 13:00:00,24669.933813887998,24696.86680252456,24606.61290826305,24643.892365555002,568.2499558860344
2023-03-13 13:15:00,24653.961820062075,24653.961820062075,24566.00018671872,24616.47671589526,557.676478760874
2023-03-13 13:30:00,24617.615737613964,24718.44375958525,24617.615737613964,24667.023407840494,763.4473599069445
2023-03-13 13:45:00,24659.798040239617,24769.659300512903,24602.2605496358,24677.565313729832,2624.2512401858858
2023-03-13 14:00:00,24670.92735581829,24706.0101301459,24601.961475862838,24688.38212064768,565.1075688107377
2023-03-13 14:15:00,24690.69741598207,24786.15093873693,24690.69741598207,24723.55243573211,670.26169890955
2023-03-13 14:30:00,24718.830256797162,24801.270900144125,24635.495133493365,24754.031609417223,1963.2065097727284
2023-03-13 14:45:00,24761.75491087498,24785.702444340095,24708.932264234805,24769.78489869485,743.3190368343903
2023-03-13 15:00:00,24761.450593441805,24848.412612770542,24752.602843556062,24795.065523748843,583.7701289218771
2023-03-13 15:15:00,24792.556910288666,24812.939109918352,24754.576316265706,24771.64702810206,613.9164346402347
2023-03-13 15:30:00,24773.88650689934,24876.57914527606,24691.01698808875,24750.378184021065,1118.8311149895435
2023-03-13 15:45:00,24754.809319456574,24823.980070968235,24743.79431392175,24775.2826504186,733.7654894737561
2023-03-13 16:00:00,24776.177168157417,24859.964202778614,24776.177168157417,24817.330501004013,648.665859461496
2023-03-13 16:15:00,24817.159271008335,24864.73395136928,24817.159271008335,24835.610197099926,800.6508787361101
2023-03-13 16:30:00,24845.161312008244,24886.0033992534,24781.790767494385,24849.907195360505,543.4205052997776
2023-03-13 16:45:00,24841.35887591829,24884.708663449273,24780.31834849465,24868.831764570863,668.79768529231
2023-03-13 17:00:00,24866.698737751107,24881.85293064765,24840.83764047965,24857.640340491318,537.3846560756239
2023-03-13 17:15:00,24848.75655490876,24875.003522335377,24725.87440740758,24843.904412808657,1031.2731892020274
2023-03-13 17:30:00,24855.002192495685,24855.002192495685,24781.431518642497,24803.738019715536,860.5156393676452
2023-03-13 17:45:00,24803.549376323925,24849.182527269342,24748.461252792633,24794.95466074597,1121.1085041371193
2023-03-13 18:00:00,24790.95610323828,24851.772533434236,24771.523370955434,24789.391649507317,614.5691538442318
2023-03-13 18:15:00,24781.53093447449,24828.739849766494,24701.33410141247,24777.81063983566,577.7354819240253
2023-03-13 18:30:00,24791.421868619324,24868.589785561933,24775.745683360627,24801.260991010844,1632.5137091175159
2023-03-13 18:45:00,24800.12799484766,24800.12799484766,24667.49291359061,24759.52138128188,742.352796878592
2023-03-13 19:00:00,24763.846225515266,24794.70318517011,24676.826598886597,24756.862885425024,1381.1098542868785
2023-03-13 19:15:00,24755.773693560124,24789.60193848313,24714.888255856436,24761.46861194464,728.048586523798
2023-03-13 19:30:00,24758.746061695554,24814.955550945437,24758.746061695554,24787.105086706517,716.7453579181499
2023-03-13 19:45:00,24796.39594219419,24819.231010504947,24737.51183067314,24793.182796578174,806.2745681427131
2023-03-13 20:00:00,24802.899468362848,24827.907284877125,24736.74020400499,24784.710276696132,1062.8861615804728
2023-03-13 20:15:00,24777.996466020115,24897.29189682801,24776.38351977244,24800.262050607827,537.2312048469896
2023-03-13 20:30:00,24796.269454354813,24831.549620112262,24757.807455615348,24780.33112823157,1371.0071268271329
2023-03-13 20:45:00,24762.113513013002,24830.486872651614,24742.670880570724,24810.83990279331,1653.9640918459663
2023-03-13 21:00:00,24811.813025332667,24816.36976747368,24726.702461454915,24793.542663671047,841.5103079502136
2023-03-13 21:15:00,24787.9640776324,24807.291883276517,24774.654890826874,24789.578146803484,584.0524869681949
2023-03-13 21:30:00,24777.128317658786,24818.404668684347,24644.221136681197,24752.284983592028,704.2498373378082
2023-03-13 21:45:00,24747.424484830815,24879.4868242448,24739.13149804474,24767.64626316379,651.5751659575747
2023-03-13 22:00:00,24764.253181014614,24907.138734217147,24764.253181014614,24791.645978720848,662.8538594449625
2023-03-13 22:15:00,24800.746743043554,24808.75029074745,24698.131973029078,24767.420613328464,656.2002090156212
2023-03-13 22:30:00,24769.77320593899,24816.03311418358,24717.11977768947,24744.129996439886,571.5945282794333
2023-03-13 22:45:00,24751.689258129427,24825.9209653194,24596.6794759708,24753.066774518007,624.9140945638256
2023-03-13 23:00:00,24755.2239729904,24755.2239729904,24665.65814561761,24688.021293694317,1394.4916282547913
2023-03-13 23:15:00,24689.676466159734,24809.21131603184,24689.676466159734,24721.47397746998,1265.610733300019
2023-03-13 23:30:00,24725.11730505764,24746.989012543963,24674.45377181484,24691.14662878836,899.2041110094494
2023-03-13 23:45:00,24703.761079731365,24776.81930069836,24631.093190226216,24693.173446070097,741.4225673904996
2023-03-14 00:00:00,24701.361615415783,24757.30550110053,24662.0429747962,24680.596275883985,899.9865795391038
2023-03-14 00:15:00,24677.34126895203,24747.24451200971,24588.03512158158,24638.039918718394,904.0972499106011
2023-03-14 00:30:00,24627.81858286237,24644.430706911735,24587.902793750513,24629.47670323858,565.8821933090323
2023-03-14 00:45:00,24638.25163763867,24670.10815384442,24485.799491342015,24598.18089540686,611.6681725606811
2023-03-14 01:00:00,24590.43791414566,24654.922708671053,24571.063941911234,24593.83613338377,937.2600896571571
2023-03-14 01:15:00,24588.091834483785,24648.055758764764,24523.72315157376,24595.832745177475,1383.552609227215
2023-03-14 01:30:00,24606.121768729936,24662.893266264782,24577.648330320495,24620.765721881256,922.0910175133602
2023-03-14 01:45:00,24635.486443856884,24665.593394820902,24547.13781853423,24582.695761491334,798.1939933276483
2023-03-14 02:00:00,24583.436114172928,24664.30315033104,24583.436114172928,24634.447509410358,606.80731463886
2023-03-14 02:15:00,24640.222099905757,24668.685021760954,24596.487842317227,24648.268649927002,623.5275026031924
2023-03-14 02:30:00,24648.903620093206,24771.759956739814,24608.229160438026,24659.89002600384,741.5065481097673
2023-03-14 02:45:00,24667.19269661711,24725.037447951894,24599.704505122416,24632.955757424046,1022.7521753003978
2023-03-14 03:00:00,24637.963796802353,24727.350714596414,24625.539929355353,24656.70599464604,962.4364008558106
2023-03-14 03:15:00,24669.61365668858,24726.15963294342,24626.826353355496,24680.426769117374,952.4606918055957
2023-03-14 03:30:00,24681.507244654764,24755.81298122576,24659.84037787357,24714.863566893408,850.9004061457157
2023-03-14 03:45:00,24717.994899821988,24765.1733251981,24649.329739237062,24703.979927785163,1179.0311491465127
2023-03-14 04:00:00,24695.44683604363,24749.37169802692,24685.4932963342,24701.507149722045,538.7549059942745
2023-03-14 04:15:00,24701.08211346745,24774.556075005563,24653.698246222924,24699.689179567216,514.4517950660243
2023-03-14 04:30:00,24714.17745657069,24727.471431165523,24670.740595694235,24692.531212301295,548.0419091216014
2023-03-14 04:45:00,24696.807085499324,24696.807085499324,24607.97017928624,24656.728158233425,607.1508909719574
2023-03-14 05:00:00,24648.58153504058,24741.059728486973,24605.339313583863,24664.260802732748,609.1596696656646
2023-03-14 05:15:00,24660.950741834386,24719.298849355127,24622.33067620358,24688.59507242555,1988.601057218499
2023-03-14 05:30:00,24674.82329629101,24740.358042508637,24647.072549160515,24715.126266800668,810.7237692211697
2023-03-14 05:45:00,24713.636139054874,24831.111139787798,24704.70777914017,24739.80013480437,1060.19329799713
2023-03-14 06:00:00,24740.13312821552,24824.099173804763,24723.13366056439,24779.118062426205,652.0687452408845
2023-03-14 06:15:00,24790.903283856842,24831.429127593263,24753.421691965486,24783.815257673683,546.1617708410336
2023-03-14 06:30:00,24786.29178447161,24895.242392796266,24707.098377878767,24826.588533352147,666.3654512574153
2023-03-14 06:45:00,24833.07004354344,24895.7953701153,24793.5358841833,24854.189431350016,567.442509979213
2023-03-14 07:00:00,24859.605504394334,24913.678203194773,24827.972926855196,24852.442564168014,691.1592714574774
2023-03-14 07:15:00,24850.322216478282,24857.25498136572,24710.510240949538,24819.905155377972,689.4020018837482
2023-03-14 07:30:00,24813.04398765481,24908.892862421417,24766.386249048282,24812.39490963868,805.2858283870844
2023-03-14 07:45:00,24795.039080519302,24867.080237950307,24795.039080519302,24833.57247352442,551.8151069128061
2023-03-14 08:00:00,24844.422217783547,24848.294223056517,24775.00392881529,24810.118488635606,932.4534920581755
2023-03-14 08:15:00,24809.282106486193,24891.720829653103,24759.077237733334,24805.992539097366,1016.1946343511852
2023-03-14 08:30:00,24807.503749747455,24841.241453962266,24708.97185637715,24805.915760631968,714.5664590236167
2023-03-14 08:45:00,24803.572033289,24831.88085449044,24758.855266102026,24795.702452228736,1162.1859309273584
2023-03-14 09:00:00,24812.03089852927,24812.03089852927,24754.81062656575,24788.339984042013,695.1478844336066
2023-03-14 09:15:00,24785.192944707454,24814.1499244209,24739.074853358008,24778.215171565767,600.8845782710267
2023-03-14 09:30:00,24783.922845435485,24871.62872772909,24736.93890312079,24803.12018604286,630.8176063109792
2023-03-14 09:45:00,24799.490485642327,24845.524119558406,24774.868253024593,24801.356373036593,639.8520837454496
2023-03-14 10:00:00,24804.175700544834,24914.211815648316,24747.79764966672,24807.558740537494,700.6745579712629
2023-03-14 10:15:00,24808.159385396913,24847.875980481225,24775.177106433854,24798.307096962308,760.0301313693412
2023-03-14 10:30:00,24811.62551738355,24811.62551738355,24762.48293138526,24779.462993229652,588.2600232199642
2023-03-14 10:45:00,24785.200156926876,24848.071967838147,24721.7597268632,24780.700726859926,771.3880706918522
2023-03-14 11:00:00,24799.272720087578,24834.467776944362,24726.613051700897,24807.920258175793,737.0586615662756
2023-03-14 11:15:00,24811.849687742233,24824.81020687051,24763.614748503434,24794.53653333413,707.9876267280328
2023-03-14 11:30:00,24799.900066400496,24809.964216556116,24764.599334820734,24788.688179317247,981.6841130907196
2023-03-14 11:45:00,24788.26684349124,24791.1079040686,24708.78806509469,24738.82994638361,747.0070353513347
2023-03-14 12:00:00,24739.191291097693,24795.371248563664,24733.26481610285,24753.814358149244,786.97358796013
2023-03-14 12:15:00,24749.18369794313,24838.496227376974,24717.03803207064,24779.64624952999,730.8262206034427
2023-03-14 12:30:00,24777.286003355148,24851.113152280264,24725.26821715924,24793.412241043687,771.0567343545549
2023-03-14 12:45:00,24796.66517084207,24879.259715386022,24779.832255378915,24826.913115800307,737.1281548535186
2023-03-14 13:00:00,24820.786713723413,24835.83613168232,24742.709131024145,24804.06240183126,633.8856271162089
2023-03-14 13:15:00,24798.98085266699,24868.220212309512,24681.85313910191,24803.36156082032,1130.0516161575392
2023-03-14 13:30:00,24812.096960809526,24831.841491277777,24791.020039925763,24814.66881318403,778.0175358044892
2023-03-14 13:45:00,24826.911598232953,24909.000044740907,24752.096594907183,24797.205349007756,825.3176102145245
2023-03-14 14:00:00,24795.274118940895,24863.54049597684,24717.647650909763,24840.36898141844,748.0455686028056
2023-03-14 14:15:00,24841.514463030246,24879.554751820313,24811.98555461826,24837.342172131895,801.4273156389173
2023-03-14 14:30:00,24828.67358359286,24846.736819973048,24715.302306613507,24818.269157154944,761.0931058892571
2023-03-14 14:45:00,24822.602362744936,24845.6771982307,24780.523287486412,24828.149690465605,1241.6710540715023
2023-03-14 15:00:00,24834.407241484445,24929.165574444964,24780.80406008872,24858.492651075238,629.4903517238695
2023-03-14 15:15:00,24863.000989021777,24913.931356250578,24834.638331383954,24855.217854213086,605.3626488601333
2023-03-14 15:30:00,24857.382736860913,24888.87056762076,24811.890325985834,24841.28808959979,589.7460335434603
2023-03-14 15:45:00,24848.34575186424,24894.651228765717,24834.977276417758,24866.259139169524,615.0406948602277
2023-03-14 16:00:00,24873.2682112157,24930.884228085415,24817.894881338714,24866.46312935563,525.5455908781365
2023-03-14 16:15:00,24864.009297657707,24986.79598054689,24848.21328311423,24901.077864038216,829.9166153860149
2023-03-14 16:30:00,24901.710950213455,24952.14120414639,24883.64530011979,24908.588142077973,761.9329334975777
2023-03-14 16:45:00,24902.964307237344,24941.697231695824,24870.780524999213,24910.02140986067,963.1229868979241
2023-03-14 17:00:00,24913.74206526821,24914.314717113957,24856.6583123634,24884.7545872072,642.3375363972593
2023-03-14 17:15:00,24895.876007596584,24899.229619782698,24850.42501540074,24870.77197597959,642.1457326089219
2023-03-14 17:30:00,24875.851416555488,24917.749798359535,24838.126203139047,24868.038692128423,619.6417107604314
2023-03-14 17:45:00,24877.041794735767,24877.174624243147,24793.674931511447,24853.218272222563,651.0400139955324
2023-03-14 18:00:00,24841.67108100026,24907.06549239834,24816.761225750543,24846.539940795465,1466.590376635374
2023-03-14 18:15:00,24852.395368962636,24905.873920688584,24850.129995661675,24865.657964193168,880.0933585074048
2023-03-14 18:30:00,24863.110043613495,24934.819204094525,24827.282755345812,24887.906816491373,780.9894302969632
2023-03-14 18:45:00,24877.33916397074,24947.476375062935,24864.251003878413,24885.48642542169,808.2933262785451
2023-03-14 19:00:00,24908.98113256511,24908.98113256511,24827.255488390838,24865.957596113873,639.6787946412303
2023-03-14 19:15:00,24861.05884905067,25035.48067475111,24825.595578791275,24900.364798405495,805.538110080349
2023-03-14 19:30:00,24910.30481245736,24961.91212145749,24910.30481245736,24946.66983159176,786.6545672865641
2023-03-14 19:45:00,24948.591707099728,25052.99629742673,24928.434580926732,24965.08111652164,985.4360170922572
2023-03-14 20:00:00,24969.551994527545,25042.315045509342,24904.706122266118,24950.000187299982,646.6258915911241
2023-03-14 20:15:00,24963.264091203662,24968.163439984517,24876.277951649492,24920.879766260023,779.9257353242213
2023-03-14 20:30:00,24927.035754941295,24958.2756488681,24874.28107178732,24931.437032722337,671.4887270194181
2023-03-14 20:45:00,24921.784393963317,24955.755312562484,24864.620231651566,24912.31579263449,2174.3116003364485
2023-03-14 21:00:00,24917.745552016397,24936.103654711227,24869.404371399844,24915.784795419873,804.7270750647485
2023-03-14 21:15:00,24910.438165477783,24986.099225564656,24889.138815602266,24938.20419943381,744.7623054521671
2023-03-14 21:30:00,24926.235542471568,24971.098968094488,24910.202553767816,24933.60794656087,710.3063476859871
2023-03-14 21:45:00,24933.123545550057,25006.992801768367,24931.170852699528,24954.380586564996,814.483880388762
2023-03-14 22:00:00,24945.15490624276,24990.522085565637,24899.34163055757,24935.18525854877,718.4239932844895
2023-03-14 22:15:00,24935.30664734971,24980.25870321988,24914.47109763388,24964.165287466323,796.3550033634526
2023-03-14 22:30:00,24967.421793292484,25001.671123889602,24887.514833688092,24956.78888551145,595.8186964608865
2023-03-14 22:45:00,24956.914065313347,25015.512483300263,24920.72363003,24984.26536400794,1164.177494252576
2023-03-14 23:00:00,24996.182397004606,25041.507371376247,24935.010909561934,24995.9746779278,779.209014692507
2023-03-14 23:15:00,24996.9519787979,25099.581117207654,24910.7643746772,25018.207019650792,1048.31695663569
2023-03-14 23:30:00,25015.360602080305,25032.403273342083,24971.84496770464,25012.045545735666,750.9754055780484
2023-03-14 23:45:00,25014.124291153785,25029.98994688558,24982.224585434094,25005.27489427563,727.7696343374514
2023-03-15 00:00:00,25010.742021645172,25039.609486605023,24944.438817523904,24980.01663904184,615.5053894782236
2023-03-15 00:15:00,24979.51947786081,25048.232520347814,24949.06100225636,24988.1280664706,801.259314969372
2023-03-15 00:30:00,24993.17047625191,25076.675704637124,24915.760726785804,24977.999993184767,1977.1502993893585
2023-03-15 00:45:00,24971.6478304692,25009.09841860391,24958.985535720363,24976.26945508837,794.9716165144031
2023-03-15 01:00:00,24984.160892902295,24984.160892902295,24932.66808683455,24956.252358656075,1347.4052198852785
2023-03-15 01:15:00,24964.710482241648,24974.58497610117,24916.716760253003,24952.74380613316,835.0903975104237
2023-03-15 01:30:00,24948.88923629102,25047.65696342101,24937.111968019366,24987.914699606135,836.2174193590567
2023-03-15 01:45:00,24981.31394035031,25085.366204378442,24981.31394035031,25030.849578213372,1062.6157203518671
2023-03-15 02:00:00,25036.160323206746,25076.468391036695,25016.397560343747,25051.61136905435,1954.1606146963013
2023-03-15 02:15:00,25061.45404458342,25152.54569045632,25014.260678746297,25061.571550683715,568.511390458068
2023-03-15 02:30:00,25063.163856579467,25137.831193035057,25001.025333835583,25069.603189283953,653.4799174539497
2023-03-15 02:45:00,25062.589308833114,25133.862221250838,25060.89217846528,25082.972863241226,568.0221377877689
2023-03-15 03:00:00,25087.84547913245,25134.401538718288,25087.84547913245,25103.41333823931,761.0816345683301
2023-03-15 03:15:00,25092.168445564097,25119.667961659874,25027.24909829628,25080.88818233065,590.4880543315035
2023-03-15 03:30:00,25095.09939684511,25123.99810292149,25044.9475306905,25061.470875249124,1411.47831665465
2023-03-15 03:45:00,25057.89674909036,25130.804067453373,25049.384564723572,25096.067844562218,1336.5875903580804
2023-03-15 04:00:00,25088.270120860125,25197.71045768668,25088.270120860125,25137.02080959374,1609.1905872934324
2023-03-15 04:15:00,25139.21094430882,25224.125209357622,25072.10141342212,25132.37976595362,718.7819600050444
2023-03-15 04:30:00,25129.60849986352,25206.455549549715,25117.355142137716,25155.204527964353,734.5011102927801
2023-03-15 04:45:00,25147.539368251266,25196.547564103523,25093.557993137434,25115.534517721095,718.6723089840301
2023-03-15 05:00:00,25104.16169731891,25221.42454683402,25061.487845587082,25114.840361018836,827.3750696942197
2023-03-15 05:15:00,25128.448589557316,25162.149660602125,25013.34659229394,25124.77063632952,521.5797959116579
2023-03-15 05:30:00,25126.5484488573,25176.869280555882,25001.734016151004,25134.46020934764,849.5721158136295
2023-03-15 05:45:00,25136.13529111746,25189.030287572765,25090.83005235836,25113.564523431567,983.950825452032
2023-03-15 06:00:00,25110.81690953123,25165.49833476709,25079.911417009214,25107.995364432114,831.646701666427
2023-03-15 06:15:00,25109.69539543449,25111.578240629344,25042.569357637072,25086.82233401715,755.2446504700846
2023-03-15 06:30:00,25085.439609075333,25182.032248368854,25054.086310177947,25109.30577258058,621.4850112371981
2023-03-15 06:45:00,25111.147012140555,25194.514355831692,25037.518969585486,25138.853710080555,794.2015708563753
2023-03-15 07:00:00,25152.60924332921,25200.201654896453,25131.89454493081,25178.19762280032,770.6724480782821
2023-03-15 07:15:00,25183.775483505768,25203.278989169157,25119.61139730691,25152.43029406844,650.8547643032994
2023-03-15 07:30:00,25148.495999645496,25156.326819002617,25103.442407688945,25131.91360429954,792.9453981597866
2023-03-15 07:45:00,25128.63566618908,25185.613763555448,25108.569503508712,25130.84667077347,1681.64123018449
2023-03-15 08:00:00,25137.0130115152,25137.0130115152,24995.39042565148,25101.93743696732,1091.1958811798559
2023-03-15 08:15:00,25107.816135195197,25133.0807071685,25035.177594161098,25052.000281323646,749.0667666303871
2023-03-15 08:30:00,25048.58381352925,25048.58381352925,24969.203542280837,25009.217859451815,737.5017556767278
2023-03-15 08:45:00,25012.408469796577,25063.462680681725,24972.208551143867,24995.499883955184,1506.9188672775485
2023-03-15 09:00:00,24993.480465846053,25014.23317037101,24919.713615655113,24953.495475584816,1115.1628603565437
2023-03-15 09:15:00,24951.251453381537,24997.055196107765,24919.69966687582,24980.335899919497,594.5256141484039
2023-03-15 09:30:00,24995.56948506836,25051.221354424342,24995.56948506836,25033.584113376655,743.6354157585698
2023-03-15 09:45:00,25024.250794513704,25087.77811701838,24999.720115085434,25042.53938428594,623.8210175875955
2023-03-15 10:00:00,25040.4337154963,25067.27252840563,24999.908855297745,25034.55275979521,800.6667640092759
2023-03-15 10:15:00,25033.162046254616,25066.026515760903,25017.352425587942,25050.70108474325,1290.195641330094
2023-03-15 10:30:00,25047.430033223063,25047.430033223063,24993.144535009145,25024.80098255156,636.3632457932217
2023-03-15 10:45:00,25020.13405587743,25088.859964817148,25020.13405587743,25057.283259859207,645.9364212903945
2023-03-15 11:00:00,25050.989200313914,25108.8016884323,25003.39736890967,25072.143550681187,564.6606736310885
2023-03-15 11:15:00,25064.666895398736,25249.293425372827,25064.666895398736,25106.414167033938,783.9503644249874
2023-03-15 11:30:00,25110.7773553049,25216.119500205674,25090.095682753374,25109.04970612245,1087.1949235954623
2023-03-15 11:45:00,25113.1044361859,25183.372021655156,25113.1044361859,25143.80780831491,575.3300757856325
2023-03-15 12:00:00,25144.038015799477,25194.625678536635,25109.843105245574,25165.621462474905,1364.2823327272004
2023-03-15 12:15:00,25166.15952990281,25220.131923268716,25135.854361516132,25163.859830377,617.0539803073113
2023-03-15 12:30:00,25163.850956301827,25177.374287605628,25086.104967459833,25132.31991219808,609.6006427288659
2023-03-15 12:45:00,25139.63839756555,25176.600336707445,25066.4639508397,25123.49750904508,774.6825236178688
2023-03-15 13:00:00,25133.93494490377,25165.009242825763,25079.339752196403,25131.654200609886,1060.6719192758783
2023-03-15 13:15:00,25124.441091744968,25152.17670680348,25118.48188770142,25136.672662364494,1133.8578686980686
2023-03-15 13:30:00,25136.080289542508,25139.040373155785,25082.09407188053,25116.81316043818,1135.7980113021358
2023-03-15 13:45:00,25113.937468404132,25156.029123491397,25025.285272285066,25064.059190382646,908.50377272435
2023-03-15 14:00:00,25078.12899752281,25086.00183604043,25015.979660323243,25063.21439072227,559.6408153011939
2023-03-15 14:15:00,25066.881806701127,25111.18118656881,24971.247708936786,25063.82778415013,854.760243521467
2023-03-15 14:30:00,25062.745980052085,25103.40105066426,24970.880687558318,25067.325860357134,798.9407765327776
2023-03-15 14:45:00,25077.726378945714,25097.103161604413,25028.840923841817,25060.490838682366,1061.849351952783
2023-03-15 15:00:00,25056.712189311285,25119.828399793794,25045.56949404654,25081.374822262544,1213.1618509824432
2023-03-15 15:15:00,25062.65413243931,25205.395615955804,24990.581735768494,25103.92056018095,883.600039744725
2023-03-15 15:30:00,25100.063516097256,25205.434146280226,25070.662520093254,25109.820004980218,722.54358991929
2023-03-15 15:45:00,25112.886216856547,25227.506791534317,25066.203104447755,25115.660617182344,537.3814122507692
2023-03-15 16:00:00,25117.58139780655,25164.09799301843,25073.463771677147,25127.25029332946,1361.5065256647072
2023-03-15 16:15:00,25111.2275294373,25217.60992506121,25071.384728755387,25117.290846050553,808.52911072251
2023-03-15 16:30:00,25128.968602214834,25178.081494317936,25064.54246926684,25134.039326138314,1152.457950293447
2023-03-15 16:45:00,25127.536530233563,25220.30781844769,25126.548560403455,25160.764364086142,608.2268443929485
2023-03-15 17:00:00,25154.01460637273,25251.861128922224,25127.01233219365,25167.336239229833,543.9652663859288
2023-03-15 17:15:00,25147.399488988074,25229.542871553236,25147.399488988074,25193.32002144585,677.7928431719134
2023-03-15 17:30:00,25187.377501256018,25263.24348677742,25153.679987922817,25225.768606772388,850.2232268531473
2023-03-15 17:45:00,25232.021405111733,25299.296610508885,25130.033116784845,25222.030547646125,521.2354326206366
2023-03-15 18:00:00,25234.760824719786,25296.136254091845,25172.64444192448,25203.765012505366,599.6092871944857
2023-03-15 18:15:00,25187.01667483188,25280.606363307077,25187.01667483188,25236.253424430877,884.445332987624
2023-03-15 18:30:00,25228.06759098269,25267.57877011023,25118.199652253494,25232.91684815899,825.4684350638056
2023-03-15 18:45:00,25237.803557326228,25260.34621750589,25158.59095885301,25234.394560763554,642.6700514092998
2023-03-15 19:00:00,25241.395787859972,25292.44882919182,25231.08361770855,25261.771365484165,811.4133006142346
2023-03-15 19:15:00,25264.663490965497,25264.663490965497,25184.66402609914,25234.963499458987,739.889226110658
2023-03-15 19:30:00,25217.46469662613,25303.991726205633,25189.631691888248,25234.718119869973,537.3936376557151
2023-03-15 19:45:00,25238.54081494508,25274.361751590815,25192.762931650832,25252.619498143762,1084.2505469566192
2023-03-15 20:00:00,25249.36117295415,25348.92450177577,25225.58083302689,25249.08064444228,522.2422476270061
2023-03-15 20:15:00,25254.68831881664,25299.417868619686,25188.740150525115,25236.713878195536,1203.7385560774587
2023-03-15 20:30:00,25246.491034449497,25254.038104948777,25165.32773343336,25236.36788802205,862.0496493971382
2023-03-15 20:45:00,25243.022988416076,25340.395610669235,25243.022988416076,25290.70606372478,738.3983490780631
2023-03-15 21:00:00,25284.71676802341,25334.77464574591,25237.28427351942,25265.653125016863,558.3754137722887
2023-03-15 21:15:00,25268.041595503775,25325.88680114806,25221.445096263076,25277.403227063664,733.5544477835992
2023-03-15 21:30:00,25295.031496326865,25322.42497237063,25205.715556617262,25279.580836632897,717.2816676842369
2023-03-15 21:45:00,25281.3433549261,25309.157416072547,25234.203702970433,25288.23618333054,968.62248022714
2023-03-15 22:00:00,25297.337508555534,25391.8131949454,25250.00990800737,25323.394474356577,674.5805099167808
2023-03-15 22:15:00,25320.099264412558,25440.663732718454,25237.946200158036,25332.23153088054,571.139771554603
2023-03-15 22:30:00,25333.52385497632,25411.837173729167,25268.573927781043,25322.146627889353,628.1730048905092
2023-03-15 22:45:00,25320.016087124513,25384.553933291598,25225.841988143635,25338.79234829278,574.0679143691291
2023-03-15 23:00:00,25338.192956391755,25372.238147916814,25292.80238709089,25332.544373741282,699.2462484282888
2023-03-15 23:15:00,25339.250717112987,25406.390851753888,25210.58013597815,25324.99491061596,548.4324767613027
2023-03-15 23:30:00,25320.039167242547,25391.750038595736,25272.936628421437,25342.860871563666,639.4554987815958
2023-03-15 23:45:00,25333.877704328912,25333.877704328912,25236.569142716995,25304.873927687717,1180.7689736490886
2023-03-16 00:00:00,25291.225268849284,25314.118248085102,25181.702453765676,25295.58257167145,710.5361483391586
2023-03-16 00:15:00,25283.91046498417,25301.10945248235,25222.151576150187,25266.945446442714,741.2972266594621
2023-03-16 00:30:00,25276.263976318332,25281.70151202526,25173.75432915499,25254.358891542568,1139.3546761292293
2023-03-16 00:45:00,25254.550327092165,25355.940404730172,25183.798907772456,25259.47440834987,818.977255101475
2023-03-16 01:00:00,25263.268055427947,25317.260275142075,25202.380814398653,25248.783295849345,1760.5352082811132
2023-03-16 01:15:00,25255.26607204324,25277.44178362036,25190.346560038462,25238.524174755476,526.8131412746476
2023-03-16 01:30:00,25230.905514051366,25373.51414627042,25219.12073229865,25263.64288547702,1254.4082917246196
2023-03-16 01:45:00,25275.506111740393,25377.36624063925,25264.71222982643,25280.098556245117,634.7857682921885
2023-03-16 02:00:00,25293.76041301938,25314.37517718439,25222.115117317415,25256.001577953826,706.0680912763424
2023-03-16 02:15:00,25267.9202800307,25332.5902438978,25263.150780503882,25283.350437899433,1190.540551530773
2023-03-16 02:30:00,25305.619157851204,25305.619157851204,25197.206333047587,25256.005011920075,585.4269712474877
2023-03-16 02:45:00,25249.936364781235,25354.732090632708,25249.936364781235,25294.54618113499,921.3609974588844
2023-03-16 03:00:00,25295.86635356608,25401.63638616213,25236.23147542018,25315.551805242503,584.2518300954599
2023-03-16 03:15:00,25301.888001952335,25413.01653527066,25285.045850697326,25327.702049626037,804.363397948673
2023-03-16 03:30:00,25331.497993001558,25350.9194577681,25284.38350022145,25334.61152313791,944.6214963621111
2023-03-16 03:45:00,25332.371476624056,25449.64469198166,25295.05317287037,25342.818744719123,738.5014281475178
2023-03-16 04:00:00,25340.659973110334,25397.47934196419,25309.868256007172,25353.494566081332,692.6716791400524
2023-03-16 04:15:00,25364.605932960312,25414.93499773469,25301.416252588995,25351.733423437177,635.9664030135774
2023-03-16 04:30:00,25350.130310823897,25364.929471407497,25302.734906464266,25320.461337735414,953.5742832715051
2023-03-16 04:45:00,25312.586385195344,25361.219606573428,25273.494107694612,25308.339083334788,540.4204215732966
2023-03-16 05:00:00,25306.939415416047,25376.062842667565,25306.939415416047,25351.455416530687,597.1100575908396
2023-03-16 05:15:00,25360.552124502265,25391.515420581432,25309.493200361794,25360.17236430785,533.2789059413874
2023-03-16 05:30:00,25377.731592440996,25390.121697159248,25311.427970212633,25339.835806856212,702.8750770937622
2023-03-16 05:45:00,25342.917830301485,25356.839453733533,25232.251127617903,25297.100056263665,1220.0692697403015
2023-03-16 06:00:00,25292.148981078917,25356.886636712003,25276.858588826537,25304.33915031871,659.2015386040222
2023-03-16 06:15:00,25319.001771087682,25333.028432566472,25257.166002457685,25298.158960178782,696.1743310629083
2023-03-16 06:30:00,25293.12074191317,25341.193808731223,25239.3417400819,25283.450678694186,652.1078337402986
2023-03-16 06:45:00,25290.46240342461,25372.238571015856,25248.41480211868,25285.179389050223,533.9135984431092
2023-03-16 07:00:00,25283.309013081733,25318.666071487092,25240.769871009612,25262.040562844777,732.4536059758559
2023-03-16 07:15:00,25255.49153440457,25283.83363485924,25207.5113966346,25229.213735294154,852.2524876795138
2023-03-16 07:30:00,25218.789942593616,25330.02727898017,25095.135923912945,25194.80801202257,629.1624737757983
2023-03-16 07:45:00,25202.543137512606,25220.971919721356,25176.773243822838,25194.725341926453,624.2268981547
2023-03-16 08:00:00,25196.60282973565,25247.94900681788,25132.9128193355,25192.262806276813,594.1998332941531
2023-03-16 08:15:00,25193.341325050773,25233.133036221483,25163.82811093005,25199.317608298563,547.182249371824
2023-03-16 08:30:00,25188.389123320252,25243.005549018162,25166.461078353575,25192.540571061953,887.5556080954111
2023-03-16 08:45:00,25195.030931295565,25236.156513820315,25130.617551893727,25209.623718124774,725.830200385499
2023-03-16 09:00:00,25202.961909385267,25244.36776604552,25177.68459953417,25204.41316885544,676.9167031785989
2023-03-16 09:15:00,25201.86357065956,25257.643057907015,25188.26734386063,25230.523430429817,655.6461312079257
2023-03-16 09:30:00,25236.376767813574,25260.450674086453,25194.812851537692,25234.18657074472,567.3454531944786
2023-03-16 09:45:00,25232.41917688259,25330.78931417558,25152.961249540425,25263.465163876077,587.9106107545563
2023-03-16 10:00:00,25275.111660088212,25308.479091899488,25177.233217954774,25256.513008761944,522.7495998850679
2023-03-16 10:15:00,25242.524149692792,25374.713556025945,25217.64252844689,25263.964076447923,872.6367480550375
2023-03-16 10:30:00,25257.03465399305,25332.354981757682,25240.707489107135,25267.74951762156,1019.8270031846841
2023-03-16 10:45:00,25276.412060780964,25302.182323806563,25203.35643224084,25244.271399059377,759.9882661670524
2023-03-16 11:00:00,25233.25316241346,25357.005299248092,25209.36930588654,25269.627158890664,621.4581875768133
2023-03-16 11:15:00,25274.46421298122,25305.861043422876,25231.1884269109,25262.483139539574,847.8332407169132
2023-03-16 11:30:00,25256.9755903941,25331.059609172422,25256.9755903941,25288.007343675836,768.4347712772322
2023-03-16 11:45:00,25289.447313071276,25300.36493557707,25238.35567605185,25274.527652166442,575.1316255021784
2023-03-16 12:00:00,25274.0721047275,25396.226935165017,25191.189723202886,25269.874205810305,727.8745826497553
2023-03-16 12:15:00,25275.166421808946,25346.80592246304,25275.166421808946,25315.911090854086,896.7566266186825
2023-03-16 12:30:00,25306.87232907978,25325.52464916003,25241.406919407316,25306.775810448824,786.3384596752144
2023-03-16 12:45:00,25304.868285450884,25341.023643022265,25250.57235856528,25306.46790320711,808.0100240128057
2023-03-16 13:00:00,25302.13978815344,25403.938398411923,25274.512388019928,25355.43487070339,1173.120924664491
2023-03-16 13:15:00,25353.16908292759,25401.68410262764,25298.004726694813,25364.99894492092,843.4608466066308
2023-03-16 13:30:00,25365.55553226297,25446.589139592008,25308.760872751096,25352.326883928494,753.9595712613998
2023-03-16 13:45:00,25336.41640949353,25376.806145752085,25315.24838633023,25358.334972910965,1184.2374576607265
2023-03-16 14:00:00,25345.00870118143,25448.98838547967,25345.00870118143,25372.228231699602,615.4981039228678
2023-03-16 14:15:00,25379.913322717,25396.047932867503,25333.539037582446,25380.473652009503,1288.771554270714
2023-03-16 14:30:00,25381.051011742507,25431.941100493077,25329.47104839878,25382.13087547734,1783.523733613071
2023-03-16 14:45:00,25383.38153907279,25468.11357344394,25363.33147432572,25407.66856244807,1109.5326667563997
2023-03-16 15:00:00,25404.754826437314,25444.82338618688,25385.493716751836,25417.315679458996,913.6161285641411
2023-03-16 15:15:00,25409.309862873506,25519.8793648868,25306.359335666093,25448.549249825606,613.8653122150455
2023-03-16 15:30:00,25440.623733556746,25503.02076570286,25326.776001595135,25449.84423896837,694.5458966197039
2023-03-16 15:45:00,25459.140192889383,25516.068299372833,25418.88543290127,25466.66413839376,1102.4759318244553
2023-03-16 16:00:00,25470.18547130201,25559.70786866038,25445.533722293276,25517.83553211866,730.7846986989503
2023-03-16 16:15:00,25524.26558716361,25613.63663482879,25457.671541435553,25501.319686568062,618.7753667888483
2023-03-16 16:30:00,25492.518331951145,25519.208433010943,25449.861478996056,25497.377680641337,731.969924956965
2023-03-16 16:45:00,25509.776580926213,25509.776580926213,25435.005825946217,25459.36753368869,731.0576312946447
2023-03-16 17:00:00,25452.07285553023,25513.809924734036,25452.07285553023,25479.347277312376,669.9573571160537
2023-03-16 17:15:00,25497.48644340299,25516.15613658697,25352.147936260688,25441.58586721356,878.1217584555401
2023-03-16 17:30:00,25449.195939096397,25449.195939096397,25221.60087412816,25414.972068740586,557.1012125400226
2023-03-16 17:45:00,25417.72641632713,25461.562189887896,25328.66815606419,25442.28652284241,556.4627273026366
2023-03-16 18:00:00,25445.771126631054,25522.821966621235,25416.148322116176,25479.18825715318,754.3005367569322
2023-03-16 18:15:00,25493.637983470642,25584.423013745232,25473.419656355036,25495.359855160634,548.9612736082605
2023-03-16 18:30:00,25500.899512494092,25524.540969727917,25466.86438324062,25495.729502429927,716.281123216854
2023-03-16 18:45:00,25489.04832611822,25544.669852610652,25457.92270626847,25513.252001227927,595.433690562987
2023-03-16 19:00:00,25521.840332320942,25591.978229816767,25431.101184677078,25532.153698159927,777.0579234289806
2023-03-16 19:15:00,25531.582608941535,25571.93623827499,25506.61740613184,25527.668122411073,564.1897259837269
2023-03-16 19:30:00,25523.017670911297,25621.0307033105,25484.669981323474,25529.92879340449,807.5278355965419
2023-03-16 19:45:00,25510.601451034465,25662.864592173897,25510.601451034465,25560.071114472343,756.0136448347474
2023-03-16 20:00:00,25563.214188292382,25607.157643385224,25534.185676464458,25566.56472674405,566.6292468576597
2023-03-16 20:15:00,25572.90148029056,25609.119365405757,25487.854474604264,25547.183353541463,719.4030854776212
2023-03-16 20:30:00,25545.93187210035,25551.42427223201,25471.971038568176,25502.881459317054,1054.0032257387832
2023-03-16 20:45:00,25496.627639967875,25526.76719208805,25454.900779934473,25496.162513588413,765.1754304155467
2023-03-16 21:00:00,25516.270126623673,25536.69850882787,25445.4683139743,25505.634219690382,947.0114376807586
2023-03-16 21:15:00,25522.631138108,25522.631138108,25418.757734331193,25479.639574577617,569.0547697034027
2023-03-16 21:30:00,25481.154484867235,25503.71783120989,25356.21035950198,25480.47193325887,727.130898670623
2023-03-16 21:45:00,25475.603453681782,25498.62738266599,25453.039355538494,25476.063842947337,777.8338427330808
2023-03-16 22:00:00,25475.387991102998,25498.570440355004,25412.359966072087,25441.328084578137,878.010670286671
2023-03-16 22:15:00,25450.70365496233,25510.221483172252,25417.285936354507,25457.921424569853,654.3229112952878
2023-03-16 22:30:00,25462.688435551772,25462.688435551772,25354.995409233947,25403.548871934297,1993.6160796488227
2023-03-16 22:45:00,25410.176844947706,25483.828382523687,25358.24196314241,25446.12333989547,1274.3440958524588
2023-03-16 23:00:00,25447.38342574574,25447.38342574574,25387.842019962685,25428.186512552285,866.0790302126378
2023-03-16 23:15:00,25412.371003957433,25477.096279158653,25328.819698619584,25386.415797052756,985.3314866976825
2023-03-16 23:30:00,25390.21921025962,25427.386518123833,25343.96722285031,25387.060379788894,687.8771678097063
2023-03-16 23:45:00,25390.325384151452,25456.87977012753,25390.325384151452,25424.04923755297,687.3861104568848
2023-03-17 00:00:00,25424.853678291835,25489.787749948155,25361.512357579446,25442.764684157297,903.2092890019268
2023-03-17 00:15:00,25446.795334379527,25485.522769011517,25420.07516045777,25437.62808032823,613.8724692079011
2023-03-17 00:30:00,25444.645547698605,25510.074728390486,25350.645997743395,25424.81472241459,677.3568802386387
2023-03-17 00:45:00,25422.25705806734,25425.15215855784,25338.960247952666,25396.257604869243,723.2184827407324
2023-03-17 01:00:00,25393.946654735297,25430.510449134777,25379.909125611855,25410.093415011394,533.8380182282393
2023-03-17 01:15:00,25412.73826964149,25412.73826964149,25309.04087226485,25344.793398669783,2106.6420749790213
2023-03-17 01:30:00,25356.578358022212,25444.07765729495,25319.07105188174,25352.013184515516,1341.5258721764637
2023-03-17 01:45:00,25349.344459755728,25439.564925912913,25349.344459755728,25386.16259990916,945.7089492216875
2023-03-17 02:00:00,25379.77814415469,25382.366326867046,25288.771835216543,25363.26490651108,1407.9729565104126
2023-03-17 02:15:00,25356.469229239374,25381.264469863334,25297.207887444943,25349.7899992299,861.052930121294
2023-03-17 02:30:00,25361.04753372004,25379.294948249022,25287.554069619193,25352.608168007107,1068.6784050172632
2023-03-17 02:45:00,25356.58920908932,25357.720133587725,25309.37639283618,25338.932641119118,544.4645097241538
2023-03-17 03:00:00,25330.2742979624,25393.259991637035,25304.727993918168,25374.684955602603,982.7102476121203
2023-03-17 03:15:00,25357.806241310303,25413.421707836085,25287.50907478601,25334.888250892047,715.2228611794795
2023-03-17 03:30:00,25339.51711967421,25390.0267964685,25284.949570954333,25343.83791358146,1580.4930771629035
2023-03-17 03:45:00,25342.313017322285,25389.685483295845,25322.469684237585,25348.472152434697,1196.0335007882545
2023-03-17 04:00:00,25342.663510854458,25436.056882783767,25342.663510854458,25367.338053584783,934.2610221415958
2023-03-17 04:15:00,25373.533902685136,25476.778824667912,25345.23416765955,25397.6158980436,643.4556954682947
2023-03-17 04:30:00,25390.7169622091,25482.560811819036,25366.412197076053,25401.790849254983,532.8934761931213
2023-03-17 04:45:00,25395.77329180608,25423.114099785813,25316.285664746265,25394.003993947674,726.8402492946134
2023-03-17 05:00:00,25402.685401427334,25424.184978452988,25301.31512223571,25373.833222790374,1506.8679293570463
2023-03-17 05:15:00,25381.23536137155,25425.43035002335,25273.621505709933,25389.207328303404,653.3219423791604
2023-03-17 05:30:00,25405.64479264388,25407.83583431637,25346.3263678554,25383.04518127152,524.5431302815593
2023-03-17 05:45:00,25371.526212636247,25411.25885383178,25359.996459477352,25386.723205493272,1760.0456750624219
2023-03-17 06:00:00,25383.49370858617,25446.549146794627,25299.626030065174,25372.922245276848,600.1913351751299
2023-03-17 06:15:00,25389.05495803117,25389.05495803117,25269.47949130733,25348.45906655078,614.3963250608635
2023-03-17 06:30:00,25345.695411675675,25373.682387089768,25273.40917254173,25356.117668696166,916.2093301866462
2023-03-17 06:45:00,25345.39484875394,25406.64601023523,25309.449718931362,25381.89391040777,1671.270104790064
2023-03-17 07:00:00,25370.330595833373,25400.02987898095,25290.534382203412,25362.85695652471,770.5723146129943
2023-03-17 07:15:00,25354.689592151597,25409.12707999892,25326.143748832103,25380.072570467517,637.2852686182732
2023-03-17 07:30:00,25371.558684135653,25424.900660215004,25334.107589546347,25400.907173568467,642.8155255530279
2023-03-17 07:45:00,25411.23847913495,25476.631849864152,25372.272385413904,25421.015945628576,593.4947610221158
2023-03-17 08:00:00,25419.643699089203,25443.290125905936,25377.375529282275,25399.74668794336,797.4731354567252
2023-03-17 08:15:00,25409.09364260432,25491.682983020055,25368.454773665086,25407.551564807014,838.0788535062758
2023-03-17 08:30:00,25400.467526891905,25482.294170424084,25372.654541642754,25430.517354986667,651.9232089526464
2023-03-17 08:45:00,25427.984030511532,25478.838474464286,25381.74645132352,25449.08625759127,1248.0097657069064
2023-03-17 09:00:00,25434.0353361287,25559.69010106538,25434.0353361287,25483.027736950968,746.7236684736813
2023-03-17 09:15:00,25475.666692139333,25585.08935330931,25474.351992297798,25490.14018178886,947.4246072281984
2023-03-17 09:30:00,25497.169871524693,25574.186246520472,25439.59134128947,25531.81165867011,766.7206730612895
2023-03-17 09:45:00,25536.11330352103,25554.69557257243,25468.192736900368,25511.337943095183,755.3698821255806
2023-03-17 10:00:00,25521.397195208607,25580.675384977294,25447.73391194679,25498.480205424177,548.6206995396726
2023-03-17 10:15:00,25512.54345173123,25528.600987642403,25390.672716766865,25476.83388840934,582.6165667130249
2023-03-17 10:30:00,25490.618695537876,25526.197262057165,25354.91504736786,25472.27809250815,1374.4554567814475
2023-03-17 10:45:00,25479.829849654318,25517.72712678426,25469.334748104793,25488.761466017513,579.017341262645
2023-03-17 11:00:00,25486.805979455115,25576.726093510624,25418.249233446713,25482.443417615796,1217.7763844230058
2023-03-17 11:15:00,25472.002505702585,25548.2774184152,25467.66849781735,25490.048386016377,1352.233119772486
2023-03-17 11:30:00,25502.83320296513,25556.300466209977,25498.15407314355,25528.264496645512,748.7110440434748
2023-03-17 11:45:00,25522.393655591826,25598.963618237387,25513.49650666802,25548.31436737121,941.1266052667318
2023-03-17 12:00:00,25558.04379293371,25567.200341667856,25518.469969930044,25543.92225927415,713.9317370598993
2023-03-17 12:15:00,25542.25327951323,25631.441094915524,25541.406666905157,25577.399398604735,928.3097413778236
2023-03-17 12:30:00,25576.940964246645,25713.738262871393,25551.78739427417,25601.497992515386,572.5551062111292
2023-03-17 12:45:00,25599.010679543768,25645.429208827096,25533.534209919908,25588.67479261379,876.3087197562795
2023-03-17 13:00:00,25591.32714608992,25633.75273370783,25570.629552924394,25586.85884702193,662.2917217483165
2023-03-17 13:15:00,25587.389036536148,25706.466831279573,25517.115567028268,25578.16300509479,800.6120145854732
2023-03-17 13:30:00,25579.418077811242,25687.841048503527,25579.418077811242,25607.435870509533,724.3240530451262
2023-03-17 13:45:00,25611.778089710962,25694.14548896386,25611.778089710962,25640.30004958773,747.9287683097475
2023-03-17 14:00:00,25652.799828237283,25691.94917404059,25607.181784752076,25659.057139832672,764.1046743695407
2023-03-17 14:15:00,25651.750056272947,25717.879434946975,25516.876076225304,25670.390558230316,2145.638800220786
2023-03-17 14:30:00,25668.64056324406,25730.9803648356,25583.91348821443,25671.821357312278,992.845015963363
2023-03-17 14:45:00,25684.39974923206,25702.214332423908,25631.31532665304,25669.245468187695,902.0255959510071
2023-03-17 15:00:00,25680.872430866668,25802.19766712218,25672.827231317573,25712.23864828411,1023.737800119532
2023-03-17 15:15:00,25708.034880912634,25773.11381537892,25678.152483296577,25697.28936748727,1306.478264496237
2023-03-17 15:30:00,25700.710175344837,25738.87616241486,25665.223140171714,25694.65470907054,664.1859155598514
2023-03-17 15:45:00,25695.64440135108,25722.81520196527,25655.156730402494,25674.517863865156,893.2786891324027
2023-03-17 16:00:00,25669.69494993901,25743.159844543592,25607.750736837792,25653.248675517494,926.5533472909493
2023-03-17 16:15:00,25648.646239843703,25675.833729896352,25560.133012594648,25623.690094130492,919.9457009439284
2023-03-17 16:30:00,25630.33087858631,25680.855826868632,25580.54836582029,25643.739971489995,571.7814056533788
2023-03-17 16:45:00,25636.180975589803,25696.86695770913,25636.180975589803,25675.418898723252,564.8827603865492
2023-03-17 17:00:00,25677.145154422127,25788.008890953024,25677.145154422127,25759.544725000407,950.6895994781164
2023-03-17 17:15:00,25756.456832179803,25803.560786893486,25739.325669819857,25763.21112145023,1118.0939705258754
2023-03-17 17:30:00,25761.814367239847,25814.15481581991,25731.24145805094,25767.547435932105,548.7743454920994
2023-03-17 17:45:00,25765.638179589605,25765.638179589605,25641.863956430036,25724.1108279346,1042.1719805354123
2023-03-17 18:00:00,25734.948090467475,25779.21005069316,25698.36631780296,25739.695414167883,1526.7688077272248
2023-03-17 18:15:00,25751.90373980753,25808.55360850805,25672.694665410752,25752.5033303062,542.9011096663378
2023-03-17 18:30:00,25755.399744498583,25772.38435984929,25655.541126388165,25678.146498689875,1473.7943151306213
2023-03-17 18:45:00,25667.379039394546,25713.50782576724,25612.843753903304,25652.995396506718,706.1841107268087
2023-03-17 19:00:00,25646.57093382423,25694.996918102654,25595.84178446751,25638.87418881031,556.333576733669
2023-03-17 19:15:00,25619.53667159959,25682.318207729797,25545.688390006937,25624.297842597385,590.0370986010013
2023-03-17 19:30:00,25636.77247124604,25685.803708424544,25576.41278090383,25646.541604333386,564.08326414531
2023-03-17 19:45:00,25659.68981874767,25751.433662397663,25582.557227681882,25653.400587783457,605.890979647477
2023-03-17 20:00:00,25649.84709757064,25697.054510611517,25593.92417228598,25669.398852298364,730.7495779765607
2023-03-17 20:15:00,25670.802127868363,25748.414566205083,25597.6410124447,25708.1266384266,990.6221284423436
2023-03-17 20:30:00,25693.70986952277,25786.22557128379,25690.752466327926,25744.540371614316,585.7357425876127
2023-03-17 20:45:00,25756.441714107885,25756.441714107885,25652.68500614541,25732.89365017156,927.7978790924789
2023-03-17 21:00:00,25749.96621162567,25834.481438431405,25749.96621162567,25771.53971168227,926.9067895948112
2023-03-17 21:15:00,25760.29470312937,25818.899272138908,25750.84374179659,25790.026201607474,661.4485881945143
2023-03-17 21:30:00,25787.342101226164,25839.80109434204,25734.659632016374,25805.21491952268,1049.6098242325843
2023-03-17 21:45:00,25805.50969865145,25830.990365477257,25755.674215993735,25803.212066890763,1058.7885569783584
2023-03-17 22:00:00,25810.167684676602,25810.167684676602,25729.5996763913,25761.234912730462,845.8968546362963
2023-03-17 22:15:00,25761.00333252833,25783.534049941776,25683.932040682994,25728.97582081973,1013.3129382736622
2023-03-17 22:30:00,25730.70349259533,25774.773244976677,25719.13854700198,25735.870781266876,516.4966484260042
2023-03-17 22:45:00,25744.878613212542,25812.77946421634,25725.80375727753,25774.990410326267,766.3149665245915
2023-03-17 23:00:00,25773.636998364822,25881.178999293825,25768.97085505178,25800.993885333024,1032.8369575797221
2023-03-17 23:15:00,25798.481490637732,25861.350325010924,25751.242743522347,25821.696551020395,1139.2887395465984
2023-03-17 23:30:00,25823.533345070933,25974.345165299477,25823.533345070933,25884.687577677225,1451.8211557287639
2023-03-17 23:45:00,25875.97018195254,25936.537473531913,25875.97018195254,25914.84053209223,567.9419004683116
2023-03-18 00:00:00,25908.486847880773,26002.227672556066,25908.486847880773,25956.615919773092,1388.475793869516
2023-03-18 00:15:00,25942.56851917569,25974.57934486401,25868.93714575569,25944.019476641006,706.5896985394045
2023-03-18 00:30:00,25940.499898105565,25989.537462374177,25896.40860899524,25947.216470303745,941.416797640797
2023-03-18 00:45:00,25953.501626298712,25986.49184280152,25889.67656318423,25960.189320409114,563.9053539451897
2023-03-18 01:00:00,25956.6339594238,25979.713535963674,25825.50656656103,25925.367232291876,2883.496212736953
2023-03-18 01:15:00,25926.17020466568,25940.535927468663,25855.708548299703,25922.038438859177,543.725030537947
2023-03-18 01:30:00,25913.77493659049,25989.53581750459,25861.128057817503,25932.321371345715,1132.0297268042814
2023-03-18 01:45:00,25938.91806007093,25938.91806007093,25842.25387817742,25893.969468948886,944.3607909748939
2023-03-18 02:00:00,25897.456146372708,25988.62334520208,25863.070494485313,25927.161950254234,994.5481013334767
2023-03-18 02:15:00,25927.486084596552,25933.19217207421,25860.092340641135,25907.032089103188,852.8194283737554
2023-03-18 02:30:00,25911.039554573857,26022.916979858644,25840.459184270025,25943.988259698475,926.7634012838852
2023-03-18 02:45:00,25938.572886974936,26006.018496245055,25896.244765337073,25939.67741402575,697.0688328502999
2023-03-18 03:00:00,25934.40589289834,25987.590250097437,25923.90092203923,25961.57194424615,1144.7112621962015
2023-03-18 03:15:00,25957.018901026695,26035.20583423196,25957.018901026695,25986.96663467964,595.7680938244212
2023-03-18 03:30:00,25983.703644843652,26023.749953948925,25912.986309971715,26002.696026728092,701.9654557257055
2023-03-18 03:45:00,26010.334925416577,26051.012208023454,25980.844798732007,26012.667445312876,681.463352765893
2023-03-18 04:00:00,25999.638255592585,26020.325830505008,25940.174793076105,25987.54321577051,673.756974899215
2023-03-18 04:15:00,25991.140583261982,26061.130955227763,25868.47643049901,25993.812540848776,609.5088712198711
2023-03-18 04:30:00,25981.6460880169,26069.77921341062,25981.6460880169,26014.53473133117,651.8941335277723
2023-03-18 04:45:00,26009.596799846684,26020.264117986684,25930.92428601687,25986.841281593606,852.078327443419
2023-03-18 05:00:00,25982.573288233263,26080.236629777028,25938.99997887358,26019.505671314597,609.5093106441452
2023-03-18 05:15:00,26003.55023249307,26079.40301333327,25947.866332421934,26018.779889061625,811.2572323882176
2023-03-18 05:30:00,26022.925935010946,26101.33823852166,25986.319797021282,26037.62676864382,776.0645955838403
2023-03-18 05:45:00,26041.246500854555,26041.246500854555,25979.0370850432,26012.53293258837,756.600997974193
2023-03-18 06:00:00,26003.41964903731,26022.269896244496,25892.2684997022,26003.093286044714,740.0295797295994
2023-03-18 06:15:00,26003.93534775176,26088.241905032442,26003.93534775176,26052.926546332834,1521.7862917063994
2023-03-18 06:30:00,26067.75584266499,26098.143950742942,25986.802711885342,26030.667573369974,713.6982123467786
2023-03-18 06:45:00,26036.074383584506,26038.87621230849,25960.14733596244,26008.157268363015,755.1500928571718
2023-03-18 07:00:00,26024.988586371303,26073.756398899455,25931.494636826115,25999.392130129956,886.8095900972918
2023-03-18 07:15:00,26004.558809545888,26024.898050928485,25987.770021389388,26006.328054013768,537.7485188344143
2023-03-18 07:30:00,26005.492678085135,26150.893418489835,26005.492678085135,26069.098212501853,695.3600684887921
2023-03-18 07:45:00,26073.60784309658,26131.099911119643,26030.21963063963,26057.553209431087,801.050810351548
2023-03-18 08:00:00,26059.885652581295,26149.18277292286,26035.92716099726,26077.334751858227,815.1355858785106
2023-03-18 08:15:00,26083.92185620975,26093.986272792437,26036.67512023766,26064.447918966336,767.3837081776636
2023-03-18 08:30:00,26066.102855520807,26102.776750021556,25967.304141695655,26058.693988677434,1313.2470405851534
2023-03-18 08:45:00,26069.502876017166,26180.659514600717,26047.976032059567,26066.88288406044,1136.6926645580659
2023-03-18 09:00:00,26078.327702954422,26078.560343208967,26009.455661684085,26040.48781373185,929.044641224572
2023-03-18 09:15:00,26040.483968884186,26146.1204963069,26040.483968884186,26084.192906503667,1377.610194812727
2023-03-18 09:30:00,26097.811693480322,26134.291024036436,26003.740904106387,26079.41240287721,575.1163254875532
2023-03-18 09:45:00,26080.40267713848,26080.40267713848,26012.5269320249,26055.96291350707,613.8342165299717
2023-03-18 10:00:00,26061.167447286636,26115.32460337925,26059.20339174182,26096.124611429354,972.9456413652575
2023-03-18 10:15:00,26091.402640533535,26115.441743381052,26064.60341559535,26097.36249522655,533.0799849921698
2023-03-18 10:30:00,26090.332348898617,26152.936047355295,26078.50535553942,26108.106049754977,530.4134981652691
2023-03-18 10:45:00,26104.34866816321,26172.237551913895,26093.63140916148,26128.69096782863,607.6435503471129
2023-03-18 11:00:00,26125.36740016774,26222.054830636505,26107.622043758223,26152.305361004805,2365.1582845277494
2023-03-18 11:15:00,26140.253947243848,26213.232393926643,26140.253947243848,26173.742791817327,970.5785252440472
2023-03-18 11:30:00,26173.46375448937,26299.9645552771,26156.02619438006,26233.723611072743,652.8762537252197
2023-03-18 11:45:00,26227.08040066612,26288.662301697885,26210.94454804745,26234.538276435916,508.4368953023605
2023-03-18 12:00:00,26232.026478896343,26291.69703000974,26171.42563735597,26245.627465751226,674.9627327823993
2023-03-18 12:15:00,26251.972510607524,26303.36230655061,26211.265877068894,26238.38763971341,626.4862007548688
2023-03-18 12:30:00,26249.68850149711,26270.87576739064,26163.769303971974,26254.06465027669,1260.2950227634592
2023-03-18 12:45:00,26240.37237178252,26309.69545217692,26143.837664972147,26240.676918393347,587.2510850810543
2023-03-18 13:00:00,26234.702841226866,26261.498119247277,26121.945491039973,26233.999672081012,701.1914802991336
2023-03-18 13:15:00,26239.308912900273,26271.31511111992,26221.266666831285,26250.14588812829,883.0784144554166
2023-03-18 13:30:00,26250.47217138235,26304.44559640131,26173.063789691736,26275.50260425901,1025.5471080556322
2023-03-18 13:45:00,26272.70519427824,26337.223284598193,26259.975417784575,26283.02725644645,863.4567278327938
2023-03-18 14:00:00,26285.154906652653,26348.468413372615,26222.113935650978,26319.4845799843,665.6366416557204
2023-03-18 14:15:00,26318.3280618076,26366.371812500074,26237.023532676587,26291.02005645268,650.1305342703341
2023-03-18 14:30:00,26298.302566264534,26399.49387064372,26219.935389900555,26318.244365557955,751.3010175188516
2023-03-18 14:45:00,26330.678521404487,26376.845059389732,26327.74398852435,26344.381527296493,961.6248352635733
2023-03-18 15:00:00,26355.784734062996,26457.65342970705,26270.114914372713,26310.706063095473,617.5491256896148
2023-03-18 15:15:00,26311.27577461416,26413.33067424185,26287.144961588732,26310.205615521787,774.5178540411181
2023-03-18 15:30:00,26319.91909793492,26371.238237010377,26270.427357638553,26308.81396020023,1231.0837791792508
2023-03-18 15:45:00,26311.360795606673,26326.01755892443,26283.338269234588,26302.035948247332,1515.7929526200637
2023-03-18 16:00:00,26300.38122651446,26372.761778874254,26292.773290370846,26311.141475245113,878.7654694548992
2023-03-18 16:15:00,26322.670601018697,26325.245953582664,26142.702151311827,26254.079261396753,929.7257212546456
2023-03-18 16:30:00,26247.160988300013,26337.191070181594,26177.654638731532,26225.943230854045,589.2573031794118
2023-03-18 16:45:00,26213.284450805073,26255.437283525323,26132.220859369918,26222.29192328011,567.9742971601735
2023-03-18 17:00:00,26222.784476946432,26225.05590723921,26151.63263207856,26191.078639871277,1705.1375748124265
2023-03-18 17:15:00,26188.787631124265,26188.787631124265,26124.46618289311,26169.001775068697,1458.3846771135206
2023-03-18 17:30:00,26161.489394920205,26265.157267872328,26108.54081645428,26196.140765392553,1221.0115186610053
2023-03-18 17:45:00,26199.921104277946,26207.417785537724,26124.39621680102,26177.32670281045,845.6710169556837
2023-03-18 18:00:00,26171.35046569204,26248.947136597606,26087.75078392387,26170.93388104182,568.5029316903313
2023-03-18 18:15:00,26168.525231882322,26186.90210489007,26114.989395240576,26155.63659301847,1298.547798104566
2023-03-18 18:30:00,26171.73208462981,26172.85839092107,26115.939729447407,26153.466379400947,742.5761459405427
2023-03-18 18:45:00,26147.491091155545,26295.960219445635,26081.2889575726,26161.699004292197,652.9843396631084
2023-03-18 19:00:00,26171.478454515407,26192.332541435768,26130.938304013187,26149.96132433319,716.6144749544223
2023-03-18 19:15:00,26138.408439154096,26241.79165526445,26090.031919009467,26125.08125741265,704.040736710759
2023-03-18 19:30:00,26126.234404137693,26185.649345121805,26083.965824684154,26137.426552375564,668.4159631321743
2023-03-18 19:45:00,26136.641739272534,26188.87719076328,26080.843713080656,26155.945284832145,584.3760560296332
2023-03-18 20:00:00,26153.26014293791,26186.03465856227,26076.054371850703,26145.221845601376,918.2032337371523
2023-03-18 20:15:00,26151.431386537053,26298.613618737156,26118.400180740802,26165.128024850244,728.6881895096135
2023-03-18 20:30:00,26168.746608747806,26310.543361177588,26160.36470638767,26178.89590931111,1168.568430239893
2023-03-18 20:45:00,26176.434274474854,26215.185482654033,26157.764833777106,26181.560993895433,678.1607700092253
2023-03-18 21:00:00,26174.70058882786,26196.87205445051,26100.83722175917,26179.574169911022,724.937915702671
2023-03-18 21:15:00,26171.40917614857,26244.138054471674,26152.790365347035,26184.68809563228,736.6780357896299
2023-03-18 21:30:00,26176.421557798178,26248.31837163267,26176.421557798178,26206.670138441565,839.3299601657601
2023-03-18 21:45:00,26196.058459281125,26296.937554527554,26196.058459281125,26261.61300433318,761.7948934903254
2023-03-18 22:00:00,26254.628184121364,26298.15382078354,26254.628184121364,26282.188242733908,542.2503584290613
2023-03-18 22:15:00,26272.152553078067,26331.148761019194,26245.047489372886,26308.37275630429,704.6946671479419
2023-03-18 22:30:00,26309.991577157198,26370.993400896874,26254.80822414766,26314.12416807195,741.1000052830929
2023-03-18 22:45:00,26307.84910846901,26348.744985793663,26273.11431281093,26324.085170729875,1879.745218087524
2023-03-18 23:00:00,26330.876929389182,26351.430887846094,26275.747182104653,26328.835057561562,515.1133012961892
2023-03-18 23:15:00,26325.05767386039,26401.34237367673,26296.959442120264,26339.075649564427,585.9773323610825
2023-03-18 23:30:00,26328.771862855756,26419.76217804794,26328.771862855756,26374.26075498783,1082.5508746996313
2023-03-18 23:45:00,26368.212684475246,26402.553218158653,26311.248757928388,26339.72381440724,806.0993342907921
2023-03-19 00:00:00,26340.671149620153,26370.706158904515,26314.209972284127,26335.81562746113,1178.7222297871028
2023-03-19 00:15:00,26352.086430710002,26394.28165441634,26238.837168943715,26349.904845083176,1038.7077083270622
2023-03-19 00:30:00,26350.570322355255,26430.817185643777,26350.570322355255,26377.56529309398,898.8033820500649
2023-03-19 00:45:00,26392.321861068147,26392.321861068147,26330.709286956575,26352.709394027122,1274.2177099608668
2023-03-19 01:00:00,26357.642707928535,26399.28097938215,26323.811530998166,26350.30935338001,731.8144225871408
2023-03-19 01:15:00,26361.676668709468,26422.53171166002,26294.382074506495,26362.260085279588,645.9826827638415
2023-03-19 01:30:00,26355.002280952296,26501.010413333803,26337.391694297683,26364.938400791696,917.891562004749
2023-03-19 01:45:00,26359.027037510998,26390.22282641106,26318.309038371677,26360.464697300627,717.160868394683
2023-03-19 02:00:00,26341.194153962613,26462.8532407047,26327.25121050803,26353.819440465042,1787.772609325675
2023-03-19 02:15:00,26346.28892976565,26484.702058984945,26308.420426174827,26379.70977790326,794.176706270107
2023-03-19 02:30:00,26376.864053084166,26509.11296338642,26314.813952792676,26397.891462939413,879.3421449463867
2023-03-19 02:45:00,26389.069229453406,26427.455758378983,26286.631758720356,26377.33553203549,571.1855152834275
2023-03-19 03:00:00,26377.00173047685,26377.00173047685,26304.925323704058,26323.807209258066,1212.1745820554452
2023-03-19 03:15:00,26324.63647113446,26414.372412450786,26312.959934714097,26346.58234733689,971.8348124978972
2023-03-19 03:30:00,26361.50864025867,26409.410849981818,26237.878819849295,26338.80194477154,1000.30820143991
2023-03-19 03:45:00,26350.985999884644,26350.985999884644,26296.272207135702,26312.06881931047,747.4266045746805
2023-03-19 04:00:00,26304.165562927785,26338.059541648883,26231.535726299087,26300.189130404997,1323.5263262407327
2023-03-19 04:15:00,26297.875743864013,26324.239688094334,26279.561903271213,26307.226977523977,546.9929372709349
2023-03-19 04:30:00,26308.64403480851,26322.39884386628,26270.976116640762,26291.072953814622,944.6619268076531
2023-03-19 04:45:00,26294.859754837384,26321.871223622104,26167.36855274416,26275.49663425347,690.2689868413945
2023-03-19 05:00:00,26266.404339932786,26361.129751904482,26266.404339932786,26299.97582110441,649.0242472999944
2023-03-19 05:15:00,26298.074333704626,26386.601111050055,26246.008153437084,26303.917628941526,695.68901226174
2023-03-19 05:30:00,26294.20521165978,26384.920816244052,26211.088767610556,26324.253721216213,723.1122867211449
2023-03-19 05:45:00,26313.98989035382,26355.700908258696,26239.524842294184,26262.240652302284,901.1933665732539
2023-03-19 06:00:00,26267.313522669512,26295.687543157655,26241.497465295644,26259.94443592418,794.7965468753418
2023-03-19 06:15:00,26265.320276673796,26290.381550779195,26144.57506573995,26222.19031791942,1217.929571360276
2023-03-19 06:30:00,26226.76150885041,26322.491812556163,26213.928976402134,26238.275106600315,636.4314542207313
2023-03-19 06:45:00,26231.542376469744,26231.542376469744,26156.359646411292,26191.081783771202,711.4385457505873
2023-03-19 07:00:00,26173.942496473635,26234.478322641884,26173.942496473635,26199.713449121766,664.5069119608668
2023-03-19 07:15:00,26202.71349263624,26282.7463563086,26162.43479187795,26223.601088637733,626.6799849548046
2023-03-19 07:30:00,26218.109527462137,26295.204976418718,26217.236203639128,26247.44279201993,568.6085934192976
2023-03-19 07:45:00,26240.762993209584,26297.291284860374,26220.046335514427,26247.298971165274,664.9328791124764
2023-03-19 08:00:00,26247.073637011614,26298.46290545377,26186.904208242857,26247.767463183183,800.5969856516834
2023-03-19 08:15:00,26253.606991293764,26253.606991293764,26062.572128876232,26172.05296714179,817.0101830466836
2023-03-19 08:30:00,26165.980655424282,26253.53364828853,26090.195313344197,26164.60319148669,728.1980637502604
2023-03-19 08:45:00,26150.23433941511,26337.198006565402,26134.363445872368,26191.57153329456,1397.3075533741771
2023-03-19 09:00:00,26177.493614092346,26223.193000602994,26157.781561098334,26195.0964549603,1020.2185349468285
2023-03-19 09:15:00,26198.44283029629,26227.33973186052,26107.037053220047,26175.08941408476,1604.5833555524707
2023-03-19 09:30:00,26180.79567836076,26197.956252459295,26144.46233319309,26171.501802660598,630.7904148550438
2023-03-19 09:45:00,26180.262855182726,26244.119625115265,26122.43408845646,26155.200062443077,973.9495366412975
2023-03-19 10:00:00,26162.56228151196,26254.583714042303,26146.133444927924,26203.210381406047,724.3527558356484
2023-03-19 10:15:00,26207.66181695803,26237.70370011662,26191.58688128085,26212.385913770486,1227.0564803901664
2023-03-19 10:30:00,26211.611887425093,26268.391775873515,26198.01601813827,26221.86716007988,737.8590010792336
2023-03-19 10:45:00,26212.845176877636,26233.647397104418,26180.17734334024,26199.315135057477,809.7820826952399
2023-03-19 11:00:00,26210.865136486176,26213.712047481014,26134.1003285124,26177.69139002201,549.4277646664526
2023-03-19 11:15:00,26180.794326633466,26282.049778563578,26120.533537928193,26217.82700660726,817.5646496560148
2023-03-19 11:30:00,26222.8054166323,26243.029273645574,26096.633088935178,26194.935211281823,1665.177392738785
2023-03-19 11:45:00,26189.643158220704,26342.635673291967,26189.643158220704,26241.59400187365,847.7036531033342
2023-03-19 12:00:00,26232.460993644465,26306.003491651663,26178.004275104977,26230.837339887166,548.2635462609744
2023-03-19 12:15:00,26231.867223852692,26265.572754264405,26212.7377944662,26238.426642824354,819.7710677834216
2023-03-19 12:30:00,26237.885721867846,26391.098536206122,26214.987483660047,26258.651719471356,1088.3930834967332
2023-03-19 12:45:00,26254.067157795715,26271.246249870343,26176.44436439131,26231.748062968683,817.6624984102318
2023-03-19 13:00:00,26245.44021451354,26281.712324116626,26216.383518247654,26232.362773974703,965.4551329183466
2023-03-19 13:15:00,26227.813933285935,26259.88501989632,26163.581462891332,26227.218713690327,1048.9302144950257
2023-03-19 13:30:00,26219.506171269175,26252.43530199483,26127.852306127443,26213.21026427931,736.7117595495015
2023-03-19 13:45:00,26217.942322926363,26258.468746357063,26168.47616372357,26235.348108805323,851.9464801116069
2023-03-19 14:00:00,26244.96033605113,26307.108949722508,26155.831277299858,26242.97511580909,601.7042030682055
2023-03-19 14:15:00,26241.732903587075,26293.61295402581,26227.626855965817,26249.835810732522,685.785096927138
2023-03-19 14:30:00,26253.131802813466,26295.781456130822,26197.24820795207,26244.370054610412,522.9639198752755
2023-03-19 14:45:00,26233.586555263184,26233.586555263184,26127.772319565196,26190.30385711782,640.4301840575334
2023-03-19 15:00:00,26182.201004662118,26269.675736794583,26096.891927177636,26197.07879760838,1180.2302853470617
2023-03-19 15:15:00,26203.365896146835,26212.927112536898,26039.29149088116,26145.11691257541,1481.7347286192248
2023-03-19 15:30:00,26140.08466132644,26152.725524596273,26087.877383313364,26107.939051688576,636.8238731489929
2023-03-19 15:45:00,26118.794015464235,26183.56584407852,26052.98273505516,26151.6787538572,864.927540907482
2023-03-19 16:00:00,26161.364188383286,26166.298494490195,26034.443088670996,26138.27785626313,1262.1935925990635
2023-03-19 16:15:00,26131.584873239266,26210.959698303675,26068.47085349076,26155.848600104695,582.0970914594009
2023-03-19 16:30:00,26167.859690697514,26226.35231992096,26092.015620307644,26192.787959937887,871.3653394646262
2023-03-19 16:45:00,26190.381738688255,26251.15425218056,26147.207196947893,26215.04873829867,694.9307337570634
2023-03-19 17:00:00,26211.334509203432,26269.050848882955,26160.55600715728,26249.960279021227,902.3556156207111
2023-03-19 17:15:00,26247.300589768976,26277.16114764252,26187.95851168412,26255.149433705585,623.7740145154424
2023-03-19 17:30:00,26249.951943874632,26300.332463230134,26248.646409169436,26269.193283638986,588.8432440348781
2023-03-19 17:45:00,26278.98723999764,26278.98723999764,26223.796836767215,26240.397888315154,893.2092144555021
2023-03-19 18:00:00,26241.340493553682,26306.40426068329,26202.050869717474,26264.591649143615,566.8253943753723
2023-03-19 18:15:00,26263.63109283648,26341.37070387616,26242.558810689363,26286.721599301894,1584.3911276536894
2023-03-19 18:30:00,26291.451489066134,26405.54823661058,26199.10390668636,26328.153731136445,936.7449846332588
2023-03-19 18:45:00,26333.142617032237,26350.72124806998,26255.296627150157,26317.76508072987,982.1103218690066
2023-03-19 19:00:00,26309.313436717137,26329.88087224854,26200.664295912287,26261.630259344613,628.8366156423401
2023-03-19 19:15:00,26241.959851655196,26327.276244569468,26241.959851655196,26301.80952005031,990.9304529997634
2023-03-19 19:30:00,26299.656226943927,26320.742077170664,26255.2933238637,26289.520666905883,527.281611404656
2023-03-19 19:45:00,26290.67624046374,26327.17833137883,26257.13846261017,26288.566223179332,701.1417133557635
2023-03-19 20:00:00,26283.70475984555,26322.838320136918,26177.56609627877,26246.790515292436,581.501061575215
2023-03-19 20:15:00,26234.72706258222,26360.28262808967,26175.915270737543,26298.979220100377,705.2290988408337
2023-03-19 20:30:00,26293.235221387215,26307.13686223368,26242.353448401507,26288.599691343497,677.5066084843736
2023-03-19 20:45:00,26293.55397952676,26370.881590406236,26250.746302417614,26299.070893511398,866.5764710789501
2023-03-19 21:00:00,26290.819008314043,26354.909100158202,26265.12337001276,26325.500479772338,1621.3065583401449
2023-03-19 21:15:00,26328.430523559087,26367.192344642634,26320.173031016562,26339.199978510405,1349.8512326653147
2023-03-19 21:30:00,26329.009077335686,26357.51470561349,26264.191384523838,26332.97262071726,581.5115125753251
2023-03-19 21:45:00,26333.844467899657,26378.972020127756,26223.27937362791,26336.652818682644,608.794514552656
2023-03-19 22:00:00,26337.891359150257,26380.03976103321,26250.589659346155,26314.172450058304,745.540614217799
2023-03-19 22:15:00,26303.935228952887,26394.55741240533,26275.932539719965,26305.30633020685,766.2120005279404
2023-03-19 22:30:00,26294.85038636593,26308.638419319814,26241.650173994432,26283.038173843666,2044.634185712897
2023-03-19 22:45:00,26278.007747676358,26294.855794145566,26199.39304814626,26271.76252586281,1408.7004539485515
2023-03-19 23:00:00,26272.241184604718,26313.289855074832,26207.537420203033,26281.454569272348,728.343308227985
2023-03-19 23:15:00,26282.674543057383,26323.01302369396,26246.387497519365,26292.00798558714,643.4188818422915
2023-03-19 23:30:00,26286.184453143916,26336.93572396593,26280.079297051856,26310.395831453065,1000.5522092363847
2023-03-19 23:45:00,26301.27013071611,26301.27013071611,26224.944003451375,26266.45631597467,684.8141655989745
2023-03-20 00:00:00,26259.210007302656,26308.07491880722,26252.987914942532,26284.285283875193,821.2671589353275
2023-03-20 00:15:00,26295.229386917836,26352.40350851148,26261.99961747895,26302.976921345482,868.8469767137536
2023-03-20 00:30:00,26305.420902477483,26410.71681203186,26247.066091860328,26292.312405736597,822.6469258485052
2023-03-20 00:45:00,26298.398721434467,26370.85493296824,26226.08503121356,26278.28137830243,983.3004065011163
2023-03-20 01:00:00,26273.252238489647,26368.299147747362,26200.719125508564,26283.658213821574,2060.531956368521
2023-03-20 01:15:00,26274.39054194516,26333.01750124824,26229.224808735686,26307.241880436402,725.5895400886563
2023-03-20 01:30:00,26313.59715978825,26321.76363167878,26238.29650157771,26298.82450208331,560.2452392563869
2023-03-20 01:45:00,26304.671659663512,26391.884506018487,26232.6593412983,26307.983411623776,664.1703674005634
2023-03-20 02:00:00,26299.02192241452,26397.57956451999,26232.225255347847,26344.85337197042,714.0348562402974
2023-03-20 02:15:00,26352.652279869286,26372.379777663336,26324.29036873247,26344.711030294835,1483.3275228576606
2023-03-20 02:30:00,26345.99371665054,26387.88946174913,26340.912388482782,26358.355505701296,1363.8979271365422
2023-03-20 02:45:00,26353.66140053389,26416.19283842908,26257.093226423232,26354.461551949316,544.545841705823
2023-03-20 03:00:00,26344.716867880186,26382.09719300141,26299.11078340564,26329.767332651267,2026.5802485264924
2023-03-20 03:15:00,26332.67240407374,26422.00069805152,26286.35504741785,26307.14414619278,738.4393878439081
2023-03-20 03:30:00,26323.768696116105,26375.431678410667,26273.945399987013,26290.441663555583,680.7762224743974
2023-03-20 03:45:00,26279.04658905441,26320.366611907666,26215.139645803243,26303.152170191424,856.8253852396721
2023-03-20 04:00:00,26312.1793279421,26405.988212349177,26280.692170894406,26321.139921652793,610.8998551767473
2023-03-20 04:15:00,26317.86289874526,26403.616436458782,26317.86289874526,26380.530963381778,778.8789555723192
2023-03-20 04:30:00,26377.979310549246,26423.88150372403,26377.979310549246,26402.777547107795,654.4079872986937
2023-03-20 04:45:00,26402.783558604977,26402.783558604977,26339.803417210383,26373.89904132389,1225.3273292141891
2023-03-20 05:00:00,26366.505325743365,26420.319035445034,26349.322663376824,26372.86190386071,756.8365383458373
2023-03-20 05:15:00,26370.090773626267,26434.07139051069,26327.54801641943,26360.062696941302,701.9209290027546
2023-03-20 05:30:00,26375.763707185728,26418.12330085338,26302.600330067897,26340.441626759108,698.6876255251669
2023-03-20 05:45:00,26342.90315337254,26354.749643945648,26293.520450324046,26330.759107286707,525.5600915921431
2023-03-20 06:00:00,26330.735294592414,26362.78700981844,26258.33109962839,26316.050358068616,2385.3671462052957
2023-03-20 06:15:00,26313.98009465859,26426.49574122027,26194.135530438176,26318.022381812403,700.348523570953
2023-03-20 06:30:00,26322.09725355559,26394.30210484773,26297.67337998082,26323.426902642284,726.5242106687034
2023-03-20 06:45:00,26318.90888067488,26318.90888067488,26239.175199893583,26297.023735721217,2194.0929136266755
2023-03-20 07:00:00,26288.22552381193,26332.04177170957,26212.68675456848,26311.734077129742,743.4924207530904
2023-03-20 07:15:00,26309.92439366669,26340.752190802395,26222.71891363685,26304.177433664394,868.3449496778835
2023-03-20 07:30:00,26316.371556923994,26363.66807358042,26286.0293645583,26346.377973408195,679.9745353020179
2023-03-20 07:45:00,26333.785337205514,26424.05743241929,26277.140472143463,26349.42221466876,839.574366526209
2023-03-20 08:00:00,26339.875686813026,26429.252936978926,26295.110141560468,26388.142995470836,913.0285631424917
2023-03-20 08:15:00,26380.236129598805,26481.591516201515,26349.95891926391,26408.231685827748,1054.563245422018
2023-03-20 08:30:00,26394.609923272474,26425.927910805178,26318.0042617547,26405.765014609413,744.6843893437651
2023-03-20 08:45:00,26406.43786161555,26458.321462587053,26334.555712553403,26388.360851075387,561.1797483134601
2023-03-20 09:00:00,26405.013077794345,26419.400283189138,26319.314751547132,26389.397165884675,1408.7357948550393
2023-03-20 09:15:00,26391.14379592072,26423.631713358427,26355.368600286245,26394.015686252875,526.9656561975763
2023-03-20 09:30:00,26397.64519935656,26397.64519935656,26307.67545756803,26329.36239397518,1555.8625160250242
2023-03-20 09:45:00,26323.755549627625,26338.525180142035,26286.127832354978,26317.92391757469,686.4388013807131
2023-03-20 10:00:00,26320.883903004455,26321.7094620338,26234.389694506986,26299.53728411033,662.2049041672963
2023-03-20 10:15:00,26290.907847907554,26406.567025636534,26232.289088464793,26305.672520511558,1233.4149927393007
2023-03-20 10:30:00,26307.848193727623,26353.098026419873,26204.263520377634,26306.938422695912,722.013536581227
2023-03-20 10:45:00,26307.07676867051,26416.496849731055,26291.19019862573,26310.586136223763,711.3831152806836
2023-03-20 11:00:00,26314.715493893807,26417.415306323797,26295.75206417099,26320.642099664004,622.6416836693676
2023-03-20 11:15:00,26337.896923645723,26375.952957775702,26298.875594671525,26333.811749659737,636.6470033688606
2023-03-20 11:30:00,26330.132854555635,26409.556097677727,26288.84390240723,26323.06534187909,525.0283049661248
2023-03-20 11:45:00,26331.428170189265,26423.681872907928,26287.050658194996,26329.718466190185,602.1951691761974
2023-03-20 12:00:00,26327.157936420106,26345.283707847924,26247.29065877659,26304.751044573957,933.5254072803893
2023-03-20 12:15:00,26314.49481601506,26382.746796861007,26224.885313769628,26304.67138905668,789.3159715393779
2023-03-20 12:30:00,26307.684471312125,26377.425371210888,26236.282823627298,26284.83919693666,785.5584758415789
2023-03-20 12:45:00,26293.32581003718,26326.746409901432,26208.575201283616,26263.41998803794,570.8164342041105
2023-03-20 13:00:00,26269.736773840872,26364.034286474103,26240.43199230192,26273.452651051477,762.1958603096779
2023-03-20 13:15:00,26266.471114634747,26404.669616617513,26152.688222532593,26284.182128829867,673.1686397283003
2023-03-20 13:30:00,26287.58498300222,26328.476220255667,26171.95726231708,26309.639861855903,552.543722076865
2023-03-20 13:45:00,26304.15759010777,26425.88358853559,26304.15759010777,26369.157440795636,730.5149735513086
2023-03-20 14:00:00,26366.528510765325,26414.081585276464,26303.66410618152,26356.585678123894,1033.36085358525
2023-03-20 14:15:00,26365.09977795493,26436.292690746886,26343.584249818974,26400.923448834124,987.1403296381471
2023-03-20 14:30:00,26397.07075473813,26504.61564639537,26352.341374587748,26394.357019394338,532.1504516099087
2023-03-20 14:45:00,26402.033394085556,26407.243304200714,26321.09287729004,26372.99118896831,649.5652640024346
2023-03-20 15:00:00,26380.339069183035,26401.203316764786,26343.9889594338,26379.057647530062,597.2366548509591
2023-03-20 15:15:00,26377.388662249537,26463.886518186107,26334.432417121276,26388.698647155303,966.5660806902964
2023-03-20 15:30:00,26381.782089165485,26417.524549149173,26333.059227453305,26363.460585264085,632.5374680841406
2023-03-20 15:45:00,26363.54302931493,26363.54302931493,26270.06856286275,26310.94893620317,620.4101118470619
2023-03-20 16:00:00,26310.297277182548,26332.148899147618,26286.887315468455,26309.762032712973,1455.2932968297569
2023-03-20 16:15:00,26316.294340975084,26345.726679183383,26292.123793413746,26312.30419891088,582.0476910773588
2023-03-20 16:30:00,26318.444504332456,26379.371897403293,26290.160313108627,26341.958217960535,773.1600194754501
2023-03-20 16:45:00,26324.439856618155,26426.72602265493,26319.349839865736,26396.837934764142,714.975393407962
2023-03-20 17:00:00,26402.517939345376,26494.872622337076,26343.634081745346,26414.852721469404,745.1426877677908
2023-03-20 17:15:00,26413.900418056353,26428.24619224876,26332.83423147925,26381.351407600865,631.8792888596429
2023-03-20 17:30:00,26378.648814942877,26410.266627347115,26289.649235846766,26390.483472440057,866.771874919114
2023-03-20 17:45:00,26382.112667079447,26571.912357334924,26382.112667079447,26418.484933344444,816.617475866008
2023-03-20 18:00:00,26421.71348453188,26468.52071579523,26325.21003272275,26417.199870826164,952.3067571571569
2023-03-20 18:15:00,26437.054129596876,26495.868603161678,26408.684631889257,26434.225843836048,1114.2813787786708
2023-03-20 18:30:00,26431.48735392325,26453.66978003206,26360.135445621996,26415.986562846752,540.4843736085111
2023-03-20 18:45:00,26416.869887176796,26456.32367335865,26383.48195944128,26430.29413354705,718.4422612042619
2023-03-20 19:00:00,26418.761585731747,26509.802927221615,26411.82549308683,26435.236683617713,1223.136052603561
2023-03-20 19:15:00,26433.764531191177,26508.120819280222,26433.764531191177,26473.64914204184,862.2109901747076
2023-03-20 19:30:00,26469.28848317191,26500.071691948717,26412.230149597584,26451.649227887854,716.6116142000857
2023-03-20 19:45:00,26449.9701353986,26462.89300274614,26414.684580867986,26441.798254687415,790.5304188133696
2023-03-20 20:00:00,26444.359757157075,26483.00530791196,26361.426739544746,26434.498220418576,773.9768369807897
2023-03-20 20:15:00,26429.427753086995,26473.275181234385,26421.286318330025,26445.187699599395,2155.5959423483205
2023-03-20 20:30:00,26438.800475630942,26518.688996775985,26435.67946122566,26475.27321564405,624.5464237437781
2023-03-20 20:45:00,26476.55349141756,26476.55349141756,26419.178477767666,26445.24396156815,1744.8101186344225
2023-03-20 21:00:00,26440.700362115746,26524.954733254606,26440.700362115746,26464.64076517864,577.4603182632866
2023-03-20 21:15:00,26447.678183820077,26495.410816690106,26379.377097215485,26449.3498046594,1266.8413022232824
2023-03-20 21:30:00,26454.310825707907,26497.828775136004,26422.1745651145,26450.592517797137,992.3907171058673
2023-03-20 21:45:00,26457.63838463417,26564.6873409349,26457.63838463417,26502.630624254445,734.3681861121196
2023-03-20 22:00:00,26514.88583357459,26578.832421587544,26409.8615047368,26497.326792602387,709.6829753539434
2023-03-20 22:15:00,26490.083086079714,26527.349761845213,26457.920448310368,26488.20098318359,841.5615496383494
2023-03-20 22:30:00,26491.41386746215,26503.027016582564,26386.062130023103,26460.154353780497,1030.8595369912969
2023-03-20 22:45:00,26464.42654078174,26540.76815544217,26355.57003798595,26423.578830364688,653.6214587188011
2023-03-20 23:00:00,26424.263103257632,26424.263103257632,26323.532262158595,26394.786137885396,698.1168482540799
2023-03-20 23:15:00,26402.50021609632,26467.624163722605,26368.718986449854,26399.551008128146,536.6745512836333
2023-03-20 23:30:00,26403.481044124557,26489.991555975834,26329.821745384783,26439.336482764495,660.3340045686973
2023-03-20 23:45:00,26456.6487282499,26543.931034011166,26393.070377977285,26413.39225958417,1651.3849799565144
2023-03-21 00:00:00,26419.364389668957,26419.364389668957,26338.52443613547,26364.864435181742,676.8020858396943
2023-03-21 00:15:00,26367.308277643737,26426.94505357063,26326.91628750307,26347.105713313726,720.3446868070239
2023-03-21 00:30:00,26341.302271881286,26341.302271881286,26227.419069194133,26285.878674072665,1287.8137589102466
2023-03-21 00:45:00,26292.502828764365,26333.51513575712,26212.72029424593,26252.377129733075,683.593180639151
2023-03-21 01:00:00,26255.43510562523,26351.794810393636,26231.1477296876,26283.69301998112,1326.009675649726
2023-03-21 01:15:00,26288.88593204952,26391.950869260585,26280.62394765134,26316.03636701237,945.1161832656729
2023-03-21 01:30:00,26326.362982217197,26446.610777026246,26326.362982217197,26366.168471241315,857.3676863343694
2023-03-21 01:45:00,26374.362630202373,26376.424382670637,26294.78218911541,26340.11231181972,904.1729677081065
2023-03-21 02:00:00,26341.17216633446,26429.92368265934,26292.782478200894,26341.71411170144,821.0855699978686
2023-03-21 02:15:00,26337.451465872757,26419.65606154358,26308.469822517112,26358.594421970985,686.4984130711729
2023-03-21 02:30:00,26364.616707346122,26402.966624930632,26309.531040483413,26348.563092187487,689.9419939359301
2023-03-21 02:45:00,26351.485537924113,26359.911553276128,26301.724606828608,26324.74931714426,934.4371883076722
2023-03-21 03:00:00,26310.342209415598,26353.61526014366,26256.37665527155,26307.369448535395,845.9908303527295
2023-03-21 03:15:00,26309.15177863888,26309.15177863888,26214.869848234266,26284.358059972084,675.6427236435928
2023-03-21 03:30:00,26291.18677761312,26291.18677761312,26200.98621231641,26266.171251242755,948.9897880960614
2023-03-21 03:45:00,26272.58531090264,26354.594002845115,26183.32650712796,26239.260155092055,705.2748089838739
2023-03-21 04:00:00,26233.11731596013,26369.16216897975,26200.229350483914,26283.463280874294,1221.3682304978465
2023-03-21 04:15:00,26274.798004460754,26304.397292010563,26231.249284112124,26283.078220915326,671.6076875498279
2023-03-21 04:30:00,26289.3123708504,26440.268817033575,26254.18052506484,26319.861963123905,958.1797215985903
2023-03-21 04:45:00,26326.339410522447,26386.974726534514,26308.74234316931,26334.55462665567,789.0569767005024
2023-03-21 05:00:00,26340.872866983955,26380.560985775664,26275.314248712966,26361.125964104605,1047.251660371912
2023-03-21 05:15:00,26362.498431321215,26369.466247390694,26290.236904799785,26327.822141322773,579.6475055849953
2023-03-21 05:30:00,26334.28793934737,26382.304526689688,26259.250337679467,26339.801466376364,662.4660566137552
2023-03-21 05:45:00,26338.050675838505,26377.67951731121,26335.61827626164,26357.796097073595,812.5905582142818
2023-03-21 06:00:00,26352.889763439325,26466.417165146508,26330.97703841814,26390.19395953551,703.962452268717
2023-03-21 06:15:00,26382.462360676327,26412.29001281524,26326.91283552558,26395.108645127326,923.0396625236252
2023-03-21 06:30:00,26398.675584495228,26413.042904991136,26365.166485966532,26394.952513849323,583.4482649532652
2023-03-21 06:45:00,26377.524177424042,26408.98924740169,26318.243556097677,26367.471416152355,753.8027868246984
2023-03-21 07:00:00,26372.234929240833,26387.482100272482,26333.966199225048,26354.711001326257,654.0498874347854
2023-03-21 07:15:00,26337.60106151939,26380.832154027205,26281.384788695723,26333.543586507647,633.0320414144564
2023-03-21 07:30:00,26327.292764986512,26371.956920331057,26285.730347974277,26324.516429229105,597.0710921538795
2023-03-21 07:45:00,26310.44881777651,26471.507059413598,26292.27816893575,26329.114347178962,530.0691305515502
2023-03-21 08:00:00,26328.557961372688,26377.275732347513,26312.048332273196,26347.47668630707,1497.6802882283762
2023-03-21 08:15:00,26349.65308033319,26462.785255871655,26320.719112420396,26359.901762023594,685.8431153459442
2023-03-21 08:30:00,26365.73201090729,26406.358256202,26256.245428974533,26337.410237899585,605.4204061934519
2023-03-21 08:45:00,26325.077888783093,26371.3157956779,26262.970273960113,26314.377437983294,609.5324416001013
2023-03-21 09:00:00,26318.53002511145,26471.90132928231,26313.031437870854,26381.946566952596,1350.906369638391
2023-03-21 09:15:00,26372.479805519648,26433.936475938997,26312.71644559412,26381.87893887514,2679.4550128098135
2023-03-21 09:30:00,26379.48142412404,26379.48142412404,26284.357889899173,26353.94648914795,628.783880220898
2023-03-21 09:45:00,26355.21847735595,26451.00768247804,26355.21847735595,26398.448367787005,686.0433582647869
2023-03-21 10:00:00,26395.011261636002,26442.379033451314,26359.34056473409,26387.98280677593,679.2974327376752
2023-03-21 10:15:00,26384.86685357833,26415.581230625212,26346.339142351822,26391.246641099853,883.4022122848229
2023-03-21 10:30:00,26400.43827602889,26444.40876748145,26359.02516580941,26375.276841135696,608.6319272719228
2023-03-21 10:45:00,26370.568176702916,26401.526455123087,26326.077020699606,26366.723122117954,1691.8018687703188
2023-03-21 11:00:00,26370.637465265743,26370.637465265743,26259.0750309472,26330.853774579842,1625.0105294761242
2023-03-21 11:15:00,26332.08817480128,26363.922945521233,26295.591944371212,26330.241527326067,546.4892266214612
2023-03-21 11:30:00,26337.271175383372,26406.9873243578,26270.259142847983,26342.908002790136,658.3877050758928
2023-03-21 11:45:00,26340.009439314013,26340.009439314013,26256.153481920464,26282.253671976985,685.6249580906397
2023-03-21 12:00:00,26278.632284331707,26342.768638794492,26276.420370162257,26311.044496312847,697.9462939105011
2023-03-21 12:15:00,26314.439934248632,26396.416414651703,26284.288917040616,26315.3432270661,655.0160271933198
2023-03-21 12:30:00,26320.176551954413,26365.65395714554,26232.16420869285,26299.346285777516,780.898824569412
2023-03-21 12:45:00,26298.274163907427,26369.546722875984,26211.084735537086,26291.76363652027,1732.9040416766354
2023-03-21 13:00:00,26292.011078962812,26414.80609848872,26266.04197130657,26295.5787398408,920.6733180011618
2023-03-21 13:15:00,26303.18795235467,26381.52155502639,26287.387784439616,26308.332251439882,558.7265794865831
2023-03-21 13:30:00,26308.774979249923,26367.23846973612,26308.774979249923,26345.810870443853,639.1346782560523
2023-03-21 13:45:00,26336.425982319015,26370.256002579088,26307.346712498074,26348.848372294062,1595.6213346020188
2023-03-21 14:00:00,26346.46792815926,26393.134922348396,26330.887831820775,26356.13581800982,783.3936547093632
2023-03-21 14:15:00,26356.84574588158,26436.79352853211,26278.353339944642,26354.30881414261,636.269945774758
2023-03-21 14:30:00,26357.982291245902,26386.374094716928,26235.49107311657,26355.850962348082,967.437156049817
2023-03-21 14:45:00,26350.209583410706,26446.718939917788,26335.145310159154,26363.77356333168,612.8266708023976
2023-03-21 15:00:00,26373.319056056185,26384.284379333283,26294.921024738836,26352.05307063139,710.0172879464809
2023-03-21 15:15:00,26341.32666682428,26432.236185198337,26327.019130796874,26350.390574649195,656.501665472895
2023-03-21 15:30:00,26350.88562248517,26433.025895150866,26285.525141253856,26306.468168544896,679.1183506167754
2023-03-21 15:45:00,26308.241082591914,26353.09812221625,26251.40039238071,26281.36980533052,1718.0822994876214
2023-03-21 16:00:00,26275.75928122122,26340.397874616305,26198.35612554956,26285.553151945503,536.2878946723413
2023-03-21 16:15:00,26291.070905664586,26533.611946493344,26266.13904918637,26322.502496272802,958.3149512666087
2023-03-21 16:30:00,26319.81133696298,26319.81133696298,26185.9394986122,26266.98796934351,616.4801237819354
2023-03-21 16:45:00,26271.705381106018,26284.65409553981,26203.808421387723,26220.26969773382,1040.044180189672
2023-03-21 17:00:00,26217.1837221867,26240.326264005475,26164.309416111493,26214.187693982087,682.2039508013086
2023-03-21 17:15:00,26192.459885136697,26263.579680082214,26163.436351918408,26198.752873702753,628.1204814884037
2023-03-21 17:30:00,26196.843664843742,26272.574155388123,26100.175633514882,26183.0422615457,1559.1197480418768
2023-03-21 17:45:00,26165.16708344736,26255.526094688343,26162.812635172002,26200.941591077546,546.3751201455837
2023-03-21 18:00:00,26195.07060895962,26225.980809059914,26139.440538342038,26182.517810701247,706.9663330191837
2023-03-21 18:15:00,26190.361202208234,26254.32417215736,26159.293077560644,26215.857934095628,630.8166212780768
2023-03-21 18:30:00,26200.73395025799,26224.22954582927,26153.61460829292,26180.079147076078,609.7186801475448
2023-03-21 18:45:00,26183.584064307455,26183.584064307455,26078.22307417653,26137.970665594,753.7947469632416
2023-03-21 19:00:00,26146.20396960904,26156.457862238673,26097.383843100062,26130.47673765327,1119.8891802560759
2023-03-21 19:15:00,26128.176547964984,26190.453021701127,26079.451127677516,26108.480398899726,970.7995421437982
2023-03-21 19:30:00,26113.037202230073,26148.952155761737,26080.219143820585,26101.519929113198,845.4312758614502
2023-03-21 19:45:00,26103.05902435348,26127.520313538116,26062.100794695558,26099.684373519503,1033.6069172516604
2023-03-21 20:00:00,26105.982041744403,26115.402006247983,26054.340248308217,26078.967085830158,699.3313216883262
2023-03-21 20:15:00,26070.44938682736,26108.53160654122,26034.50712188867,26086.54769426391,943.8177898004465
2023-03-21 20:30:00,26087.928353633608,26121.63235157991,26029.34807269561,26086.913652660918,509.6116561002345
2023-03-21 20:45:00,26095.16890758927,26185.258062208813,25993.017602721815,26100.935466299416,534.2475634587656
2023-03-21 21:00:00,26104.140917090634,26175.311295534022,25980.939356820378,26083.683686668242,1058.360255204797
2023-03-21 21:15:00,26078.285775061417,26123.885855911383,25999.146242082374,26092.341915808734,824.5226883998747
2023-03-21 21:30:00,26092.111719086246,26169.103631284856,26057.845563474813,26093.591895706057,655.1387002842268
2023-03-21 21:45:00,26082.201602734556,26200.9817424207,26059.900742207785,26109.475647628726,533.2343458956282
2023-03-21 22:00:00,26104.02637327893,26207.311055015114,26104.02637327893,26131.977754282787,640.506976727689
2023-03-21 22:15:00,26132.20513812207,26132.20513812207,26018.576105937198,26105.036424661484,1067.139062516976
2023-03-21 22:30:00,26090.92752539238,26129.16743279073,26069.22861263501,26100.447034741777,938.3904865843722
2023-03-21 22:45:00,26107.04997702829,26171.03897772625,26079.467949594356,26108.44908575287,574.3603982980925
2023-03-21 23:00:00,26118.384913407102,26183.62380830744,26108.093483373992,26133.48350975157,640.9505421965903
2023-03-21 23:15:00,26131.0260885663,26210.535145631446,26107.484205165423,26125.557374911186,616.3168571407147
2023-03-21 23:30:00,26123.522789390117,26162.75744097146,26065.087804309976,26097.91915286238,693.2860094061681
2023-03-21 23:45:00,26091.532905789285,26185.272945698893,26091.532905789285,26124.303063954743,710.4925918199749
2023-03-22 00:00:00,26139.525059898,26268.129497165024,26079.377140383134,26131.36184614985,526.6611293412817
2023-03-22 00:15:00,26143.737118333287,26181.386213329213,26119.994615482425,26158.35022854098,766.2219352256437
2023-03-22 00:30:00,26168.348828499427,26284.250993911028,26018.16312897521,26161.179888810093,797.6763715830336
2023-03-22 00:45:00,26159.885210804216,26253.835821818837,26159.885210804216,26213.234956511882,1466.0587244427056
2023-03-22 01:00:00,26211.213000825235,26281.600524316076,26184.228502419202,26235.41214447927,658.0014723138173
2023-03-22 01:15:00,26231.554459700114,26289.586203544462,26193.04703450168,26257.695150623622,620.2421760436205
2023-03-22 01:30:00,26256.088178239057,26363.92466384402,26190.645911415355,26257.9823150441,856.7982754138114
2023-03-22 01:45:00,26244.09154386303,26362.52304652716,26219.45288139472,26268.88730477808,2099.02034017769
2023-03-22 02:00:00,26270.058794970653,26296.280508918415,26181.082076627867,26261.68819847706,686.2817214149718
2023-03-22 02:15:00,26260.418957237132,26457.988883861803,26236.122422698878,26290.12318326895,2566.05188585969
2023-03-22 02:30:00,26290.575736105835,26317.69207524845,26230.51288687179,26283.014948034703,869.1140790921108
2023-03-22 02:45:00,26280.701861100377,26334.749512487804,26196.54188318593,26270.665355360976,525.9907718019767
2023-03-22 03:00:00,26264.222174220326,26279.423760336605,26183.45996601783,26243.371815758055,554.941887859094
2023-03-22 03:15:00,26241.660658044093,26260.367517031,26168.499844512542,26230.775739626577,908.4910790192655
2023-03-22 03:30:00,26239.56868526219,26247.89197856182,26194.598824892393,26211.702335808408,590.0272051723165
2023-03-22 03:45:00,26217.553098090604,26288.176678730935,26173.580676905236,26190.858476477664,680.9103734883771
2023-03-22 04:00:00,26189.38606147858,26245.46137831847,26137.846971968826,26189.45964556378,752.764050296507
2023-03-22 04:15:00,26194.351902372287,26194.351902372287,26102.69255313554,26154.85575006646,1423.471483361287
2023-03-22 04:30:00,26158.965727964354,26194.65767639654,26051.38635158002,26163.797298040332,1224.9252418329054
2023-03-22 04:45:00,26168.951860608187,26186.605908974798,26128.169417415404,26155.570201997554,963.3885024987972
2023-03-22 05:00:00,26151.457637253814,26210.398359727707,26051.187841943236,26158.16979332219,1691.0985194446891
2023-03-22 05:15:00,26170.724899325483,26196.21432967781,26126.65167149929,26163.758234187862,600.5199527623137
2023-03-22 05:30:00,26153.989028743123,26200.18193492309,26121.42210256867,26156.371225083232,785.8145143838043
2023-03-22 05:45:00,26154.3142156357,26265.33609816813,26102.05174957174,26172.904354575745,580.0158351912445
2023-03-22 06:00:00,26176.051065189185,26182.98588767657,26039.13604193111,26167.260783014353,1206.606047332509
2023-03-22 06:15:00,26172.158048344092,26277.295835115303,26094.536236847533,26194.722506561167,774.0232841983501
2023-03-22 06:30:00,26198.786132999037,26236.54877215574,26150.910965131116,26184.794945720554,564.5884583481079
2023-03-22 06:45:00,26177.26007975132,26199.26638158086,26090.630144330822,26156.726573640597,752.9695307726527
2023-03-22 07:00:00,26150.7973429668,26150.7973429668,26078.13546718673,26112.55993154514,590.7190640217859
2023-03-22 07:15:00,26123.94590188544,26208.75774946905,26044.309072754142,26157.626644789812,976.7972139498529
2023-03-22 07:30:00,26153.68402169354,26220.86499130732,26122.17790970687,26152.1930161876,625.254898024646
2023-03-22 07:45:00,26153.33246409602,26279.777116254554,26085.69437608161,26141.26289590832,954.7547206997771
2023-03-22 08:00:00,26136.647314373164,26170.72035584241,26019.877879201234,26102.758738067925,612.6659278453512
2023-03-22 08:15:00,26095.888108918145,26143.142699912125,26086.95821555592,26104.855988709347,969.641868222021
2023-03-22 08:30:00,26106.11094140479,26133.067795967934,26038.12180284611,26109.789463645753,1014.9195654815028
2023-03-22 08:45:00,26107.48711284553,26227.042108927188,26107.48711284553,26149.301326339562,1994.8170843645332
2023-03-22 09:00:00,26149.9594142843,26247.76728900396,26092.557233432108,26202.971275928227,753.2872499017034
2023-03-22 09:15:00,26211.16519149069,26312.814919952456,26208.09535104664,26226.22268820871,1027.948581385906
2023-03-22 09:30:00,26231.57800232951,26302.042016788146,26213.682698279554,26243.040257456658,701.2829370914487
2023-03-22 09:45:00,26249.304274063703,26280.553580939315,26207.281657114378,26242.175548874293,654.5974161933885
2023-03-22 10:00:00,26224.11611839048,26244.744709538263,26161.711638489247,26222.00160939734,564.8636135429873
2023-03-22 10:15:00,26209.23874810682,26331.231777145862,26209.23874810682,26239.400511404678,557.7591636853649
2023-03-22 10:30:00,26249.194007548205,26249.194007548205,26185.227552468004,26227.218422096652,823.2674265769031
2023-03-22 10:45:00,26233.465464059213,26265.569612813302,26204.780533224926,26239.19366158025,572.5072423402229
2023-03-22 11:00:00,26230.612342249726,26280.011140885643,26168.7137014483,26247.90869009701,1130.1935756313073
2023-03-22 11:15:00,26246.421793502523,26325.956179130804,26168.668510935655,26255.513495120475,945.1592509501845
2023-03-22 11:30:00,26268.469582298098,26298.160555106053,26243.019008343002,26276.61464732759,1306.8559397844344
2023-03-22 11:45:00,26284.020821206854,26284.020821206854,26210.60776470157,26250.63203451789,898.3043069045415
2023-03-22 12:00:00,26246.845819645772,26291.31151043023,26155.74951599907,26235.932671599763,830.0278677669427
2023-03-22 12:15:00,26250.117988004757,26302.47008855624,26232.96971404674,26248.920271020594,899.2046495048273
2023-03-22 12:30:00,26250.612269561967,26324.83301061688,26225.38118992035,26250.301416558228,631.1969390668897
2023-03-22 12:45:00,26249.793585326493,26334.530010591796,26203.552290966443,26257.90480635503,1042.6640158728717
2023-03-22 13:00:00,26250.839099519973,26297.177508682573,26196.647910398617,26244.90164307833,639.9079485130889
2023-03-22 13:15:00,26237.45282857623,26310.47836777346,26236.939212628182,26263.147380113187,776.7967534536319
2023-03-22 13:30:00,26258.89949834288,26303.665962765015,26202.584965209015,26230.551952148056,1838.82242935898
2023-03-22 13:45:00,26241.141806669326,26254.231252827172,26201.932255651664,26236.2146144253,590.8872640490155
2023-03-22 14:00:00,26244.727297389632,26252.99290484943,26172.9438181225,26226.080358017603,724.6893369960927
2023-03-22 14:15:00,26225.61544078946,26225.61544078946,26169.41984993191,26204.292154266263,766.5483469512394
2023-03-22 14:30:00,26209.314635567513,26251.273232825904,26192.30624744718,26229.18576477496,704.7979184637446
2023-03-22 14:45:00,26230.761970673935,26271.138391576344,26197.674651890662,26219.885833287633,571.6760041369714
2023-03-22 15:00:00,26221.73639382223,26282.387038569963,26175.450114127183,26240.88978379494,734.0281898535744
2023-03-22 15:15:00,26232.717706286192,26312.89565052549,26216.680674207088,26251.266699730637,740.8665740333768
2023-03-22 15:30:00,26257.251107235505,26279.868801317836,26133.0501120293,26247.76742091954,890.2924109898921
2023-03-22 15:45:00,26253.98708072841,26319.997748456408,26243.79969112677,26269.71489129255,618.9621929561937
2023-03-22 16:00:00,26278.934075732082,26327.222623901318,26251.512300010003,26294.81742470588,767.8843454863619
2023-03-22 16:15:00,26293.023600901863,26362.052438492028,26252.613538150104,26310.703115584416,774.3117357579564
2023-03-22 16:30:00,26303.961449729515,26321.80419497069,26253.46247658838,26304.679579554373,955.7378349342945
2023-03-22 16:45:00,26314.62401028628,26378.822044908902,26260.42663910416,26311.93376372886,610.5593115357404
2023-03-22 17:00:00,26314.687069910644,26372.305613312423,26262.913240927082,26310.48050587815,1277.2947974123522
2023-03-22 17:15:00,26294.47640643282,26398.357587457336,26294.47640643282,26330.193688502906,613.5460161541005
2023-03-22 17:30:00,26318.592620415406,26443.07636984348,26318.592620415406,26347.723960754935,858.4628077745394
2023-03-22 17:45:00,26347.21269588024,26404.602934631504,26347.21269588024,26368.734876241528,973.9153467663631
2023-03-22 18:00:00,26378.464586352053,26410.39196679845,26299.178630803137,26336.21698506528,1410.781838016749
2023-03-22 18:15:00,26336.5524300967,26413.781863059183,26329.22568843896,26362.07053100016,1736.45909981453
2023-03-22 18:30:00,26375.733057029465,26425.828711628765,26342.143306467344,26407.11687941997,1218.164712921084
2023-03-22 18:45:00,26397.332399278104,26507.875190567094,26331.889152157197,26424.461393222682,1527.5623318489936
2023-03-22 19:00:00,26432.221695094126,26481.476762528386,26396.872215199877,26418.770328405855,879.2157340296205
2023-03-22 19:15:00,26414.108756210935,26448.443506392556,26352.243589835798,26390.09560986842,828.1118956640586
2023-03-22 19:30:00,26387.83077811312,26461.50434428323,26355.279794707338,26400.827054967867,591.1394413577245
2023-03-22 19:45:00,26400.3918233361,26461.994455429303,26365.849878101824,26403.32066890638,581.9875493262573
2023-03-22 20:00:00,26401.834279224608,26463.441069942804,26368.055785391654,26396.13740967842,668.1209885785069
2023-03-22 20:15:00,26382.967221810042,26431.24142424762,26296.802012849246,26391.0095159943,1013.8972328968566
2023-03-22 20:30:00,26380.26450463473,26466.682171897693,26380.26450463473,26444.536009392243,1111.262424596728
2023-03-22 20:45:00,26424.775729992547,26485.30183809165,26368.172205265662,26421.109407122287,1005.7450433709184
2023-03-22 21:00:00,26406.756136900618,26459.62384571657,26406.756136900618,26436.46575183007,551.7089829946847
2023-03-22 21:15:00,26446.36036030465,26511.613991651935,26355.37897304822,26416.851252970584,716.7514645156075
2023-03-22 21:30:00,26412.4701756869,26530.76194639399,26380.525529468556,26448.170308886227,742.1458757717601
2023-03-22 21:45:00,26451.72467009968,26512.334192346178,26386.660583633802,26428.604849357256,738.8309367429113
2023-03-22 22:00:00,26424.739429353896,26452.75015275333,26340.668929275475,26399.35726315584,557.9967521566302
2023-03-22 22:15:00,26409.785320977357,26471.662406475185,26329.875912768443,26416.30690578417,626.3602702313459
2023-03-22 22:30:00,26401.637589200007,26429.369386214104,26370.774330478285,26413.26913828986,604.1954975877215
2023-03-22 22:45:00,26408.88392362346,26487.557502879485,26386.468064000903,26428.91537704328,1296.5242341921023
2023-03-22 23:00:00,26426.01934385954,26463.40994010131,26380.322470807052,26419.849286529792,611.2545677574298
2023-03-22 23:15:00,26421.592831611633,26422.129047873685,26301.312695531873,26399.635741749546,754.8848300646787
2023-03-22 23:30:00,26401.128359460832,26443.957029314937,26381.10510087257,26399.912923165288,1138.1650851249663
2023-03-22 23:45:00,26399.44879576151,26516.289490308893,26397.190647079555,26446.588927366603,1039.7321238718823
2023-03-23 00:00:00,26451.386833943456,26506.559098794074,26372.072747226957,26431.20724210183,581.7317440930199
2023-03-23 00:15:00,26439.509870279748,26525.60865162319,26424.415269410172,26446.54740228306,1340.2011165478848
2023-03-23 00:30:00,26447.79235958222,26472.729438844362,26378.060324089354,26411.800254313537,916.6625225786928
2023-03-23 00:45:00,26408.282457501613,26440.749908367925,26321.674534496062,26415.445882792385,629.6992894104982
2023-03-23 01:00:00,26396.86866644719,26451.21303549332,26367.530870961968,26411.194236291143,542.563678357174
2023-03-23 01:15:00,26419.224291277333,26540.41917031856,26342.46587285624,26465.175938551973,698.4465718769421
2023-03-23 01:30:00,26475.836218565306,26627.410688131622,26380.31083891054,26476.567788434302,669.2832093993392
2023-03-23 01:45:00,26471.165563925773,26567.787570766006,26425.91749485379,26493.176579045412,775.7046942092124
2023-03-23 02:00:00,26488.564147582536,26502.533424274065,26385.09674329636,26470.074100928727,598.1146389429857
2023-03-23 02:15:00,26469.70949166434,26536.655873847343,26408.38569441118,26491.36169074959,540.6252102891057
2023-03-23 02:30:00,26479.529211757723,26526.340849927412,26446.38378597561,26491.027060803342,534.5934607769548
2023-03-23 02:45:00,26491.453644289053,26534.02094959056,26367.0027896391,26501.99537891151,533.8929554689194
2023-03-23 03:00:00,26500.662545773263,26588.083171585255,26442.816180930324,26524.687800939675,679.9256528054315
2023-03-23 03:15:00,26523.120268296992,26526.603397402803,26451.532337477052,26496.12627824049,868.1807115972089
2023-03-23 03:30:00,26495.741717850487,26526.292676575733,26440.85152260351,26500.61276269495,661.4943897556979
2023-03-23 03:45:00,26513.1855924955,26562.282108006344,26485.309264426185,26505.912969087814,1249.6742460364512
2023-03-23 04:00:00,26500.906495990967,26568.72166734237,26444.484530909132,26488.568270573258,581.0604974138638
2023-03-23 04:15:00,26495.738628309373,26539.274812686275,26473.3225340819,26497.520056349378,651.1948605995053
2023-03-23 04:30:00,26493.78160284439,26536.376572793673,26446.12979780054,26476.069880794243,797.2015061522638
2023-03-23 04:45:00,26484.376378442586,26576.462382052207,26414.752358935624,26479.42658979544,619.4461336943399
2023-03-23 05:00:00,26478.644583565685,26541.491765153212,26429.000367944056,26514.94335085647,712.4216972775479
2023-03-23 05:15:00,26514.11549784836,26519.598124382246,26427.002869183387,26474.17181654909,769.5385867965041
2023-03-23 05:30:00,26466.751980220186,26511.823211151404,26464.678971461515,26489.335107307328,659.0006005631824
2023-03-23 05:45:00,26503.834724633878,26503.834724633878,26309.441253159646,26456.23959334487,1085.5976120498121
2023-03-23 06:00:00,26457.914798420457,26485.56070343954,26398.262744200565,26417.840628268004,1404.8160420479699
2023-03-23 06:15:00,26418.080737955428,26474.911362605355,26380.451051028525,26438.44211273388,639.6213771455276
2023-03-23 06:30:00,26431.65228792421,26457.69385257793,26407.87276292289,26429.422839012022,1102.7693812678738
2023-03-23 06:45:00,26416.611275472667,26439.592851681122,26392.721510378222,26418.03923416845,861.0810150514793
2023-03-23 07:00:00,26426.79419652856,26528.105814443647,26417.406832575656,26440.08756802015,660.8932654342987
2023-03-23 07:15:00,26440.0370957619,26532.36867375608,26360.767251882524,26436.2056722064,1166.750099672946
2023-03-23 07:30:00,26440.91072724848,26489.716921377192,26402.416014670016,26455.48013613001,705.9746203966489
2023-03-23 07:45:00,26445.236769890587,26546.960326428733,26441.15076529016,26505.04748516113,745.1710847609866
2023-03-23 08:00:00,26507.440209582714,26550.394437895655,26464.969056511138,26506.423366764255,569.3446863565126
2023-03-23 08:15:00,26511.590350550632,26556.618730200425,26441.98278013548,26523.895845098,765.8270928035971
2023-03-23 08:30:00,26518.64933219511,26593.577783662953,26518.64933219511,26561.756969976945,626.9190348976911
2023-03-23 08:45:00,26559.97574259957,26559.97574259957,26439.199647271595,26515.199567822958,1109.4997576825388
2023-03-23 09:00:00,26523.691602570525,26534.3528310634,26476.592163463225,26516.62578759077,956.1456513593503
2023-03-23 09:15:00,26532.443685460526,26532.443685460526,26392.97640109733,26495.119776428608,992.115701104462
2023-03-23 09:30:00,26496.322074749474,26588.536734942943,26368.88858033469,26500.721944475597,521.1525395333867
2023-03-23 09:45:00,26496.533890351042,26520.03538775975,26393.591621250114,26474.31853881177,628.4876365015297
2023-03-23 10:00:00,26478.662116775737,26563.546947917628,26408.538701364396,26464.892121555444,662.1922884943599
2023-03-23 10:15:00,26468.04651672705,26550.455446189037,26360.00261429047,26477.637287651487,906.0670575040543
2023-03-23 10:30:00,26487.57646619442,26521.332158087564,26391.48489350031,26454.40030169925,562.2498184191464
2023-03-23 10:45:00,26474.152007416655,26589.096785941416,26427.056821363734,26457.06029031345,716.4979013328109
2023-03-23 11:00:00,26453.271460067102,26474.120032449504,26431.88591954485,26450.666325279904,1056.9044439170825
2023-03-23 11:15:00,26453.73978768972,26508.19110246387,26423.078163133887,26456.87866383639,594.3743529640161
2023-03-23 11:30:00,26458.15256178094,26562.69715463177,26447.606978833206,26474.65041962642,710.6158114166008
2023-03-23 11:45:00,26468.798675814465,26511.93208922291,26429.299268028062,26475.34645604253,599.4946668446438
2023-03-23 12:00:00,26479.04324343026,26588.69235071477,26475.873732134405,26517.557763283698,885.6330998562188
2023-03-23 12:15:00,26529.13522527482,26603.807357310092,26477.11730402173,26528.229792307677,881.8892934216786
2023-03-23 12:30:00,26551.884915196748,26657.11196012328,26551.884915196748,26579.063378092083,1455.8986775202648
2023-03-23 12:45:00,26585.99092763998,26604.871340280562,26524.25957603811,26588.684729761433,531.9534919215379
2023-03-23 13:00:00,26571.3547557457,26638.70392127669,26555.345745650688,26605.07931800391,552.4034335773005
2023-03-23 13:15:00,26608.221313335514,26661.181143890997,26544.12062607438,26570.568378360946,1796.1075739670875
2023-03-23 13:30:00,26581.160938848207,26618.957156141485,26550.54113303515,26590.978457296744,1014.668014188202
2023-03-23 13:45:00,26578.098202236677,26623.383034912047,26534.42043869807,26604.631637947397,950.853138482726
2023-03-23 14:00:00,26604.730684244376,26682.96188505834,26460.828595416264,26576.168326207364,921.0632656760686
2023-03-23 14:15:00,26574.79165134263,26669.87657610282,26533.60498209551,26577.858564424492,763.9500818243382
2023-03-23 14:30:00,26574.36381989786,26690.05400785033,26540.700838452176,26601.63800803471,878.0185655999883
2023-03-23 14:45:00,26599.028671070537,26712.715395456224,26573.930038956245,26611.346159432112,605.9220803114542
2023-03-23 15:00:00,26624.973545192344,26668.70726083022,26576.450052858836,26648.828432351802,1005.5980831579343
2023-03-23 15:15:00,26650.294505595364,26666.09103808111,26549.484428568325,26635.89140791016,570.4974755574448
2023-03-23 15:30:00,26649.385493897404,26678.05119431855,26570.288596228587,26636.22918746458,742.2443121503155
2023-03-23 15:45:00,26643.470543435727,26647.29798552076,26566.133236211786,26601.564229490537,831.3587070128787
2023-03-23 16:00:00,26609.710164127715,26609.710164127715,26551.798330643815,26575.3408326496,613.1688875437634
2023-03-23 16:15:00,26571.427344229738,26598.470185635746,26498.755295998784,26581.13492865114,542.7495338723081
2023-03-23 16:30:00,26569.10391156146,26620.320872500946,26540.619294968445,26590.603357087555,580.6521540726161
2023-03-23 16:45:00,26588.16410890888,26609.808775869868,26554.06943183945,26578.221622241465,614.5407814823675
2023-03-23 17:00:00,26573.72279496995,26596.132618147327,26473.979575689613,26564.69976440776,553.3071086746005
2023-03-23 17:15:00,26563.941225385217,26629.07334264056,26483.553218549467,26549.831834180717,944.8937081389721
2023-03-23 17:30:00,26545.353439327857,26582.911706680043,26500.280297479552,26550.440957253388,2414.309876151837
2023-03-23 17:45:00,26556.964376555105,26599.071645759446,26505.114079919873,26570.183097307334,563.6232421906801
2023-03-23 18:00:00,26566.395474862144,26617.936831543822,26513.558938969105,26585.80480315691,761.5519631058658
2023-03-23 18:15:00,26584.105943801198,26585.720728863573,26470.231993879548,26567.890730383842,1840.0957953156656
2023-03-23 18:30:00,26567.296809031268,26581.249478991576,26430.559963496922,26546.588998097344,844.7017672340677
2023-03-23 18:45:00,26549.67054604292,26591.218122480688,26446.69367288736,26560.21069026791,734.8933724680113
2023-03-23 19:00:00,26552.33714014222,26556.298871701816,26507.930839675395,26538.972322284062,592.2356542633107
2023-03-23 19:15:00,26557.05428759656,26567.29462346375,26476.887995254383,26544.89537914239,567.6471942747036
2023-03-23 19:30:00,26543.632438582128,26625.024693025684,26505.33648913735,26553.66942711136,716.0602154365396
2023-03-23 19:45:00,26546.701923593093,26574.368420371477,26512.448163030043,26528.944679961798,887.9107912108059
2023-03-23 20:00:00,26536.21917804526,26580.93230032435,26525.024685911427,26558.315649721862,853.023545866773
2023-03-23 20:15:00,26552.13829575033,26603.215171900523,26552.13829575033,26582.63741812222,643.0734622255235
2023-03-23 20:30:00,26580.572374236526,26700.307541442897,26516.919838194674,26599.88543901726,561.5870818642862
2023-03-23 20:45:00,26581.017145724076,26709.297962222445,26581.017145724076,26637.238781686254,2669.623630460062
2023-03-23 21:00:00,26635.644635491964,26711.293712645645,26613.417028330223,26650.242389518473,561.5433346761554
2023-03-23 21:15:00,26649.959051882317,26743.425260305812,26642.73713585359,26684.258752373677,566.3521176180938
2023-03-23 21:30:00,26676.71853151364,26695.074518933907,26641.79046134811,26658.01193418633,1133.623618822639
2023-03-23 21:45:00,26639.042330294924,26702.408987736973,26639.042330294924,26668.56439917491,741.7555115201915
2023-03-23 22:00:00,26665.492325047384,26773.977584104792,26642.314743628947,26694.11497914847,720.2666800204992
2023-03-23 22:15:00,26690.664925636018,26708.591781567844,26569.485100367678,26650.35446779223,596.5978357633996
2023-03-23 22:30:00,26652.767469226405,26693.904772556325,26598.0681464319,26645.400975021937,1897.1287786961175
2023-03-23 22:45:00,26643.483985194784,26675.650338314303,26625.45472860723,26643.816236548246,618.7017884198824
2023-03-23 23:00:00,26648.087755392313,26690.30521673069,26569.367047190743,26649.797976593723,1039.9180096211344
2023-03-23 23:15:00,26644.069272576864,26727.005261776932,26631.764122957156,26654.86112745806,975.8155294087479
2023-03-23 23:30:00,26662.47680005445,26726.338675224477,26652.461476293087,26676.002723863232,1044.9266493414493
2023-03-23 23:45:00,26666.815357579067,26689.017186312612,26606.481159067826,26663.851862849195,786.8908486974608
2023-03-24 00:00:00,26665.37931601937,26749.912161025342,26631.614999314665,26653.336460418075,985.4971944658172
2023-03-24 00:15:00,26646.690879505033,26729.555284086808,26615.557968256366,26635.289981918653,688.4817531539353
2023-03-24 00:30:00,26639.07612860944,26719.02435449082,26639.07612860944,26678.298223924932,652.5831710201508
2023-03-24 00:45:00,26684.762079680782,26729.18910381438,26681.428511915776,26699.264100298467,885.067359739258
2023-03-24 01:00:00,26702.573530597623,26706.829623629546,26607.061620050416,26665.322679534747,1447.8973586335956
2023-03-24 01:15:00,26667.322947515877,26756.558746518826,26629.036490104212,26675.310426967957,1177.776541000504
2023-03-24 01:30:00,26665.142900443527,26683.559487447666,26618.813104391764,26642.518251749072,633.9613724203515
2023-03-24 01:45:00,26649.268540696095,26651.026556901434,26607.902523225854,26632.735266471314,736.3296998499018
2023-03-24 02:00:00,26622.172293489977,26699.602821255976,26541.963213933588,26678.13354731602,763.3102999685527
2023-03-24 02:15:00,26678.418731441154,26736.41376197436,26633.133315338186,26695.825100537884,653.4786601182465
2023-03-24 02:30:00,26691.468679976533,26764.98270821511,26637.814973304725,26686.643244502447,1277.8803056546255
2023-03-24 02:45:00,26690.217390610804,26694.147944724715,26619.95741004383,26645.163606966704,618.2122527565955
2023-03-24 03:00:00,26657.01327520911,26715.39754647996,26642.606364766267,26660.688422519255,1510.9342714364195
2023-03-24 03:15:00,26664.392048136655,26675.381317909163,26573.088694083417,26657.802479709975,1456.7948674160707
2023-03-24 03:30:00,26663.11994320815,26663.526061000113,26598.728827072497,26639.211830994816,960.3383845645968
2023-03-24 03:45:00,26638.97040953473,26676.41070266649,26602.031653062215,26643.154782590263,509.9795357393235
2023-03-24 04:00:00,26647.669782704357,26704.022265065407,26613.309546792843,26632.311834901622,714.1019448865853
2023-03-24 04:15:00,26632.264960076194,26695.777087548897,26632.264960076194,26668.27673252823,1302.991243210534
2023-03-24 04:30:00,26652.83125099333,26737.735496748326,26591.992326109477,26679.5197554906,727.6577909458977
2023-03-24 04:45:00,26679.20482869715,26762.528700537503,26652.82048991489,26681.96046331829,559.4086919144853
2023-03-24 05:00:00,26679.00888332095,26691.431659485075,26616.85279669777,26643.923012210813,1187.2134738510388
2023-03-24 05:15:00,26641.605719895204,26711.509158156856,26641.605719895204,26687.127413745497,678.7639129271712
2023-03-24 05:30:00,26681.613739514334,26697.775130912625,26602.52320196561,26675.552947416927,612.7482725109344
2023-03-24 05:45:00,26676.526915144328,26676.526915144328,26617.343393381558,26651.2634019321,1020.4440045616738
2023-03-24 06:00:00,26661.189209679196,26690.65254026801,26630.470633421286,26651.182453851987,793.3856492203612
2023-03-24 06:15:00,26641.566974427875,26740.00466849675,26595.857458963164,26659.687904745748,889.869344845698
2023-03-24 06:30:00,26652.562543062733,26733.49851486233,26652.562543062733,26714.619906546133,620.6131511947827
2023-03-24 06:45:00,26715.972925743168,26766.86891479837,26661.892196201734,26700.33974983685,942.0724843145429
2023-03-24 07:00:00,26706.63165433342,26746.931276616557,26632.290262832365,26689.959175433196,1229.2626543245706
2023-03-24 07:15:00,26700.58119641208,26751.118771617,26678.763102036533,26708.47919153378,648.8362974791568
2023-03-24 07:30:00,26699.192760235113,26796.34489388833,26625.84067899302,26712.035570750933,674.4040987319656
2023-03-24 07:45:00,26715.694798071025,26745.596688915783,26675.87229673308,26694.238406773766,580.3189745802096
2023-03-24 08:00:00,26693.30229581835,26763.741870986385,26665.819840252716,26733.297799166565,1615.992110869388
2023-03-24 08:15:00,26732.20471109354,26790.571045897956,26690.292891824138,26732.19175359052,847.5186706775002
2023-03-24 08:30:00,26747.142557976666,26777.503989607416,26688.407859833602,26716.504129716108,852.6485170427426
2023-03-24 08:45:00,26725.39417621087,26772.94721339603,26688.239802120002,26714.29678910602,589.671572280769
2023-03-24 09:00:00,26722.620914935032,26755.936007982444,26684.890469177124,26729.02702060835,905.215906977722
2023-03-24 09:15:00,26722.185286980133,26784.311791145363,26654.699715338815,26718.160738373466,1537.36199461503
2023-03-24 09:30:00,26712.837779861693,26749.836222880833,26601.871877032776,26698.791710776073,1040.975069091558
2023-03-24 09:45:00,26684.385991889638,26731.360064519708,26633.0856677299,26709.685952500397,655.2101240890004
2023-03-24 10:00:00,26708.752427900294,26811.40721391011,26607.037111929185,26720.078396257402,549.6868833056308
2023-03-24 10:15:00,26714.300443434367,26817.20608642983,26709.804225011198,26741.557058171187,720.31790733727
2023-03-24 10:30:00,26740.664735838374,26783.338376798147,26658.525059663676,26725.28903440187,761.9620701714716
2023-03-24 10:45:00,26720.121761980336,26815.74158989359,26687.849051709014,26713.48925950687,836.6329430316009
2023-03-24 11:00:00,26711.10787741325,26763.667997302364,26692.697836563202,26721.47435744142,786.491855943245
2023-03-24 11:15:00,26715.3514177498,26753.30783053359,26714.461768652418,26733.34088813365,1239.1879854536157
2023-03-24 11:30:00,26734.08769258947,26783.52334285239,26658.000792569896,26710.768279013766,624.1305644867371
2023-03-24 11:45:00,26721.26623043368,26721.26623043368,26643.104550429838,26678.201669667935,1148.621090983627
2023-03-24 12:00:00,26676.559036128474,26778.13321534396,26620.95163706274,26674.27796123752,653.014259062975
2023-03-24 12:15:00,26678.48076451228,26694.536104168576,26590.13327842947,26635.86076428719,650.5581479617246
2023-03-24 12:30:00,26641.607200985545,26679.660929506706,26635.09504202988,26654.798627512766,837.2411352203951
2023-03-24 12:45:00,26652.162820952195,26715.334419824776,26588.052284747875,26669.178798086035,1341.9798980146993
2023-03-24 13:00:00,26674.86258001117,26713.987533727544,26662.550485289918,26687.08682781266,657.8993821858567
2023-03-24 13:15:00,26693.511718620673,26841.58752740135,26637.632077835224,26703.023061371598,1215.1925585100685
2023-03-24 13:30:00,26702.785773190288,26783.728112296194,26655.592672366332,26714.598302605722,751.3545746433972
2023-03-24 13:45:00,26704.116049136253,26822.068348885223,26704.116049136253,26751.354334825715,760.2452726090949
2023-03-24 14:00:00,26743.097899563312,26795.659493342948,26739.00045591446,26774.498733196215,776.6023208358648
2023-03-24 14:15:00,26777.692786619355,26820.234309868476,26720.13538746743,26781.382038281896,735.771116018736
2023-03-24 14:30:00,26772.373881065963,26864.69617312658,26717.698724051403,26803.257597011594,755.0480635428017
2023-03-24 14:45:00,26792.820011397558,26859.66991767499,26723.090827092055,26771.61513614641,1057.7285570682443
2023-03-24 15:00:00,26781.450842610346,26791.02642098973,26695.74228670274,26748.138683134912,1120.1055122417754
2023-03-24 15:15:00,26749.82814886701,26792.802941551854,26713.79830310362,26756.384664047513,938.3804733127912
2023-03-24 15:30:00,26760.47103043214,26811.225447310513,26688.20989031869,26768.29792871506,898.6191708171763
2023-03-24 15:45:00,26763.409930785136,26840.189436125875,26736.967861633475,26800.708323567018,613.126758024277
2023-03-24 16:00:00,26801.18507623067,26884.601276984704,26773.27727534357,26857.2560374976,797.4840303664857
2023-03-24 16:15:00,26861.88967558021,26904.941676662493,26735.82538385343,26826.265739587063,785.9728937684127
2023-03-24 16:30:00,26822.094160151322,26900.941057710217,26767.529886320946,26838.19511710413,1297.3890104726065
2023-03-24 16:45:00,26851.62301087495,26851.62301087495,26773.322945402386,26792.659480533177,732.0240444914014
2023-03-24 17:00:00,26793.227562681983,26866.1147433627,26752.80844544533,26792.876398534074,716.4909151027498
2023-03-24 17:15:00,26777.35206258865,26847.35156604666,26741.001462106953,26778.895171681834,723.912239066008
2023-03-24 17:30:00,26788.505705092393,26826.04442796806,26723.797596725115,26799.913011874796,621.0126357755299
2023-03-24 17:45:00,26799.350722754523,26799.350722754523,26752.748018668095,26769.48222786758,889.148753171315
2023-03-24 18:00:00,26763.584691274846,26791.612744038608,26698.35838087441,26731.797612830393,624.027954458231
2023-03-24 18:15:00,26746.609821893464,26795.35576260696,26671.893099113644,26743.43762603227,1266.6505216052913
2023-03-24 18:30:00,26747.42248390039,26797.51679642713,26728.841908311148,26757.876674809915,911.1964136008116
2023-03-24 18:45:00,26755.21396270974,26896.98255052553,26755.21396270974,26801.379695131032,986.6894273964987
2023-03-24 19:00:00,26815.8824193578,26837.946531881873,26750.732966666365,26792.203226826667,540.3904629329461
2023-03-24 19:15:00,26778.81716223343,26847.293938691062,26701.19157070423,26766.38761177815,587.727927204785
2023-03-24 19:30:00,26763.5975948156,26792.534357624758,26745.182383693573,26771.774653237375,537.4200296069519
2023-03-24 19:45:00,26776.789865811425,26781.149515883226,26699.85119347246,26747.138877811532,1053.9609067587048
2023-03-24 20:00:00,26756.02997654644,26810.12806097853,26720.41689704196,26763.246359768553,1008.5331922438077
2023-03-24 20:15:00,26773.02446133351,26827.998524717415,26756.511283042037,26804.423357961376,789.4140701405332
2023-03-24 20:30:00,26808.564135374887,26904.224914629056,26760.332024709835,26835.476877658588,591.3088820017432
2023-03-24 20:45:00,26843.09018122379,26899.051206611697,26710.07687953206,26801.08020622437,602.3099633822789
2023-03-24 21:00:00,26804.639070709673,26839.663413077407,26783.286750137926,26811.052331848914,653.7902793709651
2023-03-24 21:15:00,26808.36870613583,26857.45857455627,26744.45257004388,26809.9428251572,822.4352413725504
2023-03-24 21:30:00,26811.090511908504,26851.77267974002,26767.107202623563,26815.30686165305,973.327259518726
2023-03-24 21:45:00,26806.817020247538,26860.817878488364,26770.397626847083,26816.648268970206,578.9909169571763
2023-03-24 22:00:00,26821.480920029513,26904.585448320977,26772.62449722768,26831.516495623306,532.3216775384582
2023-03-24 22:15:00,26847.005059505962,26847.005059505962,26763.08369460554,26818.739260237227,1600.026784626157
2023-03-24 22:30:00,26815.026432143844,26855.295515403293,26763.273025729097,26822.839462132833,575.1854047182384
2023-03-24 22:45:00,26829.48113828021,26880.236456220817,26800.664257275224,26829.31579751773,617.3797717705132
2023-03-24 23:00:00,26827.727871438594,26872.701198781175,26763.47754800413,26831.348098503575,948.8569201564329
2023-03-24 23:15:00,26834.155463761337,26834.155463761337,26714.572646907836,26788.602153009815,933.0545979899358
2023-03-24 23:30:00,26787.52216264196,26788.48279207098,26699.08270341818,26758.357724693382,706.0780409659743
2023-03-24 23:45:00,26775.739955131474,26859.930051318213,26679.70005001997,26757.11510711993,544.6006959860883
2023-03-25 00:00:00,26758.005709972018,26836.418243958004,26743.321522078855,26764.27941700968,774.4413254986803
2023-03-25 00:15:00,26767.58229274774,26805.551703073892,26661.089300323943,26737.71186732876,1007.2296014742532
2023-03-25 00:30:00,26746.124582110417,26766.896757257087,26600.029103748613,26733.074623293334,817.3288756223143
2023-03-25 00:45:00,26734.24566736265,26819.13524964683,26734.24566736265,26777.180173832192,657.187538645737
2023-03-25 01:00:00,26778.30965438373,26800.198588304072,26629.88092258651,26746.474714572745,635.4479795765174
2023-03-25 01:15:00,26728.341699239783,26785.325543096802,26626.162080107148,26726.856921615155,642.3808114928754
2023-03-25 01:30:00,26731.646260898142,26800.234380370697,26698.900950827156,26733.92454088639,948.6867769949346
2023-03-25 01:45:00,26720.383185203384,26857.42045616488,26720.383185203384,26777.137841796135,591.3704941602978
2023-03-25 02:00:00,26772.66063493619,26838.58853115365,26741.68439918974,26792.707661255285,606.7689405953429
2023-03-25 02:15:00,26780.398396252633,26906.684198030176,26735.564224866102,26796.11111706969,783.2799055353443
2023-03-25 02:30:00,26796.64157086995,26880.05245470886,26759.887677971717,26796.704575075884,963.6272700341107
2023-03-25 02:45:00,26793.497918566623,26810.862301556754,26741.569988915177,26789.07319066527,1021.7799659415481
2023-03-25 03:00:00,26792.51507037041,26821.138445074426,26742.32797918071,26773.70307170858,532.404292591664
2023-03-25 03:15:00,26781.40758983982,26830.146806409077,26742.656741900715,26787.215123973456,653.2837217990117
2023-03-25 03:30:00,26796.90464205579,26831.398202158915,26713.273781549364,26788.96841150661,727.7986155019208
2023-03-25 03:45:00,26792.183403097737,26894.806560922658,26723.157977031784,26779.187502449568,642.8952064779232
2023-03-25 04:00:00,26790.268076127828,26851.565003188512,26726.77973221634,26766.562291092992,781.0815070506249
2023-03-25 04:15:00,26759.719961014373,26842.325410434987,26721.344939117676,26749.130883627153,1564.5866708056312
2023-03-25 04:30:00,26751.378272629805,26803.046179139772,26686.648960155842,26760.886646671494,638.8254501615929
2023-03-25 04:45:00,26747.436085579804,26881.3663307721,26659.19808494604,26778.90830993937,836.6051753459928
2023-03-25 05:00:00,26776.96935029771,26823.691072169582,26744.241632481677,26781.894968166456,954.7483580059322
2023-03-25 05:15:00,26777.143316078294,26849.154663717363,26703.63645129178,26759.208762697373,725.7992926046164
2023-03-25 05:30:00,26742.314229648582,26758.857651071186,26678.993166364493,26739.956195741906,1029.8282655600208
2023-03-25 05:45:00,26741.351110193136,26755.95869148959,26693.525928691677,26739.22992161441,735.7437744442428
2023-03-25 06:00:00,26747.052771435247,26817.454115960238,26686.314030733247,26771.609162505814,615.685393332874
2023-03-25 06:15:00,26776.096808031332,26907.77017620704,26776.096808031332,26815.47117169455,633.9843702116204
2023-03-25 06:30:00,26830.336133625136,26830.336133625136,26751.740532809898,26781.91599322752,1007.5927201593146
2023-03-25 06:45:00,26776.73692380277,26792.542570454258,26735.387412740864,26770.06695032655,1044.573574619126
2023-03-25 07:00:00,26789.45696712837,26821.354835959908,26715.02665655693,26784.45345310854,776.3587549233554
2023-03-25 07:15:00,26784.644076985744,26844.5639438,26762.70304675954,26809.735639290673,742.3722142480581
2023-03-25 07:30:00,26807.671112861703,26880.05757631846,26770.95605685128,26844.80120057768,715.6686237094444
2023-03-25 07:45:00,26846.27346972246,26847.26342922059,26785.67409431405,26820.963637980465,1085.3080510375642
2023-03-25 08:00:00,26838.2148957762,26870.106757293812,26757.48985643778,26816.829790841104,730.9683802862171
2023-03-25 08:15:00,26823.79394320672,26901.802847494015,26785.337963266174,26829.320391961606,577.767139538118
2023-03-25 08:30:00,26832.6580967192,26911.43379263354,26832.6580967192,26861.382832191714,662.1280937323975
2023-03-25 08:45:00,26856.28723103821,26945.57655918205,26793.844996724714,26856.726066222684,741.6180853760837
2023-03-25 09:00:00,26847.905926298557,26904.662960203954,26847.905926298557,26879.054915638015,740.756140573686
2023-03-25 09:15:00,26882.174711481402,26948.055325149766,26822.88914263522,26920.6007024808,1030.499869969456
2023-03-25 09:30:00,26919.519689458,26995.640007191367,26868.19102828522,26934.780720003066,767.2260498801099
2023-03-25 09:45:00,26939.62857616326,26956.05847427384,26865.228338252495,26928.908894952332,739.928197681209
2023-03-25 10:00:00,26937.140126741575,26986.16481649435,26897.603590458195,26941.578808239694,822.9641524697881
2023-03-25 10:15:00,26932.81514935619,26966.444287131497,26913.768886656788,26938.227455870103,868.0206846546182
2023-03-25 10:30:00,26944.471749622575,26990.569673075926,26913.688433108084,26939.330290773367,566.4655900721034
2023-03-25 10:45:00,26940.607961185422,26954.318257843213,26914.825787491172,26931.936098845104,626.8170192639591
2023-03-25 11:00:00,26928.581949306925,26954.649497736602,26886.895312731358,26925.12823509853,645.8443409310233
2023-03-25 11:15:00,26921.704213202804,26968.76039423325,26878.08269618147,26923.967753601617,529.3935453299862
2023-03-25 11:30:00,26918.514545798764,27059.659505751595,26918.514545798764,26972.410661171147,899.8818177227896
2023-03-25 11:45:00,26966.617386784917,27087.051497087927,26884.630242381947,26951.858346119945,672.7434209660473
2023-03-25 12:00:00,26942.317417517563,26979.516690067507,26942.317417517563,26960.709558198083,547.7161699056753
2023-03-25 12:15:00,26974.556916033536,27007.896687086264,26915.9868142949,26981.323765050776,663.1660768957507
2023-03-25 12:30:00,26992.274602027188,27042.14341899045,26936.386280302675,26955.376851569315,651.9126919688882
2023-03-25 12:45:00,26944.10966192105,26950.064501617788,26857.336101232606,26919.919815992926,1010.9132951915238
2023-03-25 13:00:00,26909.895348266873,27008.6795181401,26862.89859529886,26924.714534723702,708.1511828238507
2023-03-25 13:15:00,26919.23632788053,26982.476386558985,26897.893283305802,26947.93042095517,1007.1143582540523
2023-03-25 13:30:00,26946.39569533089,27099.091636508627,26933.551119825213,26980.541894245223,692.5781435642682
2023-03-25 13:45:00,26975.235478222294,27090.64437060173,26891.818816091745,26969.359471952946,1165.4421752477012
2023-03-25 14:00:00,26966.937931909368,27021.930949293248,26911.627550114,26962.73634460367,833.7454900842005
2023-03-25 14:15:00,26968.584622802424,27080.206773486592,26968.584622802424,26996.790673569074,758.5368486677299
2023-03-25 14:30:00,26996.640701308534,27044.023402366587,26912.073433848043,26972.558558891986,901.7979427922712
2023-03-25 14:45:00,26963.568859192987,26963.568859192987,26889.88065879622,26917.17119650431,1862.768067637947
2023-03-25 15:00:00,26908.73435836411,27018.48617826225,26881.530657628085,26931.409502354487,595.3050614726685
2023-03-25 15:15:00,26915.259509241605,26964.466819568544,26882.17262391117,26935.968631768985,565.4540503268537
2023-03-25 15:30:00,26938.40836060565,27013.14518472167,26892.551417033843,26950.838002037788,733.1895381420624
2023-03-25 15:45:00,26949.734067327856,27083.602788763732,26886.441664410366,26959.978892193085,548.4012175883612
2023-03-25 16:00:00,26951.274673983233,26956.815109986266,26881.728348532055,26932.858247988515,871.9284397557825
2023-03-25 16:15:00,26929.986873828613,27002.033041187256,26925.30081627963,26979.040590141067,670.3063208330578
2023-03-25 16:30:00,26989.419856739198,27081.90968000105,26977.070711049455,27006.694274770227,1435.0965601475004
2023-03-25 16:45:00,27008.427321902447,27038.438779936143,26943.112548276447,27012.728276440077,550.315753362967
2023-03-25 17:00:00,27006.37560176191,27058.108780239854,26984.64117798833,27021.340889765936,574.3592254741855
2023-03-25 17:15:00,27023.483298923093,27060.728882790776,26958.019743280027,27030.48343594073,962.4362429758041
2023-03-25 17:30:00,27021.65852346879,27037.833398603125,26973.707180524296,26992.834354887505,706.9896009078874
2023-03-25 17:45:00,26977.347945046757,27044.15032747594,26977.347945046757,27018.54752435874,1126.0484781717453
2023-03-25 18:00:00,27030.94128525366,27218.933993536677,27030.94128525366,27090.04559058226,1604.3043864286433
2023-03-25 18:15:00,27107.460456898018,27128.55329262026,27041.593922715867,27077.821367752153,618.5674083076001
2023-03-25 18:30:00,27070.865447074175,27148.158799005058,27070.865447074175,27119.995384439364,622.8788488277902
2023-03-25 18:45:00,27131.159624151314,27170.872465389955,27118.91763808479,27143.438661844088,743.7417561765241
2023-03-25 19:00:00,27141.19764350281,27198.958366516086,27104.384628746942,27164.817148186467,548.2845042336636
2023-03-25 19:15:00,27160.85668322699,27174.335574145487,27099.44822167408,27154.876710105378,596.0016422073783
2023-03-25 19:30:00,27157.250557137795,27195.38978519006,27116.95678481866,27139.12923433942,798.9684655281281
2023-03-25 19:45:00,27140.537961618684,27306.003799503564,27032.663870729957,27152.266763288182,655.6713273598348
2023-03-25 20:00:00,27146.07176450764,27188.336069428315,27080.802549801952,27165.60342835149,939.6600592039166
2023-03-25 20:15:00,27176.25750895134,27244.73891189964,27067.842721659497,27155.452527622445,699.7846685376636
2023-03-25 20:30:00,27163.391227207027,27261.652622562076,27099.77211559291,27164.223779343294,592.5375350260989
2023-03-25 20:45:00,27162.971626744427,27179.751118941593,27069.399025635325,27157.874115484996,1612.7943039905115
2023-03-25 21:00:00,27152.746587308564,27210.9035160207,27073.018700203374,27142.171722637653,790.3420080785195
2023-03-25 21:15:00,27148.89359771191,27180.49148950362,27067.075387921686,27118.774873905717,667.1593976616689
2023-03-25 21:30:00,27103.79742228977,27162.906078321612,27085.99693559497,27111.84420561849,671.334859991675
2023-03-25 21:45:00,27102.255368668088,27138.849772964568,27058.226151968876,27112.25733997943,1399.7449969171605
2023-03-25 22:00:00,27113.14479272101,27113.14479272101,27013.461367840522,27082.14379724083,779.3038377179523
2023-03-25 22:15:00,27077.170843372845,27214.002234306798,27072.316684960482,27099.43496915353,673.9440624477669
2023-03-25 22:30:00,27114.703020208606,27121.59028503202,26954.780882921124,27098.356772330982,541.0473510460166
2023-03-25 22:45:00,27098.930481169882,27223.207614734158,27081.06455047696,27106.98451739397,567.988949947985
2023-03-25 23:00:00,27102.48872718771,27145.49965849558,27067.66531984647,27125.1212989258,1604.3941056333126
2023-03-25 23:15:00,27113.711719117713,27187.483727323393,27113.711719117713,27167.5977413557,696.6433931578803
2023-03-25 23:30:00,27180.49185946465,27229.87385482209,27123.39825634839,27170.034453646484,594.9038838106214
2023-03-25 23:45:00,27178.78559173459,27189.74755646644,27063.726727878668,27162.162562629146,1101.4547118679986
2023-03-26 00:00:00,27166.61402971234,27220.768923508054,27097.78452014553,27121.6140257631,580.548758295264
2023-03-26 00:15:00,27094.485922068372,27153.68111606658,27033.134723195413,27086.084902121187,710.1845508585242
2023-03-26 00:30:00,27099.71646056318,27158.65367155681,27058.95155202371,27124.63856762069,748.0073454868925
2023-03-26 00:45:00,27122.338556183935,27233.351380498956,27081.15351549905,27136.726726608213,940.4841859820383
2023-03-26 01:00:00,27132.219936204365,27164.8071014775,27108.922949978747,27138.91562984014,649.6327394829221
2023-03-26 01:15:00,27148.683327458093,27167.155044266954,27086.59278157955,27135.15958579468,549.80771505379
2023-03-26 01:30:00,27131.770502905198,27197.9752970895,27093.90075678847,27138.916934308425,706.9640445949997
2023-03-26 01:45:00,27138.4905659333,27176.99230560294,27053.947567555602,27134.529676691716,1563.0406978002522
2023-03-26 02:00:00,27136.85623602794,27196.04154413991,27085.187479396252,27157.487283588875,642.255453613336
2023-03-26 02:15:00,27159.30136967049,27216.08351625721,27128.390193250372,27179.47743221374,884.7701602523338
2023-03-26 02:30:00,27152.21566587811,27213.294305992422,27112.10670647397,27136.22970113299,912.6996419903869
2023-03-26 02:45:00,27131.851478928653,27377.220413119583,27117.51049047206,27159.827744429695,1088.1860689763878
2023-03-26 03:00:00,27157.732970812056,27183.506856740583,27117.84219674108,27159.957025650976,787.6526773928583
2023-03-26 03:15:00,27165.322312028347,27165.322312028347,27113.10646656234,27144.019584513684,572.8180451423024
2023-03-26 03:30:00,27144.869216087613,27204.441639665758,27128.639475502154,27163.74679764418,675.7312362343279
2023-03-26 03:45:00,27162.14117815968,27219.06631978468,27097.73243407408,27136.65074868113,599.8249599640045
2023-03-26 04:00:00,27146.482762843185,27155.801684028975,27085.551489325815,27124.17653016501,1217.3352735964836
2023-03-26 04:15:00,27111.527189954526,27197.12992369294,27088.383789742766,27150.251630957293,1282.675695102939
2023-03-26 04:30:00,27155.016252637193,27313.371699898707,27138.65083228473,27170.96678732986,724.399382233898
2023-03-26 04:45:00,27162.604747374324,27193.02549259133,27091.64997702044,27138.416269075748,1080.8534462324535
2023-03-26 05:00:00,27137.63332228174,27237.52580132523,27100.042815611047,27150.51277868084,591.9925640083901
2023-03-26 05:15:00,27150.88635501984,27283.4687860293,27150.88635501984,27221.67465865128,645.187798339881
2023-03-26 05:30:00,27222.60457280981,27284.501674094947,27222.60457280981,27255.83614082396,690.7946231093948
2023-03-26 05:45:00,27261.113667943264,27263.487080149178,27221.54426395104,27243.751788311944,603.2776968614904
2023-03-26 06:00:00,27251.868669589232,27316.159817598236,27209.144013763733,27260.43321771959,692.1766916974516
2023-03-26 06:15:00,27264.1379581494,27284.232948138517,27226.000679823836,27265.95024133897,547.9958263458619
2023-03-26 06:30:00,27269.982155990336,27296.57289436565,27204.597020601283,27275.930053507927,571.2098814735697
2023-03-26 06:45:00,27274.266942206592,27328.473033094593,27263.866834923876,27283.20091073438,669.6309158540896
2023-03-26 07:00:00,27284.556040647414,27308.410676193125,27215.212604662305,27270.453918721185,1045.4517073279376
2023-03-26 07:15:00,27259.65194787832,27274.633093420693,27231.740156538108,27256.37374607063,632.3873022152231
2023-03-26 07:30:00,27240.501093996,27382.9127375157,27196.82930378076,27306.84652919374,1400.0366921659322
2023-03-26 07:45:00,27303.54056818887,27393.679220277907,27272.00985332642,27340.87533955312,635.4462098792177
2023-03-26 08:00:00,27349.874734478617,27378.294803545326,27301.038133181803,27350.43573118601,810.1484355971996
2023-03-26 08:15:00,27351.35089631585,27441.92050033084,27262.180222764757,27328.881859732617,1108.1930928757183
2023-03-26 08:30:00,27338.000636665292,27384.679630972292,27338.000636665292,27368.042589462762,657.6901381692506
2023-03-26 08:45:00,27365.27447074438,27435.95566713638,27353.630045975995,27394.029002333064,882.9232300826103
2023-03-26 09:00:00,27381.189706031302,27507.90865307433,27380.98414166896,27412.47572643506,581.0219577453735
2023-03-26 09:15:00,27417.089223652623,27440.653689096303,27390.763114369423,27409.364806076377,714.1242784215325
2023-03-26 09:30:00,27415.60119756457,27472.751726912447,27310.747697791037,27380.806789554066,845.991835931162
2023-03-26 09:45:00,27382.87416421921,27422.33997766724,27330.35990931656,27387.39617467279,778.7767237662005
2023-03-26 10:00:00,27380.964905257562,27453.120773116476,27338.13763874576,27411.69523415216,561.1965447102268
2023-03-26 10:15:00,27410.487171688106,27460.480834227466,27324.964322089138,27383.0534712454,1393.802487757568
2023-03-26 10:30:00,27394.950366011835,27485.6788923403,27364.01498038952,27391.837815091138,683.3158555757836
2023-03-26 10:45:00,27394.43722109673,27422.764983170815,27292.877201942432,27398.274709377612,1506.2515936318532
2023-03-26 11:00:00,27406.5280843532,27485.361758036717,27307.520842263966,27400.293159140787,556.0015118878983
2023-03-26 11:15:00,27389.06817204891,27497.682099690188,27311.381563310664,27404.940424160526,632.66158893543
2023-03-26 11:30:00,27400.610957641093,27450.494491804264,27346.545266502053,27432.68424418422,1452.1753303455455
2023-03-26 11:45:00,27435.591191117674,27467.212129793148,27367.274653417346,27423.11505990397,601.1223266918671
2023-03-26 12:00:00,27427.860621480748,27475.399644627574,27346.74348228083,27431.919773474434,684.1545483342009
2023-03-26 12:15:00,27436.76282355908,27498.637561514246,27418.818754874428,27475.3036292916,583.6058579061827
2023-03-26 12:30:00,27459.24670805789,27565.870035346576,27373.75854212332,27467.137460684182,631.9743363443871
2023-03-26 12:45:00,27473.587371319634,27576.11120708835,27425.663130993085,27489.40957060383,581.8281402498033
2023-03-26 13:00:00,27478.32803804731,27554.189671414086,27442.559556195338,27506.699836676336,815.3384670488009
2023-03-26 13:15:00,27506.26378853546,27550.93122013155,27467.98378838048,27512.224394968456,1823.2688012024623
2023-03-26 13:30:00,27513.19904015291,27564.342393615192,27481.88132643327,27525.15287840422,2163.505145636592
2023-03-26 13:45:00,27538.71267381221,27611.439002571646,27477.84375096184,27538.52945876004,623.5133210200471
2023-03-26 14:00:00,27543.384924343616,27594.842650455914,27530.788320704993,27557.557481903896,743.4995269378638
2023-03-26 14:15:00,27555.01228191361,27555.01228191361,27494.266477444675,27516.86370066015,1710.4277830061885
2023-03-26 14:30:00,27513.56298235198,27607.978432192373,27510.12554662028,27536.133913498612,577.1381900794388
2023-03-26 14:45:00,27533.494879720925,27584.2083240649,27525.086187626235,27557.518226329543,709.6920500140229
2023-03-26 15:00:00,27544.77544693134,27568.589178482835,27458.093998631415,27547.682313804813,1410.9512593106774
2023-03-26 15:15:00,27532.692295150202,27604.617257023725,27470.234569983935,27550.070192338728,754.2116825640812
2023-03-26 15:30:00,27550.684765026585,27604.389416806305,27471.35108581935,27531.145315738697,832.659242352488
2023-03-26 15:45:00,27544.035462483906,27563.845183663987,27402.103008834143,27507.79635776641,842.6759158731129
2023-03-26 16:00:00,27509.246726216326,27513.854667150143,27455.577067222468,27492.292848267974,889.0959345510681
2023-03-26 16:15:00,27492.761021831742,27536.16855062428,27408.779810723834,27488.150907520023,733.0315172608865
2023-03-26 16:30:00,27495.397759040003,27618.91123486724,27451.11668207245,27514.03261849091,1192.1741860126783
2023-03-26 16:45:00,27515.48395656337,27619.15886431847,27476.82164146083,27524.300769977173,635.9570553115593
2023-03-26 17:00:00,27522.25485743689,27618.227334842184,27451.90605582889,27516.594167865045,619.2160355339715
2023-03-26 17:15:00,27504.758737937205,27538.44147916884,27433.585746025787,27503.712497527493,712.1395205824226
2023-03-26 17:30:00,27504.45093003287,27602.46678816422,27497.465668696805,27534.864257340094,579.6276857440465
2023-03-26 17:45:00,27539.585074265848,27583.794780548727,27501.80556632922,27547.654040195717,1942.7889350365604
2023-03-26 18:00:00,27545.827627789844,27699.113358486975,27495.417823338976,27571.754915891826,734.7164481478662
2023-03-26 18:15:00,27578.18022505294,27622.174422413744,27511.506598571385,27564.06145777736,583.7839664708201
2023-03-26 18:30:00,27561.127271784582,27667.44614407969,27544.444396791503,27582.926270990058,727.3647815278434
2023-03-26 18:45:00,27576.840901354553,27628.437158671783,27514.07230296731,27570.419951938064,758.5292958159945
2023-03-26 19:00:00,27554.130398167723,27602.945220521557,27548.807239596048,27584.596710792768,1410.5209502415264
2023-03-26 19:15:00,27595.547493922903,27673.248398315543,27537.680543735456,27585.057042857174,1847.5842243937054
2023-03-26 19:30:00,27587.62365109338,27679.707181103997,27517.0933269503,27607.081746883356,1237.6662401075037
2023-03-26 19:45:00,27606.89615435969,27635.557500443076,27582.210439659713,27609.964525306743,1005.4219744860227
2023-03-26 20:00:00,27600.75335581413,27647.301520113502,27567.23883708389,27621.64593333774,636.4544969593867
2023-03-26 20:15:00,27625.447757610735,27704.879973362255,27605.286775235516,27663.18971907898,985.7546529838976
2023-03-26 20:30:00,27667.79208638018,27724.5394135424,27600.946112973765,27662.58197389487,1154.1445843841007
2023-03-26 20:45:00,27664.35434698056,27694.445322841995,27604.247919586247,27634.90700589235,594.5177922105362
2023-03-26 21:00:00,27646.272929133233,27723.13018341951,27599.718864023474,27677.81153083894,1263.1779517416867
2023-03-26 21:15:00,27694.90121641218,27727.055966411193,27658.22991208073,27691.961014089517,752.9396509016468
2023-03-26 21:30:00,27680.184785010853,27751.114329148088,27680.184785010853,27722.007601071313,589.5341235741806
2023-03-26 21:45:00,27724.4293626382,27798.065268965493,27698.725684735073,27730.063305484106,520.1599154153922
2023-03-26 22:00:00,27723.52022140244,27795.839236633386,27711.440937939245,27773.020917531634,1271.0257922798394
2023-03-26 22:15:00,27783.46826432133,27844.14185987651,27762.84774735568,27787.930357037734,755.2275777549543
2023-03-26 22:30:00,27778.312830446062,27818.212334447355,27769.736792285043,27788.030630818168,1144.2980604013499
2023-03-26 22:45:00,27797.913956017634,27849.39495436735,27750.00870822451,27819.197801421156,852.6095650074424
2023-03-26 23:00:00,27804.27737526904,27879.119968579755,27804.27737526904,27825.069027935464,1047.0870173950948
2023-03-26 23:15:00,27821.09040392686,27876.425882349915,27795.649733518898,27850.227474206313,1200.1754901206743
2023-03-26 23:30:00,27848.493854650533,28008.288999815155,27848.493854650533,27915.846434493484,634.8198937851255
2023-03-26 23:45:00,27927.382003045404,27954.833457550998,27884.08617739337,27917.02494936605,767.7809845038175
2023-03-27 00:00:00,27921.594714741062,28026.03047831098,27796.926194797208,27891.880574601513,767.3369379345215
2023-03-27 00:15:00,27879.181068315716,27884.062995712502,27759.442824314447,27847.404308612364,1334.2427087247709
2023-03-27 00:30:00,27858.413319902713,27902.815805713788,27803.151402601918,27860.905277918966,734.7132516525244
2023-03-27 00:45:00,27867.511404788613,27941.59342985228,27808.695632311523,27901.511845437275,1429.708587748445
2023-03-27 01:00:00,27897.87202933544,28058.35887662159,27897.87202933544,27944.499911467105,1185.747985046781
2023-03-27 01:15:00,27949.19476940844,28090.758791258682,27859.83756200945,27932.34477767711,1624.3245699973345
2023-03-27 01:30:00,27940.595616439357,28000.619689592913,27848.32769404357,27913.28856983596,980.6760958320804
2023-03-27 01:45:00,27898.56385805803,28017.63320732076,27822.25070257077,27927.018177746682,1050.8957534899362
2023-03-27 02:00:00,27927.887957027655,28015.49116313963,27862.138866762256,27907.157526267278,772.9039653274372
2023-03-27 02:15:00,27908.004690905356,27927.113723819864,27844.452285364787,27893.505154441857,660.5293707237562
2023-03-27 02:30:00,27898.85083564444,27916.293254332286,27824.425367984808,27866.048671697936,681.9023337781862
2023-03-27 02:45:00,27868.45034982377,27903.088871636133,27833.29351773346,27882.984498010865,1305.6273088002406
2023-03-27 03:00:00,27882.648339865038,27990.30650817232,27845.994026299748,27891.206094643203,601.262369712376
2023-03-27 03:15:00,27896.725938272448,27989.259410881565,27842.900119497823,27873.280554150453,811.4143328878018
2023-03-27 03:30:00,27868.468740277433,27969.713868246836,27855.323704630624,27877.049195699943,560.352383090114
2023-03-27 03:45:00,27880.015869427065,27899.09001726567,27832.33213515866,27882.11397760526,1163.1294819321313
2023-03-27 04:00:00,27877.64436377473,28009.076197358114,27853.38708270472,27915.33869206315,982.330263575913
2023-03-27 04:15:00,27913.227325433705,27980.28892896124,27839.700399270816,27922.290220135917,812.1284982716302
2023-03-27 04:30:00,27921.746672775826,27982.655825150985,27883.506881846686,27920.278120323146,1058.8134844974675
2023-03-27 04:45:00,27914.34333195133,27986.792610989745,27862.697656491924,27905.75106621973,827.8105993103187
2023-03-27 05:00:00,27909.44795833638,27973.302775974727,27891.61552424051,27934.798905287542,962.8926468766643
2023-03-27 05:15:00,27925.67921224085,27979.247372317164,27893.70326330539,27943.840836408497,633.9652408792778
2023-03-27 05:30:00,27937.988723233826,27965.010454389412,27877.1275843979,27944.745222899473,1529.3313196054576
2023-03-27 05:45:00,27951.743229765438,27954.23854194087,27890.39967178008,27907.99071871345,686.2889472290481
2023-03-27 06:00:00,27896.451123692194,27982.53010989389,27896.451123692194,27936.9756333429,606.5707465033348
2023-03-27 06:15:00,27931.571443923498,28041.53759054267,27931.571443923498,27974.97781873568,1391.9468406048995
2023-03-27 06:30:00,27971.745678570816,28122.870592985604,27961.556417700263,27989.549039698562,726.933095489131
2023-03-27 06:45:00,27983.396783329656,28151.979860493055,27953.655900966794,28009.593568643195,588.4173295029676
2023-03-27 07:00:00,28016.853894625077,28041.359455246627,27929.026520650263,27979.565311534585,593.5442531510753
2023-03-27 07:15:00,27964.412172381322,28006.131627750445,27933.013666414572,27959.844998359727,628.2569239237172
2023-03-27 07:30:00,27958.517601088457,28095.756713730876,27847.88101832264,27952.11483150571,533.8389279477254
2023-03-27 07:45:00,27962.786025283593,28037.10948238087,27902.573019114803,27952.473502355948,591.8264758962686
2023-03-27 08:00:00,27951.947792696432,28025.78996224193,27935.99074161615,27964.918941639175,1031.1902836410438
2023-03-27 08:15:00,27952.18034004672,28087.742512073568,27952.18034004672,28049.354109311815,1083.6802478233874
2023-03-27 08:30:00,28053.210079974368,28099.9252974597,27942.12485939454,28078.845241674557,594.2624288146302
2023-03-27 08:45:00,28062.83942560831,28131.59025599421,28062.83942560831,28090.23701231574,528.0053222641499
2023-03-27 09:00:00,28093.266630540027,28119.36377172529,28060.427274704816,28088.2179626749,580.1835866310071
2023-03-27 09:15:00,28079.58184963379,28125.18122654103,28048.560065083435,28079.81455241421,739.9364145980343
2023-03-27 09:30:00,28068.892826002775,28118.565942349323,28001.69630435166,28056.543045768183,751.5594005128684
2023-03-27 09:45:00,28056.471917595143,28089.64850449861,28005.712492301856,28027.88004531828,750.1036994383724
2023-03-27 10:00:00,28017.052434730576,28049.029705211447,27983.33943691524,28017.11339208345,877.0541954146852
2023-03-27 10:15:00,28024.68913735541,28115.079465771272,27959.615949097337,28020.40025553692,651.8828578805746
2023-03-27 10:30:00,28020.76220052004,28092.552487167846,28009.726714160228,28033.215188001876,797.2762269653887
2023-03-27 10:45:00,28027.22365734386,28123.072329859013,27929.674690514494,28020.73978685911,686.9304078149272
2023-03-27 11:00:00,28017.561601313842,28017.561601313842,27941.21424201844,27983.36301705591,609.5339259486003
2023-03-27 11:15:00,27981.14886181612,28012.70567045631,27948.388587802558,27986.439470469373,589.9516009110565
2023-03-27 11:30:00,27997.064325557178,27997.330805525577,27905.661195970202,27975.030756314354,649.8208905466608
2023-03-27 11:45:00,27979.80223524678,28048.122202342016,27921.01656561955,27968.749733490764,955.1728736204325
2023-03-27 12:00:00,27977.16840679449,28058.680461603497,27960.14177258836,27981.723940843985,631.9145768486662
2023-03-27 12:15:00,27994.17809069186,28035.851928045504,27994.055858122447,28018.219329527023,764.3998117783653
2023-03-27 12:30:00,28012.731338883306,28086.714501986633,27975.898194998394,28006.575996040414,697.7504231871142
2023-03-27 12:45:00,28004.503938474365,28111.023389531776,27953.08493047988,27995.80904567234,781.2603739753641
2023-03-27 13:00:00,27990.85964165513,28048.477517730407,27961.31621397988,27988.834057718894,578.9522721948201
2023-03-27 13:15:00,27983.24699929047,28069.26278276481,27983.24699929047,28023.156717943675,705.3186667357882
2023-03-27 13:30:00,28033.24906191603,28078.86988945107,27918.009106902726,28040.661886367117,579.6200392457499
2023-03-27 13:45:00,28058.282136899707,28180.276757413092,28039.813536438523,28080.554090904785,780.1359580886377
2023-03-27 14:00:00,28090.878535089323,28116.810160519133,28029.955287964756,28092.92647744336,1180.8516206817962
2023-03-27 14:15:00,28095.72929346938,28157.434320804627,27971.01714813955,28084.409555532642,978.5297782285411
2023-03-27 14:30:00,28080.17550301148,28080.17550301148,27948.00998783198,28031.058681855375,647.5590156092339
2023-03-27 14:45:00,28016.13730239771,28103.46425417159,27943.302770330174,28053.318444283996,544.4834661951404
2023-03-27 15:00:00,28048.149021374742,28168.884890041245,27985.86297614018,28067.60449543444,762.3956499270644
2023-03-27 15:15:00,28083.465260399298,28102.395802084324,28038.25956034254,28083.850007462894,869.6445890230494
2023-03-27 15:30:00,28065.952388541256,28153.42311440017,28053.50068249097,28099.400797224414,539.090317303032
2023-03-27 15:45:00,28102.54240442467,28176.699142632504,28081.692606884048,28103.635398515355,689.2054514695889
2023-03-27 16:00:00,28102.534633558902,28102.534633558902,28050.30004217062,28078.75885877787,563.252590051336
2023-03-27 16:15:00,28084.390598896287,28143.770939461392,28001.29357324301,28049.75304679883,714.116173985499
2023-03-27 16:30:00,28049.292370512714,28110.46091164371,28012.16218103171,28076.736891799777,783.5783605085317
2023-03-27 16:45:00,28082.890477941157,28094.545163387513,28012.37880720296,28057.92386451417,622.3875044396731
2023-03-27 17:00:00,28042.89779990489,28073.06357771728,27988.74117763665,28024.318881387568,715.8140904179063
2023-03-27 17:15:00,28030.21967318113,28072.06311535441,27952.76599668058,28046.701786111727,789.3322182691675
2023-03-27 17:30:00,28048.598061757617,28175.95658493492,28007.599525764435,28075.614886238654,592.2017517442678
2023-03-27 17:45:00,28059.689435419237,28151.853649185745,28034.44210305336,28063.888106026578,571.4653043085392
2023-03-27 18:00:00,28072.902519677737,28082.84863016009,27932.41786135895,28041.04104139772,695.7438596116192
2023-03-27 18:15:00,28047.90088782237,28171.19192495193,28028.7221801614,28053.200159702406,555.5818478611508
2023-03-27 18:30:00,28056.47626680642,28075.343282647653,28008.177488593825,28045.210883119646,1177.1297024319824
2023-03-27 18:45:00,28039.401671117186,28083.317876785208,27963.57988845639,28052.89989056904,866.9380942321694
2023-03-27 19:00:00,28051.10685299499,28147.848781126955,28041.427128571417,28060.123784128005,618.905164893087
2023-03-27 19:15:00,28074.552959473578,28078.40490894687,27979.66240828593,28036.878261460723,777.1789634464251
2023-03-27 19:30:00,28051.459046203956,28094.883611815174,28001.570809854322,28062.127287036936,670.8260981490878
2023-03-27 19:45:00,28053.679985322025,28183.706101926316,28041.621459663696,28064.386718083257,1132.1532974374209
2023-03-27 20:00:00,28074.76601653592,28149.50990713922,28065.737294506776,28088.762111591437,1729.1659253261992
2023-03-27 20:15:00,28076.06060778794,28151.977836033944,28076.06060778794,28129.42267057046,1036.6855537668484
2023-03-27 20:30:00,28133.29020492159,28177.32779486753,28075.628495592828,28121.31315013597,735.9572347307635
2023-03-27 20:45:00,28125.90499832117,28158.14182984843,28064.208534621313,28116.578496969745,625.3635025064382
2023-03-27 21:00:00,28104.516726070346,28123.46605926843,27965.913886003545,28103.495429141785,789.0604135235997
2023-03-27 21:15:00,28112.0387120433,28251.388662262172,28078.55914786558,28130.84514305526,862.729464727881
2023-03-27 21:30:00,28135.464067075492,28200.842823005445,28128.96960092226,28158.8203828074,901.147375675559
2023-03-27 21:45:00,28153.02580790317,28217.655768761175,28146.170099604937,28197.41158651653,841.7379934698116
2023-03-27 22:00:00,28204.877938660968,28292.67474457602,28112.297959144802,28200.272569957866,585.7937106252976
2023-03-27 22:15:00,28191.451988120032,28245.60931870998,28175.203354087007,28195.950778185794,720.7338348217907
2023-03-27 22:30:00,28186.63904616718,28186.63904616718,28058.572302972258,28146.899305315943,801.8859874592506
2023-03-27 22:45:00,28154.083566450303,28214.192718897237,28137.485211206746,28186.508326758623,597.5499508362237
2023-03-27 23:00:00,28194.070155497193,28288.60089171876,28161.78009710221,28199.376687742133,931.0245910997245
2023-03-27 23:15:00,28185.763760396985,28263.814244371537,28167.565939266522,28216.964924494896,1159.9394107162561
2023-03-27 23:30:00,28223.748231587368,28251.78300430455,28165.27071325986,28205.778560752064,658.421626768139
2023-03-27 23:45:00,28207.446054290307,28233.58832674358,28188.521455355567,28207.928672339218,955.5393891618164
2023-03-28 00:00:00,28210.98553183296,28268.24523653108,28134.064049068806,28225.516807834916,903.2376724115193
2023-03-28 00:15:00,28210.078045447088,28263.613096055375,28160.25044229689,28220.307578489155,718.9612186575797
2023-03-28 00:30:00,28232.05006956654,28259.5431691611,28101.97609304727,28229.534490825572,568.2630168242392
2023-03-28 00:45:00,28222.09395761921,28252.73915763532,28140.098889682173,28207.186983526164,553.8948551293005
2023-03-28 01:00:00,28214.137485108466,28251.09824018257,28163.39402831016,28214.3535729121,528.156521930123
2023-03-28 01:15:00,28203.14524535227,28296.10793489018,28203.14524535227,28270.929339938986,1324.7302180943773
2023-03-28 01:30:00,28283.985829992103,28294.761082936253,28220.713272556426,28269.719291013866,1323.3491682660022
2023-03-28 01:45:00,28270.055390643472,28416.07052068701,28267.18395000132,28307.166849795474,851.3879457291607
2023-03-28 02:00:00,28305.76172577672,28348.82552910359,28251.33339956831,28316.156289427607,564.9625515838218
2023-03-28 02:15:00,28302.04458647254,28368.39013700351,28302.04458647254,28338.895483206943,698.6002546529534
2023-03-28 02:30:00,28326.90683154658,28405.295926646297,28318.847109678336,28388.060492832465,1148.470905733991
2023-03-28 02:45:00,28391.560666918922,28398.310145282907,28322.13143958574,28374.832570203864,587.100833089923
2023-03-28 03:00:00,28375.83762056723,28467.008862659506,28346.544581942464,28412.51022886991,722.5989288561744
2023-03-28 03:15:00,28406.771220761853,28503.87946804536,28386.958058055887,28426.201421563423,574.9277470910637
2023-03-28 03:30:00,28420.031320847447,28443.923094632475,28275.44125310663,28407.322607268718,634.4751446866167
2023-03-28 03:45:00,28406.125673618095,28507.3220159717,28406.125673618095,28448.381383627013,975.599424716508
2023-03-28 04:00:00,28445.768453053366,28517.736236830096,28431.544320765915,28461.300729302602,626.5588238392376
2023-03-28 04:15:00,28444.931434615173,28522.205276933117,28430.041960968956,28473.246986643968,1049.2294115824977
2023-03-28 04:30:00,28470.43785994103,28470.43785994103,28346.570539996876,28418.011992945343,879.6389359697041
2023-03-28 04:45:00,28424.14172501407,28424.14172501407,28268.08548073622,28388.197820900707,939.1501253427793
2023-03-28 05:00:00,28393.941083787835,28443.926000927742,28351.951081922332,28393.729020906874,1371.4668752331816
2023-03-28 05:15:00,28390.31713881328,28508.66569432439,28390.31713881328,28424.795402620526,978.9791853014478
2023-03-28 05:30:00,28426.48440009615,28439.890295032303,28357.178608077094,28393.96684272684,618.4509013109574
2023-03-28 05:45:00,28396.841425153158,28433.917809405404,28308.187274331864,28388.04741180482,881.3797322444881
2023-03-28 06:00:00,28382.645807958335,28449.821333628457,28355.989544963002,28418.56286749299,1060.154598409062
2023-03-28 06:15:00,28428.937384482324,28507.599857443536,28369.046794385093,28421.951171937264,678.538966189235
2023-03-28 06:30:00,28420.05314255029,28474.33711160236,28353.96131246687,28436.18252757436,796.0274604890518
2023-03-28 06:45:00,28429.749150827007,28498.066635201783,28334.949303981575,28448.911674289542,821.781404832806
2023-03-28 07:00:00,28447.685460590827,28479.283414250945,28407.3800545351,28427.41762657067,619.3403533845743
2023-03-28 07:15:00,28428.66474743443,28561.388437527316,28422.360227969937,28479.390901345447,850.6137699543077
2023-03-28 07:30:00,28468.11733917885,28546.31211765888,28358.997452789597,28463.51186164928,612.8169962708571
2023-03-28 07:45:00,28460.326409510322,28549.37814109406,28408.037796319357,28474.019672666072,811.5147980863944
2023-03-28 08:00:00,28480.517670377987,28507.983027493556,28404.80501818494,28481.343825465494,938.52183611977
2023-03-28 08:15:00,28487.67414339747,28505.082663130823,28446.05515430578,28487.05519714437,612.8186086228203
2023-03-28 08:30:00,28492.752664703465,28678.357482338346,28470.67322970439,28508.015920326674,1054.2364074324157
2023-03-28 08:45:00,28513.523088451846,28615.719117679204,28500.296991549338,28530.585163568652,574.1866194669647
2023-03-28 09:00:00,28543.92989624577,28602.016582841985,28473.24217082291,28552.489924101552,765.9821826554
2023-03-28 09:15:00,28547.74742655338,28601.942697721315,28494.48325391959,28581.493682433564,924.6442648452359
2023-03-28 09:30:00,28559.217828423094,28669.187845549106,28559.217828423094,28586.58215362687,537.3819644554075
2023-03-28 09:45:00,28584.775850643426,28585.610914189172,28487.971501373897,28543.77375972518,1129.252150700297
2023-03-28 10:00:00,28554.972044539656,28591.766488480833,28471.137220676697,28536.05475486121,923.0059884278139
2023-03-28 10:15:00,28528.78494497887,28569.14940969643,28430.042471197386,28518.58760026419,1227.6538129563346
2023-03-28 10:30:00,28527.33107582214,28575.85096500394,28491.19772088527,28517.094211913678,699.7966865632827
2023-03-28 10:45:00,28505.733952650648,28547.409129911324,28444.055486511566,28517.10746610709,509.278407792522
2023-03-28 11:00:00,28525.951092981482,28569.40960649411,28452.294427014447,28501.115980895414,652.1431582550877
2023-03-28 11:15:00,28491.39250854693,28512.81112351296,28425.96908673092,28489.96257314526,1073.382604606575
2023-03-28 11:30:00,28500.703221997166,28569.93765998432,28466.474042558428,28495.125073985375,1057.3456021662985
2023-03-28 11:45:00,28492.59643629909,28529.580508297648,28433.04261341117,28484.474597553068,770.0458196003123
2023-03-28 12:00:00,28490.96829192282,28634.488373887532,28487.59671154275,28530.03935940244,1159.4049412740408
2023-03-28 12:15:00,28524.956309577225,28602.88421665303,28308.541312192338,28492.12283363719,749.2146945016177
2023-03-28 12:30:00,28487.08139954284,28512.057901689015,28474.109011994973,28494.63361516856,980.3955362590706
2023-03-28 12:45:00,28503.750993742527,28618.812962598236,28404.876410952682,28513.72190434972,886.5219451230008
2023-03-28 13:00:00,28503.268128327898,28592.789314662925,28503.268128327898,28551.17796468884,580.9953249486855
2023-03-28 13:15:00,28568.249587549722,28660.959473037117,28550.354453138247,28578.49375206115,783.8860133321883
2023-03-28 13:30:00,28580.45997825461,28616.141111205947,28505.797127266287,28569.356339347632,580.2796075521167
2023-03-28 13:45:00,28567.170243423865,28622.197098332734,28513.77222077281,28561.244588388116,595.7827332932451
2023-03-28 14:00:00,28556.80851026379,28561.82340230315,28496.836228980654,28539.283678930296,699.4422732421128
2023-03-28 14:15:00,28533.01769463987,28619.697596388232,28527.52343439442,28574.971112023984,622.8322081809955
2023-03-28 14:30:00,28576.49550726718,28680.28458029757,28565.57925478947,28608.57791298736,726.1259230779727
2023-03-28 14:45:00,28586.199830336027,28718.424789931392,28570.581781774377,28620.917204368165,833.4800977365685
2023-03-28 15:00:00,28627.520719118806,28644.344806431993,28564.517704208367,28617.11395298743,596.7135601240062
2023-03-28 15:15:00,28613.85489186412,28731.7030303073,28448.018471427164,28576.17401175133,1219.963805835987
2023-03-28 15:30:00,28570.32201635102,28579.531634370902,28540.878139772143,28559.533160115625,1151.7621412333444
2023-03-28 15:45:00,28546.994155477318,28581.472019334695,28504.76021739012,28522.500593466546,1119.126305292007
2023-03-28 16:00:00,28526.152167830885,28637.671822061948,28503.933911805318,28549.898800953513,550.0777534004204
2023-03-28 16:15:00,28544.603401600656,28665.76972716399,28544.603401600656,28568.981060714777,741.9449428867568
2023-03-28 16:30:00,28561.117380927823,28561.117380927823,28457.547838069622,28514.57924826803,1218.1816939353935
2023-03-28 16:45:00,28508.81538116117,28550.722689219736,28482.200783248474,28511.548218873133,604.2243111260923
2023-03-28 17:00:00,28519.72299686269,28546.384106077534,28466.09907286058,28519.404792679652,644.3087545594473
2023-03-28 17:15:00,28528.749201532344,28546.675446558675,28459.416516791352,28509.02598943439,1018.7543345584959
2023-03-28 17:30:00,28519.206040715104,28587.28814861461,28440.974003194973,28501.86041533099,952.4522533371899
2023-03-28 17:45:00,28503.59118596178,28545.5739264651,28414.08598631829,28517.481711149838,801.2294859854048
2023-03-28 18:00:00,28526.41667837812,28567.75061408813,28442.941436788966,28521.04822153386,1145.0491357259373
2023-03-28 18:15:00,28525.557523571126,28607.535544673974,28503.710965586797,28555.926582414875,1087.4636767155682
2023-03-28 18:30:00,28547.04398537764,28734.374155377995,28509.703993965082,28594.145698965574,613.5431227835518
2023-03-28 18:45:00,28579.12724260253,28600.402620048746,28505.851455568703,28560.553907683185,1514.6349962611002
2023-03-28 19:00:00,28547.975875353804,28581.147916992406,28492.210213541886,28547.425297028774,1263.3253176211554
2023-03-28 19:15:00,28553.56444888915,28619.53246546832,28510.30235411778,28543.2743427362,809.8004515163656
2023-03-28 19:30:00,28537.681273707913,28612.16943574646,28537.681273707913,28577.27296439735,728.9618295652082
2023-03-28 19:45:00,28578.286884545672,28605.361811479957,28520.78385834122,28576.58032358262,986.3664779469929
2023-03-28 20:00:00,28580.8152165637,28699.899977285713,28523.67629434727,28584.785982947156,1643.9700903996622
2023-03-28 20:15:00,28589.37300863535,28620.591050811676,28516.905514129143,28545.108067269633,1639.2822543879918
2023-03-28 20:30:00,28542.21963055866,28616.200354792283,28542.21963055866,28587.293117518704,1194.735802735013
2023-03-28 20:45:00,28591.719125173127,28659.412375928216,28484.079239295614,28552.220957048106,1167.80793605148
2023-03-28 21:00:00,28564.37318995248,28642.06127356213,28551.819674483762,28585.767560008866,577.5257728963927
2023-03-28 21:15:00,28586.842256092674,28620.390893943746,28503.45995507557,28596.710392794557,600.9632388470451
2023-03-28 21:30:00,28605.26218931907,28679.745136152018,28543.72084354049,28581.899061166292,594.2388831749653
2023-03-28 21:45:00,28591.32312759263,28635.09993335221,28455.896018397238,28590.319973534028,791.076797257651
2023-03-28 22:00:00,28596.30641286675,28596.30641286675,28389.535641801634,28526.055700856476,1073.4402228985186
2023-03-28 22:15:00,28525.60130920361,28555.731658264678,28473.36799848684,28536.425855347366,535.601959688053
2023-03-28 22:30:00,28538.489235968314,28616.066295950826,28473.051584607445,28583.81655878067,860.5080681006266
2023-03-28 22:45:00,28589.962520797817,28609.001305814574,28563.975118553128,28584.35056432724,980.5699586301392
2023-03-28 23:00:00,28581.540563422543,28669.05222756471,28581.540563422543,28637.07420239679,596.9931823948253
2023-03-28 23:15:00,28631.275650055562,28688.71626108452,28617.959768571804,28637.596217862396,535.5177089562326
2023-03-28 23:30:00,28638.421066487983,28638.421066487983,28503.565428041027,28584.07838239523,913.8892305791184
2023-03-28 23:45:00,28576.939651768545,28627.207784505394,28520.398717340617,28581.1505006621,683.5980475773428
2023-03-29 00:00:00,28575.98821882354,28640.254310954428,28537.628080752183,28588.317880722825,767.8259604952959
2023-03-29 00:15:00,28599.19941789735,28627.968334309386,28503.512069922028,28592.409946645636,936.0610882749372
2023-03-29 00:30:00,28588.131464681537,28691.51746216127,28588.131464681537,28618.859936440935,551.8969795608306
2023-03-29 00:45:00,28630.49042096809,28656.534027375703,28574.715765907957,28616.05133222459,542.5281464021981
2023-03-29 01:00:00,28627.137401114458,28752.03774241698,28619.343038660572,28653.096022093865,1149.3975378975433
2023-03-29 01:15:00,28641.71725113478,28697.11178130124,28615.75531412569,28664.220893196645,657.5908711355784
2023-03-29 01:30:00,28669.580836219215,28695.52128543551,28623.19978627591,28665.230474632794,520.7892032937895
2023-03-29 01:45:00,28669.496802761718,28737.48384220011,28661.27925763099,28693.04382104787,1313.7709710564368
2023-03-29 02:00:00,28686.004676328623,28720.938447005203,28570.301009470677,28683.150849318026,726.1730788414771
2023-03-29 02:15:00,28681.745938666598,28786.339376972122,28681.745938666598,28752.92527331905,774.8620197828187
2023-03-29 02:30:00,28750.10545363302,28844.47733882377,28750.10545363302,28787.96752047831,1503.2954605056286
2023-03-29 02:45:00,28786.027275726763,28878.341385979686,28742.652472112506,28807.22809130002,627.640977937084
2023-03-29 03:00:00,28798.44505355712,28843.972500575437,28757.369637155916,28788.773986378885,957.1095077777629
2023-03-29 03:15:00,28803.68453971654,28940.004410538346,28767.689401543987,28813.09863268093,601.8608374207079
2023-03-29 03:30:00,28805.587659701163,28839.520667626668,28754.155015361695,28802.03499254248,540.9650549964483
2023-03-29 03:45:00,28808.672862968986,28861.544210408527,28790.28515604067,28814.123610820126,562.081871948845
2023-03-29 04:00:00,28802.581487959553,28869.94360008762,28782.801740269195,28834.769447479237,590.5873810462424
2023-03-29 04:15:00,28826.733705649036,28914.86332530247,28821.06048433322,28880.577515029512,1518.998339113741
2023-03-29 04:30:00,28877.840854139085,28923.91875353071,28839.97010494989,28865.317827066025,704.3281441653404
2023-03-29 04:45:00,28859.98223572051,28891.187372849054,28830.11412608835,28872.075983674964,617.9727803930981
2023-03-29 05:00:00,28873.834659003565,28965.78999177518,28849.680553447713,28914.412918431906,1011.3734112115185
2023-03-29 05:15:00,28913.421764954564,28975.080990754366,28874.40162782351,28924.8110828066,571.4181318327483
2023-03-29 05:30:00,28911.19405157492,29022.27509085728,28897.640917078428,28952.99050505332,882.3855919213669
2023-03-29 05:45:00,28946.065332124985,28946.065332124985,28772.679171017164,28894.217987186712,878.4262017071704
2023-03-29 06:00:00,28903.52355611708,28986.02201325425,28902.96228726248,28954.635407855814,1072.5849281195206
2023-03-29 06:15:00,28965.0109083847,28985.153062683403,28913.96889387107,28955.496153870463,541.60343684687
2023-03-29 06:30:00,28947.105303521894,29025.6683212838,28902.041733176833,28958.035193877186,668.9850357567691
2023-03-29 06:45:00,28968.35083087892,28990.876277546664,28920.367246226822,28968.458274351844,531.205130399465
2023-03-29 07:00:00,28959.29847376185,29010.39755049229,28904.827896630322,28932.297810651537,604.7916616994365
2023-03-29 07:15:00,28924.08013665359,29015.8308333878,28924.08013665359,28986.507282099858,686.0560026295053
2023-03-29 07:30:00,28997.878581925823,29039.622157384507,28852.79429239965,28974.65450193299,573.7705775646307
2023-03-29 07:45:00,28976.574951627263,29129.82610449615,28969.7368293985,29000.750995874932,1399.3972005565006
2023-03-29 08:00:00,28992.50588474158,29111.52522935815,28992.356495390497,29017.14030831616,560.4648704908398
2023-03-29 08:15:00,29018.275991262326,29026.845577806987,28883.652910053577,28987.981650863596,860.8092260689227
2023-03-29 08:30:00,28981.53083565128,29010.236974099036,28931.661924082342,28984.429834863615,841.2092937850515
2023-03-29 08:45:00,28979.2569416191,29025.6904142714,28915.298366538987,28973.041291553305,525.4669370722934
2023-03-29 09:00:00,28970.630560089467,29108.784935923733,28970.630560089467,29017.278425897908,3945.0458250999827
2023-03-29 09:15:00,29009.386199745535,29072.47695208235,28958.000814763207,29002.713462296255,646.8683524648358
2023-03-29 09:30:00,29021.05528032259,29057.599800180637,28876.634461884918,28995.253122828064,1134.158555085905
2023-03-29 09:45:00,28995.870832615536,29044.668369730924,28934.416196191472,28982.148671209336,1355.0381690297186
2023-03-29 10:00:00,28981.878792403015,28990.801306276062,28936.75573441314,28965.98465733961,1891.784758838995
2023-03-29 10:15:00,28967.550052125946,29051.908722223205,28907.19908068884,28969.937650280604,1159.9055736803875
2023-03-29 10:30:00,28956.73521752579,29018.800096904346,28926.779805934573,28990.9938141409,723.7502830523463
2023-03-29 10:45:00,28991.191281758725,29035.39820787523,28908.310793675828,28994.272389856575,878.2646583555056
2023-03-29 11:00:00,28984.988520238083,29021.663123509163,28884.276303118113,28960.04179322657,1010.3287643758605
2023-03-29 11:15:00,28938.998458202743,28993.561105464283,28891.943809508906,28958.25835329202,562.2716260832638
2023-03-29 11:30:00,28964.524957421996,29070.539770056665,28918.93216495169,28942.312706300116,535.1356257410123
2023-03-29 11:45:00,28954.242034197,29038.60296736713,28911.60148528182,28983.14096830625,687.8910406046837
2023-03-29 12:00:00,29003.696477964495,29091.65458525068,28981.34188247914,29037.465153762838,596.9426447387635
2023-03-29 12:15:00,29046.182636770045,29052.82243576239,28944.054186846028,29016.915967801502,700.6954614533159
2023-03-29 12:30:00,29006.176018085764,29103.667877382595,29006.176018085764,29081.057094286723,680.5746341210859
2023-03-29 12:45:00,29090.171869637736,29121.09846764935,28967.573520336693,29101.233189964718,564.9972814513908
2023-03-29 13:00:00,29104.728058322813,29234.939296182554,29075.200772714707,29107.95315364754,553.0746431724579
2023-03-29 13:15:00,29097.542272046485,29278.061153271985,29064.906537821586,29169.646345053214,1505.807115152998
2023-03-29 13:30:00,29163.506501561573,29283.06440550917,29163.506501561573,29199.692075799918,1354.0020199928888
2023-03-29 13:45:00,29201.479764517662,29201.479764517662,29106.469283664628,29154.190654746737,889.3025181851975
2023-03-29 14:00:00,29158.698592286615,29180.01946529158,29049.646665371376,29129.418843585645,747.4347640642512
2023-03-29 14:15:00,29143.114056387934,29189.280971901066,29123.9507860898,29145.998228356006,666.8397034434661
2023-03-29 14:30:00,29145.99742047588,29257.356309759758,29099.38599531191,29157.804097515054,891.4104627744546
2023-03-29 14:45:00,29158.17156110009,29174.850050645186,29089.441598441168,29122.696213431955,804.5348440467329
2023-03-29 15:00:00,29132.424457347537,29132.424457347537,29041.993717230245,29088.79557468267,1036.9284527942848
2023-03-29 15:15:00,29091.728974848946,29222.931222900443,29066.455931962853,29115.238920708056,791.6774685899377
2023-03-29 15:30:00,29111.62213549937,29255.209538515872,29089.552220005364,29168.549916714546,923.68829152832
2023-03-29 15:45:00,29154.62481901566,29185.72610919402,29060.440075419294,29134.431058087932,594.8868889671634
2023-03-29 16:00:00,29137.734565833976,29205.06919788047,29117.84900930162,29154.52816732011,1239.777137527532
2023-03-29 16:15:00,29173.263903970408,29173.263903970408,29110.782604370503,29136.83671683534,894.7256261723949
2023-03-29 16:30:00,29142.288801413044,29181.700016952807,29077.528784288243,29110.870151575706,699.0629548753734
2023-03-29 16:45:00,29108.056232750532,29137.914151520996,29092.351285824552,29113.858856698127,707.6151417030301
2023-03-29 17:00:00,29129.159584352677,29163.844604213267,29028.344400332808,29069.45288839128,598.3785549837675
2023-03-29 17:15:00,29049.737637277947,29100.768846809962,28991.15468175647,29065.849293135303,737.275621692931
2023-03-29 17:30:00,29066.94753362516,29089.954598349395,28985.993168625893,29059.929303801004,558.9154063204973
2023-03-29 17:45:00,29061.364897802774,29088.007248404676,28960.05257589964,29031.73533459,1186.7811099306155
2023-03-29 18:00:00,29029.21026146058,29088.96926909771,28974.1546198513,29035.58680701496,909.5114936526
2023-03-29 18:15:00,29024.751869859047,29048.991425191944,29006.050316429075,29028.700626907972,916.4095834477043
2023-03-29 18:30:00,29050.566996188423,29114.47109933216,28945.80204321709,29045.544816575355,761.3606535139144
2023-03-29 18:45:00,29060.272290898552,29124.27175556757,29017.565280416515,29077.055596704595,581.4377519514796
2023-03-29 19:00:00,29082.169038735567,29107.91230282272,28983.65171884126,29034.732612368145,730.5201148707107
2023-03-29 19:15:00,29024.78624343097,29198.726051061967,29020.778788735974,29103.33466545986,944.5963970409767
2023-03-29 19:30:00,29115.034196453744,29145.108086315493,29057.580890469315,29127.53501889629,1064.2263289464688
2023-03-29 19:45:00,29129.597388232472,29192.74970760996,29093.4902169014,29158.444314339868,1246.6428436898373
2023-03-29 20:00:00,29146.577237057038,29210.144610660154,29077.532884174107,29150.546531013457,858.1674553242507
2023-03-29 20:15:00,29154.03085782649,29185.433547287044,29071.207718571273,29092.632371783206,1318.9344182196355
2023-03-29 20:30:00,29080.71444793064,29217.291985774762,29080.71444793064,29142.952841129296,587.612928542016
2023-03-29 20:45:00,29156.68081172529,29164.59957479633,29105.590259009587,29131.167954752815,882.7534549052934
2023-03-29 21:00:00,29126.94082858332,29159.817902148163,29109.78206754581,29128.876606907354,560.5335488864093
2023-03-29 21:15:00,29115.365719545967,29211.72039904331,29013.811738440447,29134.35902480028,692.5238788818207
2023-03-29 21:30:00,29122.568692097375,29200.650889952038,29122.568692097375,29167.108091337785,696.2374931821192
2023-03-29 21:45:00,29174.163684517098,29273.496123778703,29123.493846451136,29195.552016039466,682.7913463526404
2023-03-29 22:00:00,29183.51709304445,29203.005711359343,29131.486348019218,29183.19525360011,657.1801716175064
2023-03-29 22:15:00,29203.298546434595,29246.787125315048,29169.844177722636,29202.678438307026,731.0248332313809
2023-03-29 22:30:00,29200.743463386138,29207.92131515161,29119.78676988629,29181.478654101666,715.4962773500655
2023-03-29 22:45:00,29193.65289275281,29193.65289275281,29081.191469003872,29148.801238999753,1349.117872990674
2023-03-29 23:00:00,29156.443912557967,29301.425518474123,29086.83789654322,29165.3022115641,564.9775190568527
2023-03-29 23:15:00,29166.2991841373,29234.38356071669,29101.75722938175,29171.76454108436,597.9784644200201
2023-03-29 23:30:00,29172.578348522387,29249.89607920397,29108.465680054655,29160.48134666244,824.9628976288803
2023-03-29 23:45:00,29156.389666233335,29247.089691363555,29156.389666233335,29209.795143460324,626.3642866723833
2023-03-30 00:00:00,29219.625457444436,29236.608759627787,29108.252978121036,29201.557657380643,661.7610118471405
2023-03-30 00:15:00,29209.269053485445,29246.38146486918,29089.23777713965,29209.33347393553,964.5553658723086
2023-03-30 00:30:00,29220.405392204866,29252.750101251804,29153.515837276147,29201.344348383653,567.2471834501532
2023-03-30 00:45:00,29195.180911341533,29314.27856818744,29147.35338494963,29231.3161680214,624.7150742936411
2023-03-30 01:00:00,29232.975043483977,29317.19309061368,29192.67909691124,29227.523969169957,555.8108206156954
2023-03-30 01:15:00,29231.89124857144,29382.91738299462,29231.89124857144,29315.094101439627,1044.5172047526473
2023-03-30 01:30:00,29307.278110873238,29336.230089785462,29276.371364256378,29305.723428938916,1061.5931633421076
2023-03-30 01:45:00,29303.16891730596,29346.795245593494,29185.672606693162,29312.62621741207,577.6160649065465
2023-03-30 02:00:00,29316.99222173979,29337.684849254543,29256.627304698257,29293.001169604686,696.4707269642598
2023-03-30 02:15:00,29299.052612300387,29390.521574251135,29220.53270500172,29271.763739415346,767.6378383198577
2023-03-30 02:30:00,29276.320252227848,29302.09966509246,29223.389650075886,29249.52451341976,1077.5316239871806
2023-03-30 02:45:00,29256.871723771656,29260.403499158438,29157.217616195685,29234.66060796552,623.2526755942349
2023-03-30 03:00:00,29241.666314104354,29247.1658103928,29130.521036919978,29176.759299751116,643.9878593098625
2023-03-30 03:15:00,29167.68604959435,29291.49745151465,29147.250526414562,29220.200034620466,749.219740721678
2023-03-30 03:30:00,29218.68737062361,29295.671430946975,29155.489521267737,29186.90160233002,738.090919440005
2023-03-30 03:45:00,29178.86947734051,29305.090891848806,29138.51383913928,29195.99110215114,906.8052743990888
2023-03-30 04:00:00,29198.652083851674,29281.881166403895,29157.32480973562,29227.17802190915,795.3186762983117
2023-03-30 04:15:00,29238.802216095653,29319.326658021313,29204.503318052848,29285.912107590208,1080.558933243037
2023-03-30 04:30:00,29279.99496729754,29279.99496729754,29150.350118469854,29252.72219061144,721.0136869173604
2023-03-30 04:45:00,29247.551013790686,29361.7377724251,29247.551013790686,29299.44411900046,805.9825706848881
2023-03-30 05:00:00,29305.936327155407,29404.902354383707,29184.222273101648,29317.165745465874,577.5981830577156
2023-03-30 05:15:00,29319.63681001622,29402.260324578147,29224.50791264571,29333.64524764336,1253.0290350279445
2023-03-30 05:30:00,29330.07147414306,29421.12427972454,29260.794465635456,29347.335804740378,525.851094195071
2023-03-30 05:45:00,29346.361276501797,29358.426049237853,29298.066883714397,29334.924095962808,1068.9982532299664
2023-03-30 06:00:00,29333.531731655043,29341.658754963704,29268.33144869206,29306.298040702975,1164.0591834450431
2023-03-30 06:15:00,29305.5650331096,29369.452250125174,29246.135585557506,29316.37186492204,602.832401562075
2023-03-30 06:30:00,29314.172722963915,29401.13096798751,29265.520528975478,29342.11568087092,626.3879348640944
2023-03-30 06:45:00,29330.464384368093,29432.730096447955,29330.464384368093,29359.504705389045,1072.328037939052
2023-03-30 07:00:00,29355.302404623133,29479.825718910037,29355.302404623133,29399.712687723342,773.2470559935
2023-03-30 07:15:00,29410.56078191159,29461.649880694924,29322.27540577236,29400.93795940169,1016.8272071702235
2023-03-30 07:30:00,29392.009581701273,29441.272901778557,29354.099411132203,29396.394390891634,587.2530153346313
2023-03-30 07:45:00,29385.8010190147,29514.156436682955,29385.8010190147,29473.884525916877,687.4088690370675
2023-03-30 08:00:00,29469.315807304436,29707.259304716667,29455.08263943297,29474.00474561069,658.1724948743523
2023-03-30 08:15:00,29460.648445881063,29580.260878502297,29460.648445881063,29491.990682948708,927.1916914749908
2023-03-30 08:30:00,29489.41820836198,29567.102782841484,29353.824717766638,29483.831792457044,1036.3880543003181
2023-03-30 08:45:00,29465.962532944086,29614.89383276689,29465.962532944086,29547.536156238155,1754.7722196844188
2023-03-30 09:00:00,29550.141567821,29682.75040666898,29516.26091106642,29572.81878461748,637.252105741865
2023-03-30 09:15:00,29580.174626710552,29642.66516416949,29473.24985152553,29565.08442912041,732.8575462760774
2023-03-30 09:30:00,29569.621962330577,29592.91471883461,29488.031829060168,29527.543825529225,1305.280883493272
2023-03-30 09:45:00,29526.120081660934,29583.705509416846,29497.042397720375,29539.451781505075,562.0439363016537
2023-03-30 10:00:00,29547.939711426272,29626.4640320489,29467.75671668195,29556.92855056204,610.2431357360517
2023-03-30 10:15:00,29565.905852132142,29700.3267464657,29523.864337812483,29560.483182895627,1385.2466464151146
2023-03-30 10:30:00,29549.66878090899,29622.836288980026,29535.279303926858,29596.774027714466,619.7495380038059
2023-03-30 10:45:00,29594.520259991412,29749.16502333649,29582.71748292497,29609.61280676977,559.9615810807753
2023-03-30 11:00:00,29608.9094438739,29682.39417569808,29542.505802390897,29602.36371031811,706.4158175569016
2023-03-30 11:15:00,29601.568280364278,29698.055783875574,29529.577313766575,29630.37927290534,1127.1672914719984
2023-03-30 11:30:00,29631.194278625193,29728.522074626984,29597.466777573864,29621.22759956888,876.2805372127239
2023-03-30 11:45:00,29622.674711093052,29649.10863713544,29569.451076382506,29618.857803863728,524.5449398296496
2023-03-30 12:00:00,29611.863289415753,29645.072878474588,29586.84282565611,29608.232233707997,541.9744712474098
2023-03-30 12:15:00,29610.554658113106,29672.479349901732,29601.81302469216,29650.23592823024,1425.191521347623
2023-03-30 12:30:00,29654.78435102882,29764.479781311646,29648.12845797737,29689.320744170567,706.9240220708789
2023-03-30 12:45:00,29694.163819047764,29782.829346985913,29640.77697322441,29694.16183784844,856.9701267157825
2023-03-30 13:00:00,29694.125873102592,29764.568234582166,29694.125873102592,29737.380542876082,1193.5867264333383
2023-03-30 13:15:00,29733.304008468527,29824.687034526058,29622.631905990296,29750.32866542808,965.5487121892625
2023-03-30 13:30:00,29742.08149943295,29860.97439864455,29633.658056567543,29725.217213939384,817.4424014601581
2023-03-30 13:45:00,29732.240207817307,29818.898359202845,29637.23856414125,29747.43554404805,715.0719384394072
2023-03-30 14:00:00,29731.541493684745,29851.175125789698,29731.541493684745,29769.277655726863,578.4163905752417
2023-03-30 14:15:00,29775.463972140904,29856.198561668174,29579.16614867272,29764.184024213424,540.9896282272008
2023-03-30 14:30:00,29758.758229869243,29758.758229869243,29577.168635405316,29710.182180555446,892.5202879990535
2023-03-30 14:45:00,29725.56787223334,29764.41186316732,29680.23405995453,29720.556983174993,795.4443319372848
2023-03-30 15:00:00,29710.053871290005,29812.292177156793,29662.59833498758,29754.195205918186,578.0765876420849
2023-03-30 15:15:00,29753.167910698667,29809.133416882883,29724.368734150514,29753.848169331468,872.4065613221775
2023-03-30 15:30:00,29760.614624876373,29814.840272013458,29746.308939605795,29774.39755656113,937.3089392071247
2023-03-30 15:45:00,29773.61754760886,29802.934336862276,29693.48205400712,29747.53284497269,1490.139030637688
2023-03-30 16:00:00,29741.619291680374,29792.0980917203,29638.67275370468,29736.224710993596,951.6337579121436
2023-03-30 16:15:00,29746.391305879155,29746.391305879155,29659.73499336564,29679.97262226248,890.4446917346871
2023-03-30 16:30:00,29686.064141626728,29736.110282522208,29621.625950153473,29689.688757360465,578.558828128904
2023-03-30 16:45:00,29687.094564179723,29749.21097432976,29635.319625993336,29656.35140986516,573.6161379384281
2023-03-30 17:00:00,29655.67843399991,29696.91906066258,29555.67736896707,29626.828745007373,729.1575938859671
2023-03-30 17:15:00,29637.97795642928,29637.97795642928,29483.445399762357,29583.08611588329,605.1946274745948
2023-03-30 17:30:00,29586.125383731705,29592.52222875574,29485.497365445422,29544.492079828913,921.0681072266411
2023-03-30 17:45:00,29546.372807712618,29562.54939946507,29467.039344831213,29521.854286893016,1432.0340550413682
2023-03-30 18:00:00,29530.558710925845,29589.122133622797,29423.583128574006,29500.95033291224,575.9822712779337
2023-03-30 18:15:00,29494.746842324665,29494.746842324665,29307.494208929962,29447.846798680748,1421.262822606894
2023-03-30 18:30:00,29457.295836623212,29510.12832680857,29398.49941213246,29466.043463781138,545.5133433048264
2023-03-30 18:45:00,29475.147031482193,29641.998044867574,29475.147031482193,29530.48142293206,815.3714894633099
2023-03-30 19:00:00,29531.113013156795,29631.920371984404,29394.248075026393,29513.203141646332,990.4015985020706
2023-03-30 19:15:00,29502.30045529883,29588.85208981621,29494.128329465068,29522.83464801326,712.2258588397543
2023-03-30 19:30:00,29514.027152090835,29590.178350973947,29511.229808312768,29555.025965841556,1064.164501159183
2023-03-30 19:45:00,29546.915830128906,29595.023573964325,29380.89739148021,29527.78776542597,940.3899248139962
2023-03-30 20:00:00,29537.13303554677,29537.13303554677,29478.86951353933,29502.81855874943,559.8454472406106
2023-03-30 20:15:00,29496.761876458746,29586.85159593531,29496.761876458746,29545.84546512875,617.1177634265237
2023-03-30 20:30:00,29550.676782369486,29599.124946980286,29502.01675152046,29532.96120724544,597.2817328494475
2023-03-30 20:45:00,29534.84461837639,29598.078254614455,29508.30359042584,29569.343385339358,761.4589475259236
2023-03-30 21:00:00,29577.864150850102,29587.46096426392,29496.629176672486,29560.74561355419,533.2743326049153
2023-03-30 21:15:00,29558.31959952182,29595.414846796994,29528.87877874613,29565.58202040588,523.7720812682519
2023-03-30 21:30:00,29558.834574499026,29611.684899267268,29489.010099394287,29572.722679558705,557.1716763314398
2023-03-30 21:45:00,29575.741011040333,29655.341131202153,29553.272181407436,29579.26024838094,514.6918443293006
2023-03-30 22:00:00,29585.214162096112,29614.2656950531,29475.144891834938,29564.321630817547,848.8736589747755
2023-03-30 22:15:00,29555.615624295864,29638.388654485836,29493.683449819953,29566.866240801664,1292.6221876540926
2023-03-30 22:30:00,29561.07309945897,29614.576123413754,29529.371115305745,29588.281268693383,1037.1570526703986
2023-03-30 22:45:00,29586.386827697752,29638.596992964336,29586.386827697752,29612.40185275465,547.902261405058
2023-03-30 23:00:00,29618.82713170913,29651.99222302083,29531.41118104814,29571.458704452525,992.3494646054011
2023-03-30 23:15:00,29577.413475347243,29661.34199487457,29518.93554178896,29564.574125196043,856.7750098390467
2023-03-30 23:30:00,29578.465742577075,29581.62998563605,29479.307112413746,29560.500330757786,534.9213843569087
2023-03-30 23:45:00,29559.1837440909,29646.320955754818,29521.83822535849,29562.107380233396,601.4475699306887
2023-03-31 00:00:00,29561.44397799111,29612.64276432738,29526.42774604038,29564.536413363236,1480.0121750352037
2023-03-31 00:15:00,29570.682043692792,29630.117842032232,29549.520505996854,29592.326060396772,768.2845534064764
2023-03-31 00:30:00,29595.28031100082,29611.754830899474,29493.591864440827,29577.77795481579,538.9210308180108
2023-03-31 00:45:00,29580.652040896362,29650.358832845384,29554.22307994498,29578.960141780834,1052.0564453557195
2023-03-31 01:00:00,29581.07400126397,29674.063925387218,29556.562372622433,29610.56166695229,973.9181203988433
2023-03-31 01:15:00,29601.939312204726,29635.22803397444,29583.358188295126,29608.023401066846,566.464428846381
2023-03-31 01:30:00,29617.361714950428,29758.023396672077,29589.834387247316,29630.018568017764,992.5345368915389
2023-03-31 01:45:00,29641.56870441751,29695.850264318422,29561.333785242263,29643.058865367784,1805.7869247641197
2023-03-31 02:00:00,29642.59612608371,29717.995745555858,29554.128774596556,29666.860399929403,967.2834063044135
2023-03-31 02:15:00,29669.25307239072,29821.682937442823,29669.024895826216,29711.739967389523,971.9919468579004
2023-03-31 02:30:00,29703.19207198701,29838.935145039,29592.707030098627,29706.293642078406,775.0800596635679
2023-03-31 02:45:00,29708.59811551586,29856.31678532855,29658.099306320688,29745.5090829331,1092.2707560835086
2023-03-31 03:00:00,29755.760788598494,29768.37195059543,29633.06431655777,29748.90461682256,523.1939409616167
2023-03-31 03:15:00,29733.5589110573,29768.28141956124,29604.414693462553,29715.836134331887,964.5185336599187
2023-03-31 03:30:00,29725.282458203987,29798.685709395035,29677.657267610222,29752.071192860378,567.0795985083989
2023-03-31 03:45:00,29742.698612379994,29758.89252263562,29686.574895865793,29712.32886984758,1188.642235291694
2023-03-31 04:00:00,29701.56436044294,29860.551379512606,29671.902084102658,29714.699732434907,768.8257608035207
2023-03-31 04:15:00,29721.50884927022,29735.25371425848,29689.57345172953,29708.356529110086,604.2967741285478
2023-03-31 04:30:00,29707.59283565609,29810.42127848305,29693.719028914555,29786.726372302244,1004.2619367026315
2023-03-31 04:45:00,29790.5817253838,29814.819524829614,29699.1659725649,29791.472648817162,689.3933671127859
2023-03-31 05:00:00,29782.480985203678,29834.83310329642,29773.52626968519,29791.422825575683,596.3545515136647
2023-03-31 05:15:00,29802.57473553283,29852.620553507877,29779.55806140535,29805.98475173318,588.1635650540288
2023-03-31 05:30:00,29819.652788747946,29867.293004937157,29752.744155423956,29832.82340507931,888.6606877211667
2023-03-31 05:45:00,29823.051758447746,29856.16064004517,29728.93824642573,29825.756295309642,530.2553275375654
2023-03-31 06:00:00,29826.860755596295,29886.235803926236,29802.787488405073,29828.635029776015,1097.9210562323196
2023-03-31 06:15:00,29839.493154435786,29873.884370475338,29762.265899056154,29812.474239051546,862.7976294530991
2023-03-31 06:30:00,29818.439452832623,29865.62631689368,29735.79363466429,29807.29851009065,593.7450405174343
2023-03-31 06:45:00,29797.68790189958,29920.30699615503,29730.766707041246,29760.71944170291,1027.8497356172115
2023-03-31 07:00:00,29759.351390248536,29769.611548614866,29606.949216735215,29744.924812207046,653.2171477459108
2023-03-31 07:15:00,29750.945075386426,29857.17460061039,29726.492626108393,29767.58288676887,898.8228704750828
2023-03-31 07:30:00,29761.44089355494,29801.395048017155,29746.565856134206,29782.24951592197,874.8486612843019
2023-03-31 07:45:00,29769.997922593873,29837.881649902007,29657.77301637344,29745.42612163134,566.3996638003101
2023-03-31 08:00:00,29750.177004440673,29802.642742333723,29638.728770185906,29682.408406804723,1027.5679345308515
2023-03-31 08:15:00,29678.159544881662,29733.061438527573,29580.772395472326,29624.92794826558,829.6508150037158
2023-03-31 08:30:00,29620.70267263579,29688.301670512534,29620.70267263579,29668.992854318778,1149.1691771300798
2023-03-31 08:45:00,29678.32430846827,29782.88970720077,29678.32430846827,29722.717598880972,1537.7180776137006
2023-03-31 09:00:00,29730.156631167465,29775.5814736231,29587.011373075355,29685.928231052447,1994.5946632082382
2023-03-31 09:15:00,29691.967490939318,29808.50607596795,29590.02634927663,29705.902750059282,1075.8959462409298
2023-03-31 09:30:00,29706.95430029955,29706.95430029955,29550.81581502011,29631.126119533117,812.6808979948004
2023-03-31 09:45:00,29627.055197083446,29696.757881034064,29627.055197083446,29661.146849336947,855.7796486516654
2023-03-31 10:00:00,29664.37407873638,29751.979417091152,29651.281258365067,29685.942653103324,759.0020992766104
2023-03-31 10:15:00,29707.683927497343,29707.683927497343,29609.88513028739,29660.87053867538,1178.0596882491757
2023-03-31 10:30:00,29672.787317867504,29672.787317867504,29581.837883305787,29635.562592097944,656.7834606203799
2023-03-31 10:45:00,29632.37259059296,29698.629985001942,29566.589355989734,29651.140557603212,745.6585877160229
2023-03-31 11:00:00,29647.605304955323,29703.094711571175,29623.354074930434,29655.486611755612,1213.5411017733888
2023-03-31 11:15:00,29650.304373553976,29740.685445918476,29650.304373553976,29685.66933204868,656.0984425899013
2023-03-31 11:30:00,29683.97652548757,29733.525842983894,29663.862386972392,29697.52822088711,658.0564601939805
2023-03-31 11:45:00,29698.188745890697,29795.23427433814,29698.188745890697,29752.707902335736,850.1583969733146
2023-03-31 12:00:00,29759.42268238953,29797.60673421129,29635.223043204507,29714.24129139253,1266.8524417292056
2023-03-31 12:15:00,29724.331129874914,29800.76342831546,29724.331129874914,29756.856046491583,1009.7591525356245
2023-03-31 12:30:00,29770.855680368175,29811.78366204282,29678.10279580083,29771.312516948987,950.0222125494686
2023-03-31 12:45:00,29772.33246086012,29816.920120100167,29673.467170853062,29764.127791620314,1463.9885706820753
2023-03-31 13:00:00,29764.413685319516,29922.93691398683,29716.053291188633,29803.724538943366,945.49274480522
2023-03-31 13:15:00,29801.580770347642,29934.74241217011,29721.750685031577,29805.110934749086,504.59522710543035
2023-03-31 13:30:00,29824.878604488244,29858.30904616115,29811.885735999964,29834.183288893757,594.4373645540119
2023-03-31 13:45:00,29831.740826016194,29902.167638485193,29831.740826016194,29863.40697739531,762.1127449621163
2023-03-31 14:00:00,29858.368537898263,29936.028933917034,29785.90388637268,29870.56106001413,1872.296348453046
2023-03-31 14:15:00,29868.927557905197,29930.89239796777,29825.574137098247,29881.318846852355,891.8226180836095
2023-03-31 14:30:00,29870.209108953746,29895.340844054725,29797.713433344892,29836.08473226295,1779.2652148754753
2023-03-31 14:45:00,29834.316717849983,29848.503520136575,29750.686086403763,29791.73225308202,707.4244486621317
2023-03-31 15:00:00,29781.80979540649,29821.169302075254,29733.170743088103,29802.804412284382,1216.1043241100801
2023-03-31 15:15:00,29788.84547759174,29926.41492523472,29761.966377147157,29788.890721528966,1119.298998191619
2023-03-31 15:30:00,29786.163775339108,29870.599211611585,29786.163775339108,29849.283756819706,615.0185341253225
2023-03-31 15:45:00,29853.62534859467,29853.62534859467,29743.663728841628,29800.63848134483,686.3325473354782
2023-03-31 16:00:00,29795.57642615883,29891.783396084204,29694.418679951857,29781.27083862858,834.0833065013886
2023-03-31 16:15:00,29781.99121185376,29818.707423870288,29734.94583521142,29775.333466078486,631.596650146825
2023-03-31 16:30:00,29773.746865440415,29773.746865440415,29643.5306895415,29702.44578166591,1147.5576517422783
2023-03-31 16:45:00,29709.85015847005,29820.29391887961,29638.702315554354,29731.037005922757,706.7946619748163
2023-03-31 17:00:00,29724.444292401025,29724.444292401025,29670.155121622352,29691.372975283844,1218.770133667693
2023-03-31 17:15:00,29704.59912016878,29704.59912016878,29582.011351050256,29652.59319464079,865.4532979937638
2023-03-31 17:30:00,29655.82077205206,29662.608182117012,29585.11961685297,29637.93030083932,1048.0386168808661
2023-03-31 17:45:00,29646.820561928587,29700.917566972763,29602.975399663643,29630.23688522554,843.1444808280659
2023-03-31 18:00:00,29641.064886152144,29762.023403927702,29553.862400901788,29610.844661548133,897.7143757928995
2023-03-31 18:15:00,29605.61021591507,29673.85213818964,29605.61021591507,29647.96265349739,1009.8520170255066
2023-03-31 18:30:00,29642.694392780835,29720.70125086088,29630.66348770102,29667.88710836518,1109.5391355558218
2023-03-31 18:45:00,29651.945593558703,29710.164181530607,29625.145539006717,29654.90435848802,808.244548416982
2023-03-31 19:00:00,29663.070151995547,29696.01053262705,29590.503536862867,29668.0255612058,789.3730422505055
2023-03-31 19:15:00,29655.496995926867,29709.672594199958,29618.912738255956,29682.60378153046,1027.6682556481394
2023-03-31 19:30:00,29673.34712976394,29733.153673214292,29542.56363899715,29681.55572190687,1686.4755024052688
2023-03-31 19:45:00,29678.01120313004,29767.394061940973,29672.501236919637,29690.86486989702,912.6131462958604
2023-03-31 20:00:00,29671.613600868146,29768.24927003391,29671.613600868146,29723.872724857985,1156.8999391947773
2023-03-31 20:15:00,29720.929107777014,29862.255756367336,29630.044144034022,29711.837436569233,919.7442198283004
2023-03-31 20:30:00,29719.312874028532,29728.47372060525,29649.15818656588,29672.803152120705,1024.376400493833
2023-03-31 20:45:00,29677.512977520182,29770.020798017347,29548.23272778734,29710.931478126553,1393.8732760945634
2023-03-31 21:00:00,29723.76602722688,29723.76602722688,29614.603047659093,29673.242753088143,580.0813292694196
2023-03-31 21:15:00,29675.409652708382,29675.409652708382,29581.891770393733,29632.22971413682,1562.3473529434527
2023-03-31 21:30:00,29638.10350944478,29677.369978885785,29619.996895453038,29639.798000675346,998.1851270700892
2023-03-31 21:45:00,29640.371038858604,29712.933146212094,29568.791668636615,29655.030314918946,893.7536805189894
2023-03-31 22:00:00,29650.36733389022,29761.457594899195,29649.204346477607,29669.349810481403,680.3935093718279
2023-03-31 22:15:00,29666.173867757876,29666.173867757876,29593.61496039926,29631.138548973624,725.6786586168547
2023-03-31 22:30:00,29635.438570276085,29688.687930984328,29607.235510451643,29644.72039046804,718.5418629673793
2023-03-31 22:45:00,29638.49686941551,29713.864786507147,29538.58887977801,29637.301137527767,560.7966758683912
2023-03-31 23:00:00,29644.330676013138,29709.53318185367,29568.461373250695,29634.96855848855,682.0509284493099
2023-03-31 23:15:00,29634.896347270915,29693.651542659358,29623.260831549207,29655.881950834835,819.2459194564321
2023-03-31 23:30:00,29666.2300500901,29706.274671752108,29553.4608613716,29660.13049300506,553.7328379862684
2023-03-31 23:45:00,29644.53478291285,29749.69795853634,29630.991078676303,29687.72405501772,780.5443204079461
