timestamp,open,high,low,close,volume,close_timestamp,quote_asset_volume,number_of_trades,taker_buy_base_asset_volume,taker_buy_quote_asset_volume
1597104000000,2.85,3.5208,2.8433,3.2985,1552385,1597190399999,4939150.0,13490,741771.0,2370190.0
1597190400000,3.2985,3.9289,3.08,3.7558,1737043,1597276799999,6176150.0,21118,889134.0,3161940.0
1597276800000,3.75,4.1387,3.5003,3.73,1685759,1597363199999,6446570.0,22922,716358.0,2755760.0
1597363200000,3.7207,3.7676,3.321,3.4099,1474162,1597449599999,5205830.0,18581,578652.0,2048900.0
1597449600000,3.4181,3.74,3.15,3.173,1070233,1597535999999,3658010.0,13903,439624.0,1510470.0
1597536000000,3.173,3.4907,3.12,3.3885,668107,1597622399999,2227720.0,10659,267439.0,896424.0
1597622400000,3.3885,3.3952,3.1,3.11,729414,1597708799999,2355330.0,8632,258192.0,833604.0
1597708800000,3.11,3.7092,2.8105,3.3407,2713116,1597795199999,8885310.0,27415,1276600.0,4211380.0
1597795200000,3.334,3.49,2.8,2.8868,1433244,1597881599999,4380400.0,17076,487245.0,1491950.0
1597881600000,2.8962,3.445,2.8871,3.2038,1277827,1597967999999,4078240.0,14169,654313.0,2100680.0
1597968000000,3.2038,3.24,2.89,2.9317,1131896,1598054399999,3480340.0,12957,435955.0,1340930.0
1598054400000,2.9213,3.2,2.7431,3.0126,1169418,1598140799999,3434000.0,10427,535611.0,1579340.0
1598140800000,3.0224,3.4,3.0014,3.25,1198037,1598227199999,3846250.0,11455,701976.0,2259170.0
1598227200000,3.2658,3.62,3.21,3.3405,1315196,1598313599999,4504840.0,15317,634212.0,2181570.0
1598313600000,3.3406,3.3654,3.0001,3.25,1149187,1598399999999,3629890.0,14226,477029.0,1506230.0
1598400000000,3.2576,3.7999,3.1809,3.5684,2290031,1598486399999,8065580.0,23980,1256410.0,4427330.0
1598486400000,3.5557,3.8575,3.2434,3.4501,2412975,1598572799999,8578460.0,25784,1158010.0,4141260.0
1598572800000,3.4503,4.3091,3.4503,4.0063,2581937,1598659199999,10089400.0,30430,1416810.0,5532660.0
1598659200000,4.007,4.1121,3.7748,3.9535,1342844,1598745599999,5290920.0,19319,589471.0,2328970.0
1598745600000,3.9531,4.7117,3.9,4.4309,1815682,1598831999999,7967060.0,26712,864715.0,3787280.0
1598832000000,4.4127,4.8865,4.1,4.7435,1497129,1598918399999,6664670.0,23396,829785.0,3715510.0
1598918400000,4.7432,4.9475,4.3,4.3397,1267575,1599004799999,5871720.0,20174,626211.0,2914620.0
1599004800000,4.3213,4.3506,3.66,4.17,2002058,1599091199999,8136930.0,25545,872237.0,3553810.0
1599091200000,4.17,4.459,3.4772,3.5051,3275612,1599177599999,12941600.0,37166,1415420.0,5628690.0
1599177600000,3.5062,3.8346,3.1739,3.5301,2052197,1599263999999,7262300.0,23918,892868.0,3167600.0
1599264000000,3.5301,3.6637,2.0926,2.6052,4426267,1599350399999,11872700.0,36221,1667140.0,4417380.0
1599350400000,2.6119,3.18,2.2575,3.0941,2898759,1599436799999,7940870.0,24763,1441530.0,3961690.0
1599436800000,3.0785,3.1983,2.38,2.9237,2680083,1599523199999,7269850.0,20763,1237120.0,3357710.0
1599523200000,2.9237,2.9499,2.4,2.468,1626390,1599609599999,4163480.0,17527,594993.0,1526240.0
1599609600000,2.468,3.8838,2.3821,3.6001,6691122,1599695999999,22147400.0,54509,3343480.0,11062500.0
1599696000000,3.6107,3.875,3.304,3.4761,4356891,1599782399999,15482100.0,47297,2075980.0,7395170.0
1599782400000,3.4707,3.5036,3.0316,3.3965,2227637,1599868799999,7208720.0,23696,905329.0,2940780.0
1599868800000,3.3967,3.47,3.1494,3.3316,1161542,1599955199999,3845110.0,14476,555663.0,1842560.0
1599955200000,3.3386,3.47,2.9838,3.2603,2024779,1600041599999,6528380.0,27152,871294.0,2819240.0
1600041600000,3.2656,3.5393,3.0752,3.2641,3351650,1600127999999,11171000.0,53540,1671480.0,5589900.0
1600128000000,3.264,3.3249,2.8955,2.9295,1698391,1600214399999,5332430.0,28139,671972.0,2114490.0
1600214400000,2.9288,2.9293,2.4282,2.5327,4886767,1600300799999,12739800.0,52638,1895990.0,4948030.0
1600300800000,2.5376,2.9389,2.36,2.8829,4635747,1600387199999,12078100.0,50561,2337320.0,6112230.0
1600387200000,2.883,3.16,2.726,3.1144,4169446,1600473599999,12295000.0,49597,2127090.0,6283800.0
1600473600000,3.1084,3.2545,2.9564,3.031,1586220,1600559999999,4884900.0,23707,799968.0,2467080.0
1600560000000,3.0216,3.0319,2.7,2.8628,1456629,1600646399999,4183730.0,19133,620427.0,1786110.0
1600646400000,2.8628,3.0397,2.4689,2.7672,3567879,1600732799999,9634410.0,45379,1721710.0,4642470.0
1600732800000,2.7571,3.0107,2.65,2.9082,3416786,1600819199999,9798310.0,46943,1734860.0,4980220.0
1600819200000,2.9184,3.09,2.7001,2.8548,2762151,1600905599999,7980470.0,34471,1405080.0,4075040.0
1600905600000,2.855,3.2571,2.7804,3.1433,2983701,1600991999999,9088680.0,37434,1621530.0,4936110.0
1600992000000,3.1409,3.2766,2.9003,3.1937,2447843,1601078399999,7516840.0,30447,1162450.0,3567950.0
1601078400000,3.185,3.25,3.03,3.1287,1357019,1601164799999,4232120.0,19471,645639.0,2016570.0
1601164800000,3.1292,3.1857,2.9819,3.1578,983816,1601251199999,3052810.0,13547,495458.0,1540900.0
1601251200000,3.1557,3.2109,2.908,2.9599,1306134,1601337599999,3987560.0,17608,494804.0,1516280.0
1601337600000,2.9549,3.027,2.8735,2.9505,950876,1601423999999,2801170.0,12547,438369.0,1290440.0
1601424000000,2.9447,2.9838,2.8228,2.8967,722758,1601510399999,2099220.0,9631,313433.0,911665.0
1601510400000,2.8967,2.9889,2.65,2.8669,1373062,1601596799999,3893340.0,16798,595327.0,1692230.0
1601596800000,2.8667,2.8873,2.42,2.6232,2788493,1601683199999,7275000.0,26532,1307600.0,3422120.0
1601683200000,2.6231,2.6708,2.5356,2.5439,547025,1601769599999,1435300.0,6342,251125.0,659738.0
1601769600000,2.542,2.5898,2.42,2.5202,765399,1601855999999,1911130.0,8690,330606.0,826124.0
1601856000000,2.5181,2.683,2.4561,2.6522,912587,1601942399999,2349410.0,10397,490424.0,1260470.0
1601942400000,2.6486,2.6604,2.13,2.174,1784025,1602028799999,4217790.0,15210,780761.0,1849840.0
1602028800000,2.1721,2.4083,2.081,2.3005,2087951,1602115199999,4681010.0,14780,955203.0,2146600.0
1602115200000,2.3001,2.4569,2.0123,2.3638,2759190,1602201599999,6159550.0,22492,1422000.0,3185690.0
1602201600000,2.3686,2.63,2.303,2.5314,1878524,1602287999999,4668500.0,19298,931717.0,2313920.0
1602288000000,2.5274,2.6056,2.3873,2.3999,1278940,1602374399999,3208990.0,13855,539604.0,1353170.0
1602374400000,2.3988,2.4607,2.3401,2.4227,898764,1602460799999,2160330.0,9182,421044.0,1012510.0
1602460800000,2.4228,2.7044,2.4132,2.5836,2155387,1602547199999,5542120.0,20035,1220070.0,3135510.0
1602547200000,2.5826,2.5867,2.336,2.4062,1951031,1602633599999,4782870.0,19501,838060.0,2057570.0
1602633600000,2.4061,2.4424,2.2331,2.3107,1125386,1602719999999,2631150.0,11891,470550.0,1104040.0
1602720000000,2.3108,2.3485,2.1932,2.2682,754909,1602806399999,1711560.0,8038,291516.0,662246.0
1602806400000,2.2648,2.269,2.1071,2.1398,1546650,1602892799999,3372970.0,16129,692466.0,1512300.0
1602892800000,2.1374,2.2462,2.1107,2.2053,482250,1602979199999,1058100.0,5450,229039.0,502570.0
1602979200000,2.2031,2.2595,2.1763,2.215,478921,1603065599999,1061890.0,5044,200174.0,444255.0
1603065600000,2.2137,2.2148,2.05,2.0592,909217,1603151999999,1903930.0,9244,427767.0,895785.0
1603152000000,2.0552,2.108,1.8401,1.885,1933167,1603238399999,3745710.0,17172,846647.0,1640260.0
1603238400000,1.8873,2.11,1.8415,1.8887,3222725,1603324799999,6268420.0,27731,1534140.0,2986840.0
1603324800000,1.8868,2.09,1.8481,1.9582,1624778,1603411199999,3222020.0,15518,811627.0,1611410.0
1603411200000,1.9566,1.9902,1.85,1.959,1559992,1603497599999,3003770.0,14300,798356.0,1541480.0
1603497600000,1.9652,1.973,1.88,1.9142,748094,1603583999999,1442960.0,7136,330710.0,638792.0
1603584000000,1.9175,1.9244,1.76,1.7926,1365866,1603670399999,2529850.0,12507,529076.0,979736.0
1603670400000,1.7925,1.8685,1.6121,1.6799,2021872,1603756799999,3512000.0,18268,931978.0,1626150.0
1603756800000,1.6771,1.75,1.5906,1.711,2591150,1603843199999,4356310.0,18450,1218750.0,2052580.0
1603843200000,1.7084,1.7255,1.4508,1.518,3354618,1603929599999,5216560.0,24005,1470360.0,2286340.0
1603929600000,1.5166,1.5754,1.4148,1.4327,1233628,1604015999999,1842930.0,9134,576748.0,863068.0
1604016000000,1.4328,1.4726,1.3163,1.4381,1401628,1604102399999,1968210.0,9225,613806.0,862774.0
1604102400000,1.4383,1.558,1.4266,1.5497,851990,1604188799999,1279140.0,8029,424556.0,638421.0
1604188800000,1.5497,1.6463,1.5137,1.608,960664,1604275199999,1513800.0,6949,487341.0,768604.0
1604275200000,1.6076,1.6432,1.4621,1.4738,867738,1604361599999,1329880.0,5291,404404.0,620515.0
1604361600000,1.4729,1.484,1.4062,1.4118,983165,1604447999999,1417470.0,6306,408888.0,590290.0
1604448000000,1.4123,1.4144,1.2733,1.3912,2560524,1604534399999,3469940.0,12910,1263590.0,1712210.0
1604534400000,1.3895,1.4928,1.3,1.4007,1598493,1604620799999,2248170.0,10773,778161.0,1095820.0
1604620800000,1.403,1.9482,1.3946,1.9,3846547,1604707199999,6594070.0,25259,2095410.0,3593150.0
1604707200000,1.9069,2.4975,1.8276,2.0215,8862611,1604793599999,18925500.0,68805,4670820.0,9999040.0
1604793600000,2.0264,2.2825,1.9608,2.1558,4800346,1604879999999,10113500.0,35673,2460790.0,5192220.0
1604880000000,2.1515,2.1991,1.9456,2.0299,3050444,1604966399999,6301470.0,23122,1507070.0,3119490.0
1604966400000,2.0383,2.3257,2.008,2.2661,2119423,1605052799999,4643500.0,16744,1138160.0,2494660.0
1605052800000,2.2665,2.3,1.9673,2.0,1863686,1605139199999,3969960.0,15371,815225.0,1739080.0
1605139200000,2.0,2.06,1.825,1.9089,1522311,1605225599999,2966670.0,11688,680735.0,1329460.0
1605225600000,1.9089,2.0808,1.8997,2.0141,1595684,1605311999999,3182610.0,11304,803037.0,1601670.0
1605312000000,2.0222,2.0374,1.869,1.9182,1191847,1605398399999,2317160.0,9435,521401.0,1014130.0
1605398400000,1.9204,2.218,1.9133,2.0407,3348186,1605484799999,7009330.0,37547,1742200.0,3651630.0
1605484800000,2.039,2.37,1.9858,2.2626,3192030,1605571199999,7162130.0,37939,1704890.0,3834380.0
1605571200000,2.2665,2.33,2.125,2.1998,2311121,1605657599999,5142150.0,29860,1128080.0,2511940.0
1605657600000,2.1962,2.2173,2.0001,2.1153,2054379,1605743999999,4318170.0,24685,921238.0,1937610.0
1605744000000,2.1122,2.1848,2.0136,2.085,1391862,1605830399999,2921100.0,18220,692710.0,1453700.0
1605830400000,2.0841,2.2387,2.0521,2.1033,1589415,1605916799999,3421570.0,21247,757222.0,1630730.0
1605916800000,2.0999,2.51,2.0351,2.3822,2963490,1606003199999,6792950.0,39232,1571900.0,3611540.0
1606003200000,2.3825,2.4201,2.04,2.1514,2448127,1606089599999,5384100.0,33994,1119240.0,2469790.0
1606089600000,2.161,2.3635,2.112,2.2786,2094161,1606175999999,4728020.0,30597,1054920.0,2386970.0
1606176000000,2.2786,2.4731,2.1338,2.2823,3534792,1606262399999,8099790.0,48091,1810100.0,4159510.0
1606262400000,2.2795,2.49,2.1703,2.2661,3597682,1606348799999,8395020.0,49027,1797580.0,4195020.0
1606348800000,2.2653,2.3101,1.7212,1.9111,6803275,1606435199999,13120800.0,65661,3149150.0,6060010.0
1606435200000,1.9117,2.04,1.7694,1.861,1802241,1606521599999,3400280.0,26159,918887.0,1737440.0
1606521600000,1.8644,1.94,1.8016,1.8868,1381391,1606607999999,2587760.0,19596,673741.0,1260760.0
1606608000000,1.8858,1.947,1.85,1.9153,862712,1606694399999,1640190.0,12732,402962.0,765176.0
1606694400000,1.9184,2.0182,1.9034,1.9665,1094620,1606780799999,2153820.0,16484,529329.0,1041630.0
1606780800000,1.9641,2.1404,1.9168,1.9738,2102912,1606867199999,4264960.0,28459,945313.0,1919070.0
1606867200000,1.9702,2.2098,1.9333,2.1209,2203748,1606953599999,4622520.0,30536,1145170.0,2405450.0
1606953600000,2.119,2.2279,2.074,2.0967,3182362,1607039999999,6879030.0,35011,1593560.0,3450280.0
1607040000000,2.0967,2.1123,1.836,1.8535,1424943,1607126399999,2831580.0,22048,544808.0,1083720.0
1607126400000,1.8507,1.983,1.82,1.9795,1087998,1607212799999,2064360.0,16814,526603.0,999686.0
1607212800000,1.9795,1.9907,1.7956,1.8505,1125736,1607299199999,2103760.0,15434,551205.0,1030210.0
1607299200000,1.8515,1.899,1.8088,1.8272,962744,1607385599999,1782240.0,10812,492103.0,912130.0
1607385600000,1.8301,1.8301,1.6211,1.6631,2296666,1607471999999,3952990.0,24540,1167640.0,2008630.0
1607472000000,1.66,1.6777,1.5,1.6592,2093499,1607558399999,3356720.0,21966,901841.0,1447640.0
1607558400000,1.6599,1.6664,1.5395,1.5683,1061426,1607644799999,1690560.0,13882,504168.0,802192.0
1607644800000,1.5739,1.5774,1.4328,1.4389,1429081,1607731199999,2118550.0,18371,671569.0,994477.0
1607731200000,1.4368,1.5382,1.4366,1.4912,1423641,1607817599999,2138970.0,18488,621219.0,932276.0
1607817600000,1.4909,1.7,1.4578,1.5701,1749534,1607903999999,2750610.0,21708,810045.0,1275660.0
1607904000000,1.5651,1.6253,1.5224,1.5946,1503571,1607990399999,2364780.0,19860,738744.0,1163920.0
1607990400000,1.594,1.8039,1.5875,1.7586,3562069,1608076799999,6137280.0,42721,1797560.0,3093000.0
1608076800000,1.7577,1.7919,1.6025,1.7829,3098111,1608163199999,5244160.0,34965,1433510.0,2428120.0
1608163200000,1.78,1.8064,1.6382,1.68,2528060,1608249599999,4361520.0,32457,1199900.0,2072020.0
1608249600000,1.6769,1.7077,1.6307,1.7014,1127224,1608335999999,1881530.0,17837,507627.0,847601.0
1608336000000,1.6987,1.7677,1.6595,1.6707,1332108,1608422399999,2284720.0,16842,640690.0,1099700.0
1608422400000,1.6706,1.6889,1.521,1.5635,1368278,1608508799999,2205360.0,17088,612718.0,987715.0
1608508800000,1.5605,1.62,1.49,1.5331,1265978,1608595199999,1962930.0,16182,625255.0,970772.0
1608595200000,1.5354,1.5799,1.47,1.49,2035459,1608681599999,3101990.0,25013,985835.0,1506330.0
1608681600000,1.49,1.5126,1.0301,1.198,4351556,1608767999999,5671450.0,41795,1910920.0,2477180.0
1608768000000,1.1987,1.3888,1.1652,1.3612,1784967,1608854399999,2284840.0,25172,901826.0,1154670.0
1608854400000,1.3641,1.4599,1.3417,1.4464,1391333,1608940799999,1960790.0,19273,654485.0,923164.0
1608940800000,1.4488,1.4497,1.3118,1.3258,912192,1609027199999,1249350.0,14371,432673.0,593175.0
1609027200000,1.324,1.417,1.2616,1.3037,2170898,1609113599999,2890460.0,30907,1053050.0,1404680.0
1609113600000,1.3041,1.5223,1.2867,1.5172,2158621,1609199999999,3054830.0,29820,1148120.0,1628260.0
1609200000000,1.5187,1.735,1.4388,1.6704,4870105,1609286399999,7729610.0,62766,2455410.0,3901040.0
1609286400000,1.6734,1.6903,1.5235,1.535,2171296,1609372799999,3448580.0,31800,1106240.0,1757030.0
1609372800000,1.5337,1.5523,1.42,1.5073,2169627,1609459199999,3244560.0,28938,1044000.0,1562140.0
1609459200000,1.5088,1.86,1.499,1.8421,4421991,1609545599999,7454790.0,55297,2245800.0,3786560.0
1609545600000,1.8421,2.0,1.7116,1.7999,5253820,1609631999999,9557980.0,66430,2823440.0,5138510.0
1609632000000,1.7998,2.38,1.7973,2.1779,8318341,1609718399999,17482700.0,113481,4234770.0,8925290.0
1609718400000,2.1789,2.4989,1.86,2.4909,7800815,1609804799999,17263500.0,122009,4012880.0,8935780.0
1609804800000,2.4911,2.5093,2.0621,2.1636,6702007,1609891199999,15133600.0,102299,3156690.0,7157810.0
1609891200000,2.1636,2.189,1.9017,1.9414,8451529,1609977599999,17221700.0,88678,3594070.0,7342480.0
1609977600000,1.9404,2.65,1.9214,2.3635,30861006,1610063999999,70874300.0,271878,16442200.0,37873800.0
1610064000000,2.3655,3.8,2.175,3.2214,29866397,1610150399999,88937200.0,221673,15326100.0,45285900.0
1610150400000,3.212,3.6998,2.93,3.3829,9881189,1610236799999,32398800.0,109729,5107950.0,16773600.0
1610236800000,3.3734,3.7517,3.1556,3.449,5819814,1610323199999,19820100.0,70395,2974380.0,10115500.0
1610323200000,3.4455,3.5282,2.5795,3.1016,8755693,1610409599999,26127400.0,93075,4464490.0,13367800.0
1610409600000,3.1016,3.88,3.058,3.6354,7075912,1610495999999,24684800.0,155651,3589660.0,12527200.0
1610496000000,3.6354,3.637,3.2633,3.5242,5123656,1610582399999,17689400.0,99621,2399230.0,8278210.0
1610582400000,3.5243,3.5955,3.1814,3.2921,6422110,1610668799999,21634400.0,96919,2874540.0,9683990.0
1610668800000,3.2921,3.4489,2.9618,3.2475,4812543,1610755199999,15747500.0,74648,2344210.0,7689690.0
1610755200000,3.2479,3.7081,3.2463,3.4247,8562550,1610841599999,29411700.0,124687,4373090.0,15056000.0
1610841600000,3.4251,3.9876,3.3,3.8268,8531900,1610927999999,31265700.0,105174,4130510.0,15196200.0
1610928000000,3.8243,4.17,3.6167,3.7868,6226925,1611014399999,24245000.0,78131,3026180.0,11790400.0
1611014400000,3.7873,4.0498,3.6,3.6287,4768720,1611100799999,18206600.0,64919,2296600.0,8774320.0
1611100800000,3.6288,3.7413,3.34,3.7166,4801640,1611187199999,17069800.0,74604,1932020.0,6889070.0
1611187200000,3.7199,3.7411,2.9717,2.9899,4385839,1611273599999,14737100.0,60540,1969560.0,6631080.0
1611273600000,2.9893,3.4992,2.5295,3.3352,6481503,1611359999999,20052800.0,83968,3116220.0,9669580.0
1611360000000,3.3302,3.6,3.3056,3.5079,2269455,1611446399999,7924850.0,33884,1215670.0,4248640.0
1611446400000,3.5018,3.79,3.4781,3.6278,2457760,1611532799999,8934610.0,32628,1200050.0,4371310.0
1611532800000,3.6287,3.9928,3.4398,3.7038,6791542,1611619199999,24998000.0,82263,3317740.0,12228200.0
1611619200000,3.7036,4.097,3.6478,4.041,6618304,1611705599999,25778100.0,75426,3482540.0,13582100.0
1611705600000,4.0418,4.0422,3.5114,3.675,2491758,1611791999999,9309020.0,38794,1151710.0,4306100.0
1611792000000,3.664,3.96,3.6,3.81,2055425,1611878399999,7853440.0,33822,1055600.0,4037850.0
1611878400000,3.8092,3.912,3.6,3.8293,2992169,1611964799999,11255400.0,42872,1516020.0,5705750.0
1611964800000,3.8301,4.3179,3.7667,4.228,3944655,1612051199999,15975700.0,61647,2127340.0,8615900.0
1612051200000,4.228,4.805,4.154,4.2525,5438870,1612137599999,24123900.0,94648,2812950.0,12497100.0
1612137600000,4.2568,4.617,4.1075,4.6148,2097052,1612223999999,9013960.0,43670,1011020.0,4351780.0
1612224000000,4.6148,5.4026,4.4632,5.2331,5278923,1612310399999,26689700.0,107720,2753210.0,13896100.0
1612310400000,5.243,5.783,5.0513,5.7311,3977459,1612396799999,21574200.0,79473,2105070.0,11426000.0
1612396800000,5.7339,6.5426,5.5676,6.4085,5609382,1612483199999,33394600.0,102732,2314300.0,13795500.0
1612483200000,6.4181,7.1438,6.4086,6.7005,4235525,1612569599999,28683200.0,95696,2243650.0,15188200.0
1612569600000,6.7001,6.8181,5.7,6.1225,5040208,1612655999999,30867000.0,112912,2300330.0,14107300.0
1612656000000,6.1219,6.8807,5.75,6.6976,5111067,1612742399999,32805000.0,100168,2688850.0,17292700.0
1612742400000,6.6931,8.078,6.4554,7.855,6719151,1612828799999,49942100.0,119254,3375780.0,25078900.0
1612828800000,7.8651,8.4945,7.55,7.8005,4803489,1612915199999,38293800.0,92202,2515180.0,20094500.0
1612915200000,7.8005,9.09,7.26,9.09,4419422,1613001599999,36539900.0,103167,2276920.0,18846000.0
1613001600000,9.0897,9.7425,8.72,9.2004,5694879,1613087999999,52588000.0,123562,2734760.0,25254900.0
1613088000000,9.2058,9.93,9.0353,9.2,2867259,1613174399999,27168200.0,74162,1373930.0,13023400.0
1613174400000,9.2007,9.5117,8.658,8.7441,3487479,1613260799999,31507600.0,80835,1544050.0,13974100.0
1613260800000,8.7448,9.23,8.5293,8.7158,2889949,1613347199999,25413200.0,72201,1338150.0,11766500.0
1613347200000,8.7234,9.38,7.7,8.8516,3424896,1613433599999,29417100.0,74311,1674730.0,14428100.0
1613433600000,8.866,9.0,7.9601,8.3002,2257218,1613519999999,19153000.0,49157,1033560.0,8772330.0
1613520000000,8.3035,8.45,7.5182,8.2357,3331645,1613606399999,26819100.0,71460,1361490.0,10948700.0
1613606400000,8.2412,9.32,8.23,8.9771,2479859,1613692799999,21998200.0,63813,1190010.0,10547500.0
1613692800000,8.988,11.85,8.5257,11.4912,7106323,1613779199999,72459300.0,170333,3382310.0,34635500.0
1613779200000,11.4845,11.8327,9.754,9.9869,4731324,1613865599999,50508000.0,110824,2350230.0,25151900.0
1613865600000,9.9849,11.6707,9.8101,11.0753,3694265,1613951999999,39855300.0,92042,1857030.0,20052200.0
1613952000000,11.0738,14.8,9.1,14.4191,14711671,1614038399999,169939000.0,307004,7451300.0,85805800.0
1614038400000,14.4176,15.8888,11.47,15.2244,24306321,1614124799999,343036000.0,548657,11887300.0,167776000.0
1614124800000,15.2389,18.2052,14.7917,17.1691,10777545,1614211199999,177957000.0,248041,5595240.0,92461300.0
1614211200000,17.1745,17.69,13.6579,13.8442,9520374,1614297599999,151276000.0,210627,4851020.0,77197200.0
1614297600000,13.8565,15.5083,13.1,13.5962,8029513,1614383999999,113367000.0,188509,3969930.0,56090600.0
1614384000000,13.5864,14.8359,13.01,13.1916,6232463,1614470399999,86421900.0,166289,3090810.0,42877800.0
1614470400000,13.1853,13.7739,11.417,13.0887,7231345,1614556799999,90254900.0,181689,3640190.0,45427100.0
1614556800000,13.08,15.5469,13.0102,14.9855,5511248,1614643199999,80299300.0,155523,2825770.0,41172000.0
1614643200000,14.9989,15.25,13.3544,13.9438,4128426,1614729599999,58918600.0,111524,2083810.0,29627000.0
1614729600000,13.9546,14.738,13.7018,14.0742,3277328,1614815999999,46641800.0,96740,1609660.0,22905800.0
1614816000000,14.0936,14.2737,12.736,13.0508,2764372,1614902399999,37143600.0,75817,1365820.0,18333200.0
1614902400000,13.0649,13.0992,12.1251,12.5382,2069391,1614988799999,25992600.0,58681,1009370.0,12692000.0
1614988800000,12.5507,13.31,11.9,13.0421,3061674,1615075199999,38311000.0,89887,1441560.0,18052300.0
1615075200000,13.0443,14.014,12.7049,13.8174,2999418,1615161599999,40433900.0,85302,1313490.0,17694100.0
1615161600000,13.8174,13.906,12.996,13.6028,2116685,1615247999999,28420100.0,63521,1082180.0,14530500.0
1615248000000,13.608,14.9921,13.1985,14.839,2594491,1615334399999,36980200.0,73810,1245910.0,17786500.0
1615334400000,14.85,15.2118,14.0525,14.2048,1943926,1615420799999,28288700.0,60520,1029290.0,14987700.0
1615420800000,14.2011,16.3222,13.67,16.031,4125743,1615507199999,61653800.0,103981,2036850.0,30482900.0
1615507200000,16.0519,16.5,14.0803,14.5597,3678388,1615593599999,56522600.0,110363,1817300.0,27974200.0
1615593600000,14.5532,15.4072,13.8439,15.3033,2632320,1615679999999,38570700.0,74627,1275400.0,18719200.0
1615680000000,15.2902,15.376,14.3399,14.4605,1750245,1615766399999,25744000.0,57342,914537.0,13455100.0
1615766400000,14.461,14.8214,13.6179,14.1577,2020950,1615852799999,28644000.0,63118,950870.0,13481900.0
1615852800000,14.1586,14.2933,13.1389,13.6392,2501657,1615939199999,34213700.0,74993,1171250.0,16027100.0
1615939200000,13.6379,14.2685,13.0326,14.2018,1703007,1616025599999,23249800.0,56596,860461.0,11743800.0
1616025600000,14.1987,14.75,13.957,14.204,1576672,1616111999999,22525400.0,53867,785244.0,11216700.0
1616112000000,14.2153,14.4883,13.8554,14.1552,1461762,1616198399999,20715800.0,46881,711715.0,10087100.0
1616198400000,14.1588,14.9793,14.09,14.1894,1393210,1616284799999,20257700.0,52559,714845.0,10401000.0
1616284800000,14.1788,14.3636,13.638,14.3372,1191851,1616371199999,16710900.0,43656,576591.0,8085620.0
1616371200000,14.3372,16.59,14.1697,14.7964,5102992,1616457599999,80202300.0,157441,2349520.0,36910200.0
1616457600000,14.7962,15.227,14.0146,14.1552,2004427,1616543999999,29200900.0,62202,957234.0,13953500.0
1616544000000,14.1433,15.3719,13.5842,13.5973,2317340,1616630399999,33720000.0,76944,1117960.0,16276600.0
1616630400000,13.5844,13.7329,12.47,12.9787,2292323,1616716799999,30105500.0,71423,1165760.0,15303500.0
1616716800000,12.9789,14.7921,12.3043,14.7664,2972282,1616803199999,40946300.0,94547,1368440.0,18848100.0
1616803200000,14.7751,16.8,14.7173,16.4589,4053894,1616889599999,63898900.0,116137,2005990.0,31654100.0
1616889600000,16.4516,19.38,16.3049,18.0645,7200727,1616975999999,131121000.0,218108,3682080.0,67101600.0
1616976000000,18.0645,19.0,17.6439,18.9504,3064382,1617062399999,56347900.0,101831,1499830.0,27598500.0
1617062400000,18.9504,20.87,18.9105,19.0685,3808354,1617148799999,75587300.0,124415,1911940.0,37934800.0
1617148800000,19.0645,19.8154,18.0,19.3861,2784733,1617235199999,53121300.0,97083,1371850.0,26180800.0
1617235200000,19.3818,20.3583,18.7433,19.0443,2230609,1617321599999,43548200.0,75608,1021180.0,19975100.0
1617321600000,19.0443,19.8003,18.345,19.7501,1773301,1617407999999,33917400.0,61912,799075.0,15291300.0
1617408000000,19.7513,23.8476,19.7228,22.5,6266320,1617494399999,137391000.0,209602,2980330.0,65304000.0
1617494400000,22.4672,25.5309,21.9867,23.7755,5274540,1617580799999,126162000.0,193109,2767340.0,66134200.0
1617580800000,23.7755,24.78,22.7664,22.9717,2821214,1617667199999,66850400.0,112164,1369780.0,32500200.0
1617667200000,22.9876,25.3,21.7554,25.0548,3326493,1617753599999,78333300.0,141766,1671250.0,39489000.0
1617753600000,25.0548,27.5203,22.9078,26.5385,7815659,1617839999999,201814000.0,296563,4302400.0,111384000.0
1617840000000,26.537,27.9951,25.6431,26.9384,4209554,1617926399999,112560000.0,170594,2208400.0,59082900.0
1617926400000,26.9261,29.0,26.7097,27.6172,3037133,1618012799999,85351800.0,144968,1584720.0,44516800.0
1618012800000,27.6194,28.2948,25.9017,26.8021,2705997,1618099199999,73911300.0,132263,1394040.0,38120700.0
1618099200000,26.7993,28.649,25.5131,27.8517,2517686,1618185599999,67836800.0,126583,1261630.0,33996500.0
1618185600000,27.8598,29.9295,26.8049,28.5424,2842013,1618271999999,80542400.0,149081,1384790.0,39306800.0
1618272000000,28.5266,28.8162,26.2616,27.4507,2275774,1618358399999,62367200.0,114743,1125010.0,30847900.0
1618358400000,27.4571,27.5613,24.7,26.4067,3623963,1618444799999,94840100.0,165111,1733510.0,45381000.0
1618444800000,26.4182,28.2,25.4479,27.7816,2146654,1618531199999,57745400.0,113692,1070370.0,28834500.0
1618531200000,27.7946,28.2571,24.8547,25.2996,2673912,1618617599999,70603900.0,125994,1309290.0,34496100.0
1618617600000,25.2926,26.7914,24.8181,24.85,2442737,1618703999999,63172000.0,113942,1127140.0,29187300.0
1618704000000,24.8517,32.99,21.1,32.3358,11699397,1618790399999,322873000.0,560886,5597780.0,155415000.0
1618790400000,32.3324,36.095,29.8066,31.4711,12075271,1618876799999,395021000.0,599790,6073790.0,199283000.0
1618876800000,31.5303,32.8,28.81,31.7028,7036101,1618963199999,216033000.0,319269,3351720.0,102818000.0
1618963200000,31.6939,35.1801,30.1101,32.5534,6573327,1619049599999,215428000.0,343021,3117170.0,102369000.0
1619049600000,32.5965,41.1587,31.4586,38.9,14017531,1619135999999,522707000.0,709708,6996620.0,261095000.0
1619136000000,38.8718,41.74,31.4936,37.3893,14705148,1619222399999,523364000.0,617636,7135810.0,254488000.0
1619222400000,37.3018,43.6397,34.5861,40.8401,9722785,1619308799999,378538000.0,510976,4943900.0,192740000.0
1619308800000,40.8525,48.644,40.572,47.405,11964754,1619395199999,530145000.0,701331,6029840.0,267170000.0
1619395200000,47.395,48.499,43.267,43.878,11079171,1619481599999,510656000.0,697927,5637510.0,259812000.0
1619481600000,43.884,46.606,42.5,43.147,7101849,1619567999999,315533000.0,487171,3636890.0,161606000.0
1619568000000,43.147,46.962,40.516,44.833,7855066,1619654399999,347808000.0,560767,3943050.0,174855000.0
1619654400000,44.831,46.233,40.906,42.484,5805381,1619740799999,251627000.0,416105,2830860.0,122910000.0
1619740800000,42.452,44.313,41.21,42.786,3302673,1619827199999,141789000.0,258432,1602970.0,68855800.0
1619827200000,42.786,49.88,42.001,49.67,5804048,1619913599999,267046000.0,476481,3055460.0,140650000.0
1619913600000,49.646,49.99,45.904,46.897,3794411,1619999999999,179774000.0,321216,1827340.0,86654900.0
1620000000000,46.926,49.0,44.774,45.912,3686007,1620086399999,174276000.0,313751,1808320.0,85607600.0
1620086400000,45.935,47.81,42.26,42.636,4180557,1620172799999,188277000.0,342455,1975190.0,89064600.0
1620172800000,42.636,46.0,42.305,44.98,2772822,1620259199999,123635000.0,229512,1349770.0,60173900.0
1620259200000,44.965,44.98,42.55,43.496,2337263,1620345599999,102163000.0,178097,1105860.0,48354700.0
1620345600000,43.496,46.243,41.42,43.182,3259646,1620431999999,141988000.0,282796,1705960.0,74303600.0
1620432000000,43.154,46.65,42.275,45.612,2539093,1620518399999,112806000.0,227222,1276820.0,56802500.0
1620518400000,45.632,47.15,42.6,44.33,3095019,1620604799999,138871000.0,253642,1475200.0,66255100.0
1620604800000,44.33,45.89,39.0,42.854,2869549,1620691199999,124756000.0,252549,1355700.0,58952400.0
1620691200000,42.868,45.18,39.7,44.538,2758408,1620777599999,115629000.0,238856,1380010.0,57925800.0
1620777600000,44.579,49.243,42.18,43.709,7592760,1620863999999,348904000.0,579441,3770440.0,173547000.0
1620864000000,43.394,45.501,37.43,41.049,7162647,1620950399999,299310000.0,497211,3564810.0,149337000.0
1620950400000,41.051,44.897,39.901,42.7,3421838,1621036799999,144598000.0,254778,1714760.0,72472700.0
1621036800000,42.697,45.5,39.305,43.486,3357109,1621123199999,140532000.0,279668,1686280.0,70812300.0
1621123200000,43.462,52.6,41.602,46.85,13162867,1621209599999,619839000.0,900493,6710860.0,316399000.0
1621209600000,46.85,51.985,43.01,46.708,13839076,1621295999999,670058000.0,909050,6849410.0,331732000.0
1621296000000,46.747,58.38,46.051,55.977,12538547,1621382399999,665411000.0,867912,6533920.0,346235000.0
1621382400000,55.969,57.691,26.5,34.988,22259968,1621468799999,985528000.0,1402768,10763300.0,477696000.0
1621468800000,34.987,53.0,32.0,44.42,17869806,1621555199999,772138000.0,1040786,9149700.0,395872000.0
1621555200000,44.367,47.7,33.673,38.925,13740701,1621641599999,555355000.0,827866,6712870.0,271671000.0
1621641600000,38.925,40.0,31.134,31.222,10122098,1621727999999,359704000.0,651683,4941740.0,175687000.0
1621728000000,31.222,32.4,19.117,24.536,25787151,1621814399999,632116000.0,1266144,12844200.0,313918000.0
1621814400000,24.53,32.19,24.496,31.416,15414302,1621900799999,443930000.0,771534,7847440.0,226239000.0
1621900800000,31.42,33.195,25.915,29.973,10300934,1621987199999,298415000.0,577950,5045450.0,146243000.0
1621987200000,29.985,37.25,28.858,35.43,10601343,1622073599999,358243000.0,656660,5482320.0,185066000.0
1622073600000,35.427,35.594,30.976,33.747,5698855,1622159999999,191966000.0,369106,2770870.0,93400100.0
1622160000000,33.761,34.551,28.0,28.989,6370727,1622246399999,194318000.0,361849,3073370.0,93720600.0
1622246400000,28.993,30.066,25.7,27.388,3911550,1622332799999,109363000.0,213125,1863840.0,52159300.0
1622332800000,27.407,29.781,25.586,28.588,3964241,1622419199999,111975000.0,204751,1972930.0,55649200.0
1622419200000,28.573,33.014,27.489,32.75,5173286,1622505599999,160794000.0,301346,2655870.0,82639700.0
1622505600000,32.759,33.285,29.852,30.938,4046865,1622591999999,127601000.0,244478,2008340.0,63385100.0
1622592000000,30.931,35.129,30.402,33.994,4549289,1622678399999,150880000.0,257770,2319050.0,76859000.0
1622678400000,33.994,41.523,33.736,39.602,7862225,1622764799999,299416000.0,502187,3877580.0,147605000.0
1622764800000,39.599,39.737,34.187,37.338,8825816,1622851199999,328451000.0,583340,4244870.0,158126000.0
1622851200000,37.356,42.787,36.982,39.633,8654823,1622937599999,349869000.0,626772,4355410.0,176119000.0
1622937600000,39.663,43.4,38.912,42.205,6151664,1623023999999,254022000.0,396217,3100370.0,128135000.0
1623024000000,42.2,44.2,37.8,38.235,8050031,1623110399999,337872000.0,532459,3887200.0,163241000.0
1623110400000,38.2,42.596,33.6,41.245,16902545,1623196799999,635390000.0,963195,8420480.0,316830000.0
1623196800000,41.245,44.0,39.291,42.032,10764253,1623283199999,454087000.0,731919,5580750.0,235600000.0
1623283200000,42.032,43.097,39.459,41.105,5155108,1623369599999,213330000.0,354655,2536160.0,105006000.0
1623369600000,41.091,41.376,35.074,36.157,4760990,1623455999999,182294000.0,311982,2244030.0,86038100.0
1623456000000,36.131,37.64,34.1,36.476,5196243,1623542399999,187288000.0,312291,2562440.0,92435000.0
1623542400000,36.492,39.442,34.72,38.706,4063329,1623628799999,150203000.0,266808,2053250.0,75967000.0
1623628800000,38.713,40.561,36.627,39.694,4590144,1623715199999,177058000.0,322569,2240840.0,86453800.0
1623715200000,39.7,41.741,39.154,39.536,3726000,1623801599999,150827000.0,278396,1806700.0,73183500.0
1623801600000,39.513,41.75,37.455,39.728,5055332,1623887999999,199447000.0,370363,2489840.0,98265700.0
1623888000000,39.73,41.264,38.211,39.265,3274622,1623974399999,130590000.0,240293,1600650.0,63838300.0
1623974400000,39.259,39.502,34.898,36.82,3777139,1624060799999,139854000.0,220838,1827560.0,67619800.0
1624060800000,36.802,37.318,34.901,35.19,2216638,1624147199999,79787600.0,144081,1071750.0,38583000.0
1624147200000,35.195,35.949,31.3,35.257,3938822,1624233599999,133260000.0,272007,1881790.0,63725500.0
1624233600000,35.248,35.499,25.925,26.59,8213917,1624319999999,246501000.0,471372,3964550.0,119142000.0
1624320000000,26.597,28.813,20.187,26.958,15788826,1624406399999,393753000.0,745380,7863720.0,196552000.0
1624406400000,26.957,32.9,25.626,30.837,11966311,1624492799999,360070000.0,581052,5875070.0,176902000.0
1624492800000,30.835,33.0,28.481,31.141,7214093,1624579199999,221086000.0,347281,3614180.0,110834000.0
1624579200000,31.144,32.989,27.949,28.641,7293143,1624665599999,219889000.0,363124,3549950.0,107098000.0
1624665600000,28.619,30.181,26.659,29.698,6492984,1624751999999,183566000.0,285933,3218550.0,91039700.0
1624752000000,29.691,31.95,29.186,31.897,5851212,1624838399999,178035000.0,286416,3109380.0,94676400.0
1624838400000,31.883,34.34,30.961,33.001,4996728,1624924799999,162523000.0,280145,2498470.0,81335900.0
1624924800000,33.018,35.837,32.665,33.97,4476286,1625011199999,154213000.0,276281,2173720.0,74904600.0
1625011200000,33.974,36.0,31.555,35.51,5361424,1625097599999,178976000.0,310774,2678280.0,89440400.0
1625097600000,35.51,35.567,32.17,33.271,4488925,1625183999999,151029000.0,263111,2234180.0,75138100.0
1625184000000,33.27,34.217,31.367,34.0,4324198,1625270399999,140908000.0,220159,2219080.0,72272800.0
1625270400000,34.001,35.406,33.217,34.498,3063406,1625356799999,105690000.0,177709,1507190.0,52002200.0
1625356800000,34.497,35.531,33.533,34.28,2972213,1625443199999,103429000.0,175443,1565030.0,54477600.0
1625443200000,34.278,34.49,32.37,32.908,3008984,1625529599999,100655000.0,162015,1565800.0,52355700.0
1625529600000,32.908,35.041,32.883,34.226,3289698,1625615999999,111419000.0,184809,1696070.0,57429400.0
1625616000000,34.221,38.1,33.82,36.673,4609259,1625702399999,167269000.0,315663,2317110.0,84025200.0
1625702400000,36.667,36.934,32.654,33.142,4495023,1625788799999,156945000.0,248044,2194490.0,76693100.0
1625788800000,33.134,34.46,31.976,33.315,2810264,1625875199999,93430700.0,153484,1438690.0,47854600.0
1625875200000,33.315,34.215,31.025,31.693,2838075,1625961599999,92460600.0,153306,1406000.0,45848000.0
1625961600000,31.716,32.568,31.3,32.182,1944816,1626047999999,62238900.0,104563,906171.0,29017500.0
1626048000000,32.173,32.696,30.011,30.77,2251239,1626134399999,70408700.0,131789,1065840.0,33336700.0
1626134400000,30.77,31.096,28.81,29.136,1837132,1626220799999,54860400.0,113493,901167.0,26930000.0
1626220800000,29.154,31.5,27.363,31.365,3434185,1626307199999,101601000.0,189105,1723680.0,50953000.0
1626307200000,31.365,31.485,27.975,28.545,3643012,1626393599999,107745000.0,277654,1811100.0,53528000.0
1626393600000,28.562,29.478,26.196,26.271,2923576,1626479999999,81405800.0,163500,1468400.0,40947500.0
1626480000000,26.269,27.836,25.979,26.802,2122389,1626566399999,56460700.0,111395,1046550.0,27860900.0
1626566400000,26.789,27.756,26.233,26.673,1727602,1626652799999,46674400.0,88722,843289.0,22787100.0
1626652800000,26.679,26.71,23.975,24.509,3131178,1626739199999,78158700.0,147156,1449140.0,36168100.0
1626739200000,24.524,24.982,22.1,23.474,3555429,1626825599999,82758700.0,160712,1697700.0,39529200.0
1626825600000,23.484,27.461,22.8,26.7,4561993,1626911999999,116863000.0,243848,2302840.0,58965400.0
1626912000000,26.706,28.17,25.91,27.699,2643783,1626998399999,71691200.0,161799,1358310.0,36862500.0
1626998400000,27.7,28.713,26.385,28.516,3040520,1627084799999,83834600.0,173337,1609730.0,44375700.0
1627084800000,28.53,29.548,28.013,28.616,2678109,1627171199999,77044300.0,177805,1269760.0,36536000.0
1627171200000,28.626,28.898,26.5,28.248,2350992,1627257599999,65090400.0,149087,1150010.0,31818600.0
1627257600000,28.247,31.115,27.83,28.184,6221692,1627343999999,185071000.0,372668,3184200.0,94810100.0
1627344000000,28.183,28.95,26.893,28.103,3008375,1627430399999,83973800.0,163548,1535680.0,42902700.0
1627430400000,28.119,28.76,27.354,27.875,2329902,1627516799999,65388600.0,146025,1136150.0,31901100.0
1627516800000,27.891,31.888,27.319,31.235,3692050,1627603199999,110419000.0,252230,1786830.0,53246000.0
1627603200000,31.238,33.084,29.91,32.354,4970660,1627689599999,156366000.0,330552,2482980.0,78041300.0
1627689600000,32.354,37.004,31.653,36.744,4320146,1627775999999,146907000.0,344714,2255080.0,76744100.0
1627776000000,36.742,36.822,33.165,34.165,3490975,1627862399999,123483000.0,263547,1675570.0,59308300.0
1627862400000,34.178,35.95,33.0,33.167,3105881,1627948799999,106104000.0,231008,1708000.0,58318900.0
1627948800000,33.177,35.9,32.327,34.105,3490192,1628035199999,119580000.0,258744,1668040.0,57144600.0
1628035200000,34.094,36.658,33.236,35.76,2847839,1628121599999,99340900.0,228451,1453250.0,50684700.0
1628121600000,35.757,38.267,35.5,37.353,4059371,1628207999999,150224000.0,344784,2017480.0,74672600.0
1628208000000,37.354,40.4,35.611,39.525,3951318,1628294399999,151447000.0,314800,1858750.0,71292200.0
1628294400000,39.502,40.5,37.502,39.469,3561768,1628380799999,139250000.0,281258,1935800.0,75613800.0
1628380800000,39.454,39.549,36.896,37.65,2030536,1628467199999,77745600.0,166083,969299.0,37125600.0
1628467200000,37.653,39.999,36.351,38.646,2128199,1628553599999,82127600.0,194058,1034510.0,39951800.0
1628553600000,38.646,41.678,38.183,40.64,2603196,1628639999999,104632000.0,287480,1336470.0,53724400.0
1628640000000,40.639,43.729,40.605,41.621,2512251,1628726399999,106506000.0,297388,1293710.0,54893100.0
1628726400000,41.619,43.401,39.316,41.102,2413664,1628812799999,98924700.0,247558,1169420.0,47953800.0
1628812800000,41.105,44.911,40.668,44.83,2281340,1628899199999,99544500.0,262966,1176400.0,51344100.0
1628899200000,44.859,44.874,42.727,44.14,1548819,1628985599999,67926600.0,169775,745662.0,32721600.0
1628985600000,44.124,54.8,43.361,53.531,6264284,1629071999999,309851000.0,762990,3206350.0,158391000.0
1629072000000,53.515,69.132,52.269,62.016,15014365,1629158399999,947672000.0,1780255,7668420.0,484296000.0
1629158400000,62.042,75.155,58.822,64.123,14953826,1629244799999,1024580000.0,1623203,7577200.0,519454000.0
1629244800000,64.135,80.5,59.722,72.663,15022132,1629331199999,1093260000.0,2024408,7522140.0,547824000.0
1629331200000,72.659,75.436,68.24,72.764,7819222,1629417599999,562302000.0,1229491,3954740.0,284448000.0
1629417600000,72.8,80.0,70.873,78.643,5705077,1629503999999,424719000.0,779153,2912140.0,216735000.0
1629504000000,78.684,82.0,72.6,73.801,5131799,1629590399999,396408000.0,1226816,2549770.0,196930000.0
1629590400000,73.852,77.6,71.244,72.775,2862187,1629676799999,213469000.0,487572,1333710.0,99514200.0
1629676800000,72.751,76.81,71.545,75.623,4150781,1629763199999,306080000.0,562013,2076940.0,153189000.0
1629763200000,75.647,79.45,68.5,70.527,6792636,1629849599999,508985000.0,1023089,3263920.0,244363000.0
1629849600000,70.519,72.83,66.03,71.973,5069065,1629935999999,351841000.0,784266,2671240.0,185161000.0
1629936000000,71.982,78.3,66.2,74.92,6563671,1630022399999,480323000.0,1271220,3225700.0,236060000.0
1630022400000,74.92,88.92,72.55,87.98,8785637,1630108799999,721830000.0,1577400,4407700.0,362421000.0
1630108800000,87.98,97.82,85.59,96.22,5774371,1630195199999,531913000.0,1001622,2898770.0,267078000.0
1630195200000,96.17,97.82,90.3,94.23,4171862,1630281599999,390635000.0,989890,2046340.0,191555000.0
1630281600000,94.23,116.84,93.58,110.25,11109543,1630367999999,1163840000.0,2224836,5745280.0,602251000.0
1630368000000,110.26,130.11,103.06,108.27,16509566,1630454399999,1927600000.0,2871556,8269540.0,967158000.0
1630454400000,108.27,119.72,105.89,110.71,8028304,1630540799999,908135000.0,1369493,4044290.0,457269000.0
1630540800000,110.71,131.96,109.18,128.23,9206853,1630627199999,1113850000.0,1937937,4669260.0,564849000.0
1630627200000,128.2,148.99,128.12,146.4,11927061,1630713599999,1668350000.0,2827164,5975060.0,836192000.0
1630713600000,146.36,150.6,135.73,138.88,6134063,1630799999999,882463000.0,1297714,3010920.0,433551000.0
1630800000000,138.88,144.99,134.74,142.0,4619885,1630886399999,646117000.0,998792,2347060.0,328185000.0
1630886400000,141.98,166.13,136.92,164.22,8435542,1630972799999,1281380000.0,2114286,4352490.0,661459000.0
1630972800000,164.19,195.48,128.01,173.46,24376489,1631059199999,4280550000.0,5674167,12280900.0,2160030000.0
1631059200000,173.49,198.0,146.5,191.02,16666846,1631145599999,2877010000.0,3889956,8412880.0,1453990000.0
1631145600000,191.02,216.0,180.7,187.9,16349678,1631231999999,3302110000.0,4246781,8218650.0,1661860000.0
1631232000000,187.89,197.41,167.82,179.6,9055411,1631318399999,1634480000.0,2133353,4543840.0,820342000.0
1631318400000,179.6,193.51,175.14,179.04,6794663,1631404799999,1248190000.0,1863814,3408600.0,626644000.0
1631404800000,179.05,181.75,170.15,174.29,3661212,1631491199999,647993000.0,866622,1818260.0,321954000.0
1631491200000,174.31,175.0,150.3,169.53,8423839,1631577599999,1356940000.0,1867633,4112050.0,662774000.0
1631577600000,169.54,171.83,142.6,158.88,7981397,1631663999999,1261690000.0,1750566,3913810.0,619561000.0
1631664000000,158.72,166.5,153.69,158.79,6107320,1631750399999,976500000.0,1219649,3065180.0,490232000.0
1631750400000,158.77,163.5,147.35,152.29,4739596,1631836799999,738871000.0,973309,2332910.0,364254000.0
1631836800000,152.3,153.55,134.0,147.58,7629926,1631923199999,1088490000.0,1405718,3745810.0,534793000.0
1631923200000,147.59,171.47,144.1,169.22,8229800,1632009599999,1302870000.0,1801539,4137770.0,655852000.0
1632009600000,169.22,170.96,150.6,152.76,4945800,1632095999999,794444000.0,1012728,2409160.0,387411000.0
1632096000000,152.78,153.43,130.26,132.77,10153369,1632182399999,1432110000.0,1676303,4934430.0,696724000.0
1632182400000,132.77,144.64,116.0,124.29,9608868,1632268799999,1275390000.0,1534105,4679950.0,623584000.0
1632268800000,124.3,151.36,122.1,148.02,7460596,1632355199999,1022900000.0,1378922,3906130.0,535537000.0
1632355200000,148.02,152.5,142.92,149.91,5188933,1632441599999,767818000.0,1103664,2597680.0,384544000.0
1632441600000,149.9,151.2,128.15,139.13,6710404,1632527999999,928759000.0,1174391,3349480.0,463761000.0
1632528000000,139.11,144.18,133.54,136.06,3212733,1632614399999,446899000.0,617634,1627340.0,226376000.0
1632614400000,136.05,140.81,124.8,135.64,4342156,1632700799999,579687000.0,833314,2147300.0,287023000.0
1632700800000,135.7,148.92,133.72,136.35,5195624,1632787199999,740687000.0,1044176,2638890.0,376581000.0
1632787200000,136.34,139.4,128.17,132.2,3899946,1632873599999,521861000.0,701465,1945210.0,260381000.0
1632873600000,132.22,140.17,131.12,135.25,3685498,1632959999999,502381000.0,658913,1825920.0,249108000.0
1632960000000,135.24,142.95,134.02,141.37,3361455,1633046399999,465705000.0,626977,1697950.0,235251000.0
1633046400000,141.38,164.95,138.25,161.56,6742167,1633132799999,1029110000.0,1664714,3586340.0,547770000.0
1633132800000,161.62,175.0,156.06,168.98,5059987,1633219199999,839390000.0,1403494,2567670.0,426212000.0
1633219200000,169.0,177.79,165.58,172.98,4233767,1633305599999,730364000.0,1189557,2099520.0,362487000.0
1633305600000,172.99,173.34,162.0,167.13,4312500,1633391999999,725561000.0,954028,2120590.0,356850000.0
1633392000000,167.13,170.18,159.68,164.62,3378442,1633478399999,559006000.0,745324,1678300.0,277638000.0
1633478400000,164.64,165.42,150.1,153.87,4499162,1633564799999,707202000.0,1048622,2138620.0,336200000.0
1633564800000,153.9,161.42,150.34,154.26,3251377,1633651199999,507033000.0,865347,1617200.0,252297000.0
1633651200000,154.26,168.97,152.39,158.86,3735085,1633737599999,603927000.0,1114726,1854500.0,299916000.0
1633737600000,158.88,161.54,154.18,156.84,1833309,1633823999999,290322000.0,478254,889992.0,141017000.0
1633824000000,156.8,158.5,145.55,147.55,2037896,1633910399999,312056000.0,553853,972392.0,149121000.0
1633910400000,147.56,154.0,140.24,144.77,2211323,1633996799999,326311000.0,530372,1062200.0,156933000.0
1633996800000,144.79,153.5,137.61,152.32,3377483,1634083199999,492108000.0,898270,1682780.0,245305000.0
1634083200000,152.35,155.56,144.28,148.04,2760546,1634169599999,407782000.0,752431,1389520.0,205229000.0
1634169600000,148.05,155.65,147.27,150.02,2654601,1634255999999,401622000.0,630301,1360600.0,205860000.0
1634256000000,150.01,165.75,146.68,163.18,5388612,1634342399999,857073000.0,1688936,2651520.0,421619000.0
1634342400000,163.15,164.8,156.36,157.54,1985242,1634428799999,317764000.0,682954,964984.0,154526000.0
1634428800000,157.54,167.65,153.13,160.12,3070422,1634515199999,496801000.0,1047710,1498330.0,242657000.0
1634515200000,160.11,162.98,154.91,157.12,2240606,1634601599999,354662000.0,602010,1162000.0,183930000.0
1634601600000,157.12,159.45,153.06,155.78,1821550,1634687999999,285107000.0,385961,886891.0,138870000.0
1634688000000,155.77,176.87,155.0,176.72,3884375,1634774399999,648992000.0,1345427,1976150.0,330030000.0
1634774400000,176.72,194.21,176.7,190.5,7853711,1634860799999,1457540000.0,2985763,3929630.0,729569000.0
1634860800000,190.46,215.1,187.96,196.29,8364239,1634947199999,1702780000.0,3250483,4359590.0,887521000.0
1634947200000,196.29,205.78,191.86,197.75,3274703,1635033599999,651764000.0,994023,1594520.0,317448000.0
1635033600000,197.75,204.86,185.22,202.14,3573960,1635119999999,693230000.0,1095862,1776880.0,344977000.0
1635120000000,202.15,218.93,198.0,209.7,4914479,1635206399999,1030730000.0,1799874,2541700.0,533294000.0
1635206400000,209.73,214.2,196.36,199.85,3168707,1635292799999,654486000.0,948990,1524090.0,315087000.0
1635292800000,199.87,205.49,176.94,184.49,5003626,1635379199999,956618000.0,1484329,2363820.0,452301000.0
1635379200000,184.45,201.38,181.64,195.42,3503775,1635465599999,678299000.0,1180034,1755280.0,340074000.0
1635465600000,195.37,205.22,194.45,200.41,2484214,1635551999999,497607000.0,812602,1237790.0,247989000.0
1635552000000,200.36,200.62,187.3,195.7,1609573,1635638399999,313558000.0,543081,754576.0,147038000.0
1635638400000,195.69,205.0,185.31,202.49,2375757,1635724799999,463132000.0,938513,1226420.0,239265000.0
1635724800000,202.53,211.66,197.7,203.9,3150076,1635811199999,645166000.0,1314713,1602890.0,328555000.0
1635811200000,203.91,222.22,200.97,220.82,2876705,1635897599999,605530000.0,1341741,1550570.0,326762000.0
1635897600000,220.81,247.0,215.69,243.37,5253716,1635983999999,1212860000.0,2883050,2721430.0,628783000.0
1635984000000,243.37,250.5,234.0,247.07,3552649,1636070399999,859507000.0,1645008,1797070.0,435185000.0
1636070400000,247.06,248.84,230.34,236.06,2233800,1636156799999,532867000.0,900681,1070780.0,255445000.0
1636156800000,236.04,259.9,234.79,258.44,3046062,1636243199999,753429000.0,1587133,1563350.0,387184000.0
1636243200000,258.41,258.66,245.65,249.68,1923093,1636329599999,484919000.0,744519,903117.0,227809000.0
1636329600000,249.62,253.3,240.68,248.26,2301352,1636415999999,566281000.0,823230,1027040.0,252851000.0
1636416000000,248.27,253.22,237.62,239.04,2217088,1636502399999,541628000.0,800356,943236.0,230491000.0
1636502400000,239.06,248.0,217.5,233.09,3092477,1636588799999,731537000.0,1103380,1431310.0,338836000.0
1636588800000,233.06,246.5,229.4,233.37,1997994,1636675199999,478334000.0,945124,990959.0,237392000.0
1636675200000,233.34,239.09,220.83,228.48,2114721,1636761599999,484151000.0,892715,1027350.0,235296000.0
1636761600000,228.46,241.97,224.79,241.59,1458387,1636847999999,339685000.0,769225,749008.0,174605000.0
1636848000000,241.58,242.0,230.4,238.64,1075145,1636934399999,253873000.0,591553,517051.0,122137000.0
1636934400000,238.63,246.36,234.49,238.2,1921128,1637020799999,463076000.0,818787,962432.0,232019000.0
1637020800000,238.18,238.21,213.81,219.04,2557624,1637107199999,576885000.0,922036,1198430.0,270268000.0
1637107200000,219.09,222.44,209.53,218.94,2094791,1637193599999,451229000.0,714591,1071600.0,230870000.0
1637193600000,218.9,222.78,186.5,195.01,3077800,1637279999999,624208000.0,855574,1480030.0,300090000.0
1637280000000,195.19,219.59,188.99,215.25,2712586,1637366399999,559176000.0,854484,1370250.0,282639000.0
1637366400000,215.25,221.17,205.84,217.63,1560552,1637452799999,334474000.0,549721,786419.0,168617000.0
1637452800000,217.64,240.0,210.53,230.51,1888280,1637539199999,420453000.0,728927,971043.0,216393000.0
1637539200000,230.56,231.99,211.6,215.59,2456704,1637625599999,541317000.0,956575,1211190.0,266909000.0
1637625600000,215.58,226.08,210.91,221.75,1654017,1637711999999,360287000.0,579396,830704.0,181069000.0
1637712000000,221.76,222.47,200.14,205.7,1878173,1637798399999,396609000.0,578989,914179.0,192855000.0
1637798400000,205.76,216.35,201.93,209.97,1764837,1637884799999,370398000.0,577000,886351.0,186037000.0
1637884800000,209.94,210.53,182.7,192.42,2776105,1637971199999,540230000.0,810627,1241560.0,241306000.0
1637971200000,192.37,199.39,190.61,192.74,1028955,1638057599999,201452000.0,367238,500368.0,97998100.0
1638057600000,192.74,202.1,180.93,200.69,1560981,1638143999999,297730000.0,474798,789805.0,150721000.0
1638144000000,200.71,212.75,199.63,204.09,1458764,1638230399999,299902000.0,545238,750271.0,154314000.0
1638230400000,204.1,218.28,199.55,208.53,2176734,1638316799999,457195000.0,733363,1041380.0,218887000.0
1638316800000,208.52,232.63,207.89,229.81,2589478,1638403199999,577829000.0,1057522,1298620.0,289619000.0
1638403200000,229.81,243.12,220.0,233.6,3042713,1638489599999,700072000.0,1248113,1495100.0,344340000.0
1638489600000,233.59,239.37,204.68,211.65,2867134,1638575999999,641505000.0,1049117,1397340.0,312685000.0
1638576000000,211.65,212.62,169.0,200.67,4895759,1638662399999,954138000.0,1532975,2421790.0,472560000.0
1638662400000,200.68,204.51,181.44,196.43,2482292,1638748799999,478707000.0,770294,1248920.0,240978000.0
1638748800000,196.49,197.71,176.17,193.56,2815246,1638835199999,527019000.0,768624,1393530.0,260993000.0
1638835200000,193.57,204.1,187.26,190.19,1939708,1638921599999,381922000.0,534598,981253.0,193336000.0
1638921600000,190.24,196.27,183.5,194.61,1670678,1639007999999,317713000.0,452538,858901.0,163496000.0
1639008000000,194.61,196.6,178.64,181.11,1664934,1639094399999,310244000.0,431652,793969.0,147998000.0
1639094400000,181.08,184.6,167.0,167.39,1862907,1639180799999,328446000.0,480714,906732.0,160015000.0
1639180800000,167.39,173.8,161.33,172.15,1541656,1639267199999,260638000.0,399298,748562.0,126608000.0
1639267200000,172.15,176.85,167.64,172.8,976616,1639353599999,167631000.0,265874,497798.0,85498700.0
1639353600000,172.83,172.83,148.04,155.21,2470232,1639439999999,394240000.0,557560,1164090.0,185804000.0
1639440000000,155.2,163.35,149.6,161.26,2151409,1639526399999,336483000.0,482948,1090000.0,170549000.0
1639526400000,161.25,182.64,156.81,178.52,3328551,1639612799999,563216000.0,838776,1688280.0,286051000.0
1639612800000,178.53,189.0,174.37,176.86,2482901,1639699199999,452932000.0,650522,1319580.0,240923000.0
1639699200000,176.89,182.5,167.88,175.51,2308613,1639785599999,406620000.0,593797,1135290.0,199980000.0
1639785600000,175.48,184.24,170.96,182.78,1218449,1639871999999,217403000.0,351212,599022.0,106938000.0
1639872000000,182.78,189.43,177.99,179.93,1217883,1639958399999,224029000.0,389005,611367.0,112553000.0
1639958400000,179.9,181.18,168.49,173.9,1448186,1640044799999,252805000.0,366776,693432.0,121118000.0
1640044800000,173.9,182.54,170.27,179.63,1302767,1640131199999,232063000.0,368859,650270.0,115867000.0
1640131200000,179.62,187.55,177.05,178.4,1379639,1640217599999,252283000.0,397883,687720.0,125761000.0
1640217600000,178.38,193.5,175.64,190.03,1726907,1640303999999,318109000.0,529807,905198.0,167052000.0
1640304000000,190.08,197.55,184.14,190.36,1657464,1640390399999,316617000.0,514169,852864.0,162990000.0
1640390400000,190.37,195.0,189.08,193.1,1047152,1640476799999,201293000.0,318427,585821.0,112628000.0
1640476800000,193.03,200.59,190.22,197.81,1539530,1640563199999,301974000.0,452500,875746.0,171824000.0
1640563200000,197.85,204.75,194.71,195.67,1218500,1640649599999,243841000.0,411501,599610.0,120104000.0
1640649600000,195.68,195.68,176.2,177.32,1997243,1640735999999,371876000.0,537797,988753.0,184110000.0
1640736000000,177.28,180.62,170.01,170.63,1540604,1640822399999,269858000.0,395718,742155.0,130053000.0
1640822400000,170.65,175.74,168.17,172.52,1022709,1640908799999,176483000.0,267354,511543.0,88270500.0
1640908800000,172.53,177.65,167.67,169.99,1026603,1640995199999,177345000.0,269799,502816.0,86887900.0
1640995200000,170.01,179.2,169.93,179.06,634599,1641081599999,110585000.0,179793,328250.0,57202300.0
1641081600000,179.06,179.53,174.31,176.35,620087,1641167999999,109509000.0,176256,313106.0,55294200.0
1641168000000,176.34,176.49,166.59,170.15,1031316,1641254399999,177240000.0,250131,537424.0,92331400.0
1641254400000,170.14,173.93,166.47,167.72,1041333,1641340799999,176538000.0,264666,507127.0,86029900.0
1641340800000,167.74,171.32,144.92,154.52,1659848,1641427199999,266980000.0,460130,775826.0,125014000.0
1641427200000,154.48,154.8,145.98,150.26,1575071,1641513599999,236312000.0,400706,783017.0,117506000.0
1641513600000,150.28,150.72,133.08,136.45,2719397,1641599999999,380212000.0,624203,1356740.0,189682000.0
1641600000000,136.43,148.11,133.0,142.14,2695416,1641686399999,380842000.0,596637,1333340.0,188360000.0
1641686400000,142.1,145.71,137.83,140.82,1435153,1641772799999,203809000.0,314235,708108.0,100611000.0
1641772800000,140.82,143.86,130.0,135.86,1894513,1641859199999,257485000.0,419461,941802.0,127989000.0
1641859200000,135.84,143.5,133.58,140.2,1328580,1641945599999,184179000.0,294874,655238.0,90779600.0
1641945600000,140.19,153.39,138.22,151.51,1946789,1642031999999,284705000.0,453450,1014400.0,148380000.0
1642032000000,151.5,157.8,145.41,146.14,1984122,1642118399999,300359000.0,471549,1004170.0,151996000.0
1642118400000,146.13,150.56,141.84,146.17,1428145,1642204799999,209190000.0,339770,702562.0,102879000.0
1642204800000,146.18,149.49,143.9,147.64,865015,1642291199999,126822000.0,205770,422396.0,61920900.0
1642291200000,147.61,151.96,146.09,147.98,964270,1642377599999,143408000.0,236998,475923.0,70802600.0
1642377600000,147.98,148.29,137.02,139.8,1297654,1642463999999,184552000.0,283258,619995.0,88126000.0
1642464000000,139.81,142.77,134.39,141.22,1254337,1642550399999,173471000.0,264708,612174.0,84700700.0
1642550400000,141.32,142.7,132.77,135.25,1175171,1642636799999,160857000.0,264765,579952.0,79386800.0
1642636800000,135.23,143.83,126.01,127.54,1464594,1642723199999,200702000.0,345417,731310.0,100361000.0
1642723200000,127.54,128.73,106.11,112.27,4523021,1642809599999,544064000.0,939567,2184280.0,262870000.0
1642809600000,112.24,114.89,87.73,94.54,6455609,1642895999999,635108000.0,1002353,3143610.0,308953000.0
1642896000000,94.57,104.82,93.25,99.78,3561751,1642982399999,351998000.0,592647,1815830.0,179513000.0
1642982400000,99.74,99.83,80.83,91.93,6990037,1643068799999,615205000.0,1012868,3409940.0,299702000.0
1643068800000,91.94,99.95,87.41,94.67,3482711,1643155199999,324015000.0,566575,1745300.0,162440000.0
1643155200000,94.65,104.43,89.19,92.12,4501341,1643241599999,434997000.0,713943,2255750.0,217969000.0
1643241600000,92.11,94.6,85.71,89.51,3530018,1643327999999,317470000.0,538274,1835680.0,165086000.0
1643328000000,89.51,93.55,87.21,91.34,2647317,1643414399999,240233000.0,388770,1362060.0,123683000.0
1643414400000,91.35,98.93,90.5,96.13,2050892,1643500799999,194995000.0,331238,1077230.0,102416000.0
1643500800000,96.15,97.6,91.38,93.29,1258038,1643587199999,118979000.0,221424,617532.0,58405700.0
1643587200000,93.26,101.4,89.18,99.49,2414102,1643673599999,229304000.0,373958,1257070.0,119366000.0
1643673600000,99.5,113.66,99.02,110.02,4190508,1643759999999,451677000.0,732735,2181320.0,235028000.0
1643760000000,109.99,112.35,96.99,101.88,4863358,1643846399999,514973000.0,757019,2472490.0,261827000.0
1643846400000,101.91,103.13,94.0,101.77,3886564,1643932799999,380417000.0,597409,2008170.0,196632000.0
1643932800000,101.83,112.81,100.28,112.62,4186388,1644019199999,446506000.0,668682,2157940.0,230204000.0
1644019200000,112.63,118.6,110.22,113.75,2649019,1644105599999,302738000.0,507784,1335840.0,152742000.0
1644105600000,113.74,116.06,111.09,115.28,1561795,1644191999999,177819000.0,299806,789970.0,89972800.0
1644192000000,115.26,121.93,112.69,117.55,2730696,1644278399999,323265000.0,547477,1407980.0,166688000.0
1644278400000,117.57,120.36,109.66,113.45,2811498,1644364799999,321855000.0,525305,1374050.0,157342000.0
1644364800000,113.44,117.08,109.4,113.93,2114411,1644451199999,240051000.0,366554,1062790.0,120690000.0
1644451200000,113.96,115.38,105.68,106.17,2781582,1644537599999,308219000.0,502177,1374190.0,152384000.0
1644537600000,106.18,108.14,95.14,96.53,2537228,1644623999999,261118000.0,450793,1266680.0,130431000.0
1644624000000,96.53,99.79,92.8,95.96,1803931,1644710399999,173108000.0,316001,904646.0,86851100.0
1644710400000,95.98,97.36,91.35,92.85,1216083,1644796799999,115327000.0,209303,631473.0,59929200.0
1644796800000,92.85,97.99,90.72,96.37,1792721,1644883199999,169749000.0,307476,917532.0,86918600.0
1644883200000,96.39,105.77,96.38,105.52,2362223,1644969599999,240632000.0,372791,1215090.0,123809000.0
1644969600000,105.52,105.6,98.27,101.86,2123159,1645055999999,215709000.0,326351,1074790.0,109218000.0
1645056000000,101.85,102.82,92.33,93.52,2001081,1645142399999,194566000.0,307937,965733.0,93944700.0
1645142400000,93.55,96.37,89.31,89.86,2010077,1645228799999,186100000.0,299519,969098.0,89702100.0
1645228800000,89.86,92.75,88.6,91.27,1285578,1645315199999,116505000.0,205722,635054.0,57583300.0
1645315200000,91.27,94.5,85.56,90.72,2559474,1645401599999,229568000.0,403374,1258940.0,113062000.0
1645401600000,90.7,96.14,82.62,82.96,4063083,1645487999999,365438000.0,573189,2026200.0,182268000.0
1645488000000,82.95,87.56,81.06,86.38,2835554,1645574399999,238850000.0,361422,1449000.0,122094000.0
1645574400000,86.39,93.4,84.38,84.59,3193694,1645660799999,284825000.0,446087,1581180.0,141085000.0
1645660800000,84.58,93.9,75.35,89.36,7497540,1645747199999,625459000.0,1032742,3780420.0,316003000.0
1645747200000,89.35,95.0,86.86,92.71,3691897,1645833599999,332795000.0,532273,1857530.0,167508000.0
1645833600000,92.73,95.49,89.23,90.23,2279602,1645919999999,209017000.0,347752,1113560.0,102126000.0
1645920000000,90.25,92.19,84.08,85.63,2593534,1646006399999,228781000.0,396197,1257120.0,110943000.0
1646006400000,85.61,103.0,84.17,99.68,4212076,1646092799999,392962000.0,666863,2137540.0,199550000.0
1646092800000,99.67,102.03,94.21,98.66,3665337,1646179199999,359368000.0,572030,1837770.0,180264000.0
1646179200000,98.65,106.43,96.76,100.68,4306327,1646265599999,441097000.0,689840,2185960.0,224015000.0
1646265600000,100.69,101.7,94.0,95.62,2595561,1646351999999,253940000.0,374852,1325250.0,129711000.0
1646352000000,95.63,95.94,87.0,88.32,2854970,1646438399999,260752000.0,364380,1413350.0,129131000.0
1646438400000,88.33,91.22,86.0,89.63,1495554,1646524799999,132578000.0,202202,766442.0,67975700.0
1646524800000,89.61,89.96,84.09,84.57,1828271,1646611199999,158939000.0,212997,919566.0,79961200.0
1646611200000,84.58,86.71,79.92,81.66,3230989,1646697599999,268367000.0,363488,1581810.0,131457000.0
1646697600000,81.65,85.04,81.3,82.32,2604535,1646783999999,216640000.0,268988,1288760.0,107248000.0
1646784000000,82.32,89.92,81.9,88.06,3355219,1646870399999,293276000.0,336022,1656120.0,144780000.0
1646870400000,88.06,88.57,80.63,82.87,2828491,1646956799999,235308000.0,288708,1379160.0,114671000.0
1646956800000,82.86,84.29,80.07,80.67,2528335,1647043199999,206921000.0,232541,1183430.0,96900100.0
1647043200000,80.67,82.75,80.57,81.38,1362268,1647129599999,111234000.0,128794,641798.0,52415300.0
1647129600000,81.4,83.34,77.65,78.73,2009435,1647215999999,162106000.0,198659,912856.0,73590100.0
1647216000000,78.72,82.29,78.0,81.22,2079919,1647302399999,167010000.0,209032,964467.0,77447000.0
1647302400000,81.23,85.99,78.72,82.84,2123603,1647388799999,173537000.0,249623,992774.0,81168300.0
1647388800000,82.84,87.98,81.53,87.77,2638790,1647475199999,222116000.0,313840,1318940.0,111066000.0
1647475200000,87.77,91.0,86.58,87.8,2616452,1647561599999,232117000.0,286766,1229080.0,109056000.0
1647561600000,87.8,92.28,84.41,89.8,2935949,1647647999999,257737000.0,283557,1385760.0,121609000.0
1647648000000,89.81,94.55,89.25,92.31,2058349,1647734399999,189156000.0,262632,1062340.0,97622400.0
1647734400000,92.31,92.55,87.82,88.62,1500458,1647820799999,135161000.0,169914,697997.0,62857400.0
1647820800000,88.62,91.28,86.74,88.59,1985083,1647907199999,176751000.0,203260,1012930.0,90221000.0
1647907200000,88.58,93.98,88.0,90.43,2611346,1647993599999,239095000.0,271852,1304270.0,119404000.0
1647993600000,90.44,96.36,89.19,94.89,2854825,1648079999999,265825000.0,297282,1493500.0,139165000.0
1648080000000,94.88,103.7,93.26,102.32,4777009,1648166399999,474518000.0,577470,2501930.0,248454000.0
1648166400000,102.32,104.86,96.95,98.6,3360441,1648252799999,341405000.0,437293,1656760.0,168444000.0
1648252800000,98.6,103.4,97.63,101.73,1906343,1648339199999,192503000.0,259494,967949.0,97722600.0
1648339200000,101.73,107.46,98.77,107.04,2351081,1648425599999,242015000.0,345634,1235330.0,127285000.0
1648425600000,107.04,113.87,105.22,105.75,4146023,1648511999999,454985000.0,653182,2087440.0,229173000.0
1648512000000,105.75,115.7,105.49,111.62,3727260,1648598399999,416037000.0,590421,1847840.0,206247000.0
1648598400000,111.62,125.26,107.11,120.82,5250424,1648684799999,615095000.0,827629,2742470.0,321357000.0
1648684800000,120.82,129.5,119.95,122.77,5143975,1648771199999,640564000.0,858853,2627730.0,327349000.0
1648771200000,122.79,138.4,117.39,134.52,5505078,1648857599999,704191000.0,995872,2891320.0,370222000.0
1648857600000,134.53,143.51,131.47,132.49,4193984,1648943999999,575683000.0,758063,2058210.0,282605000.0
1648944000000,132.48,141.11,130.52,136.9,2964507,1649030399999,405019000.0,540376,1504660.0,205686000.0
1649030400000,136.9,138.29,125.82,132.14,3456901,1649116799999,457753000.0,582791,1707580.0,226158000.0
1649116800000,132.14,136.63,126.07,126.87,2833886,1649203199999,374059000.0,542422,1422220.0,187819000.0
1649203200000,126.88,127.4,112.1,112.95,4266870,1649289599999,512274000.0,740311,2025250.0,243339000.0
1649289600000,112.94,120.0,110.88,118.48,3326347,1649375999999,383157000.0,581932,1697570.0,195658000.0
1649376000000,118.47,122.42,108.1,109.92,3328966,1649462399999,387721000.0,550158,1660640.0,193727000.0
1649462400000,109.92,113.69,108.28,112.96,1376897,1649548799999,152115000.0,246823,701537.0,77520900.0
1649548800000,112.97,116.09,109.71,111.07,1560720,1649635199999,175614000.0,282125,742816.0,83659200.0
1649635200000,111.06,111.94,98.1,99.67,3332133,1649721599999,348238000.0,491379,1606770.0,167966000.0
1649721600000,99.64,109.36,98.31,103.22,3527634,1649807999999,366260000.0,526763,1779370.0,184780000.0
1649808000000,103.21,106.04,100.09,104.94,2204306,1649894399999,228563000.0,352611,1125140.0,116671000.0
1649894400000,104.92,107.72,98.77,100.77,2711074,1649980799999,279744000.0,359790,1348460.0,139154000.0
1649980800000,100.77,102.91,99.55,101.31,1384490,1650067199999,140391000.0,216894,727001.0,73734300.0
1650067200000,101.38,103.5,100.71,102.06,1006216,1650153599999,102585000.0,135628,558878.0,56993500.0
1650153600000,102.06,105.44,99.62,100.15,1509800,1650239999999,155272000.0,236697,772242.0,79460000.0
1650240000000,100.15,102.65,94.62,102.33,2751435,1650326399999,271731000.0,416771,1370510.0,135462000.0
1650326400000,102.37,109.0,101.02,108.51,2675360,1650412799999,280655000.0,372804,1410870.0,148134000.0
1650412800000,108.51,110.9,104.25,105.59,2768157,1650499199999,297974000.0,403021,1384540.0,149090000.0
1650499200000,105.58,110.0,99.86,101.78,2671646,1650585599999,284134000.0,369724,1355720.0,144387000.0
1650585600000,101.78,103.55,99.19,100.55,1777614,1650671999999,180381000.0,279122,917522.0,93138100.0
1650672000000,100.55,102.9,98.31,100.63,1081628,1650758399999,109467000.0,196300,554294.0,56117500.0
1650758400000,100.63,102.31,98.55,99.23,1064136,1650844799999,106954000.0,192110,540730.0,54379400.0
1650844800000,99.22,101.59,94.32,100.99,2317294,1650931199999,226175000.0,373292,1207710.0,117952000.0
1650931200000,100.98,101.98,94.61,95.7,1897735,1651017599999,187010000.0,291464,919929.0,90746400.0
1651017600000,95.7,100.79,94.89,98.36,1833743,1651103999999,180105000.0,282775,947330.0,93034600.0
1651104000000,98.35,100.55,96.33,98.24,1849394,1651190399999,182595000.0,300097,934412.0,92272000.0
1651190400000,98.23,98.68,92.35,93.96,1736235,1651276799999,166246000.0,255409,851561.0,81540500.0
1651276800000,93.96,94.95,81.91,84.63,1829537,1651363199999,164168000.0,275849,885089.0,79444900.0
1651363200000,84.63,93.12,84.15,89.68,2353898,1651449599999,207826000.0,366730,1148300.0,101427000.0
1651449600000,89.67,90.89,85.1,87.5,1915806,1651535999999,168666000.0,283822,1007220.0,88738100.0
1651536000000,87.49,88.81,84.66,85.86,1562366,1651622399999,135931000.0,200047,817450.0,71135600.0
1651622400000,85.86,93.06,85.47,92.77,2246070,1651708799999,198783000.0,282723,1220230.0,107979000.0
1651708800000,92.77,95.25,81.32,84.52,3311422,1651795199999,290369000.0,434945,1664120.0,146116000.0
1651795200000,84.52,84.84,79.98,81.68,2607226,1651881599999,213955000.0,343170,1375840.0,112944000.0
1651881600000,81.67,82.33,77.03,78.86,1906773,1651967999999,153610000.0,220157,986293.0,79507800.0
1651968000000,78.86,79.41,73.69,75.38,2736836,1652054399999,210453000.0,310522,1408750.0,108331000.0
1652054400000,75.39,77.21,61.7,62.16,5846037,1652140799999,404837000.0,714133,2920650.0,202387000.0
1652140800000,62.16,74.03,60.13,66.9,7855041,1652227199999,533634000.0,994845,3947630.0,268321000.0
1652227200000,66.9,68.44,43.17,50.9,11626123,1652313599999,655896000.0,1460193,5649150.0,319526000.0
1652313600000,50.9,54.29,37.37,44.64,13635820,1652399999999,615676000.0,1539677,6752030.0,305291000.0
1652400000000,44.64,56.99,43.83,48.92,8718595,1652486399999,445956000.0,892190,4418340.0,226248000.0
1652486400000,48.93,53.91,45.81,52.43,5099487,1652572799999,253572000.0,618557,2563150.0,127550000.0
1652572800000,52.43,59.31,49.63,58.83,3885559,1652659199999,208779000.0,477977,1983120.0,106620000.0
1652659200000,58.83,58.83,51.89,53.79,5418222,1652745599999,295070000.0,627274,2688400.0,146538000.0
1652745600000,53.8,58.22,53.04,57.02,4346067,1652831999999,242392000.0,531717,2104360.0,117396000.0
1652832000000,57.01,57.85,49.38,49.93,4470848,1652918399999,235606000.0,517406,2075480.0,109121000.0
1652918400000,49.93,54.09,48.2,52.2,4794336,1653004799999,246302000.0,513106,2409070.0,123782000.0
1653004800000,52.2,53.62,47.81,49.43,4811636,1653091199999,245429000.0,499246,2360370.0,120404000.0
1653091200000,49.42,51.21,48.43,50.31,1969105,1653177599999,98299800.0,222550,1028260.0,51344300.0
1653177600000,50.3,53.2,49.69,52.48,2723718,1653263999999,140435000.0,254086,1368450.0,70547800.0
1653264000000,52.48,54.68,48.61,49.17,4201655,1653350399999,219973000.0,434398,2070590.0,108475000.0
1653350400000,49.17,50.85,47.1,49.67,3645449,1653436799999,179621000.0,303032,1922330.0,94750800.0
1653436800000,49.67,50.55,47.57,47.98,3294919,1653523199999,160614000.0,248168,1623340.0,79144200.0
1653523200000,47.97,48.66,41.69,43.44,7025987,1653609599999,314923000.0,474015,3359290.0,150573000.0
1653609600000,43.44,43.95,39.93,41.17,7547815,1653695999999,315086000.0,510421,3654360.0,152618000.0
1653696000000,41.18,45.08,40.33,44.25,4317517,1653782399999,183340000.0,307558,2217880.0,94265100.0
1653782400000,44.24,45.67,41.79,44.98,4628871,1653868799999,202572000.0,299730,2286990.0,100186000.0
1653868800000,44.98,48.39,44.27,47.22,5476313,1653955199999,253575000.0,349733,2803980.0,129877000.0
1653955200000,47.22,48.24,44.56,45.77,4479537,1654041599999,207641000.0,309278,2127980.0,98674600.0
1654041600000,45.78,46.12,39.51,40.11,4778697,1654127999999,205803000.0,336469,2321140.0,99989800.0
1654128000000,40.11,41.65,38.13,40.85,5153870,1654214399999,206605000.0,360847,2686930.0,107735000.0
1654214400000,40.86,41.54,37.63,38.28,4437325,1654300799999,172767000.0,344798,2100890.0,81893800.0
1654300800000,38.28,39.5,35.71,39.0,3736177,1654387199999,139577000.0,265233,1898180.0,70956100.0
1654387200000,39.02,40.22,37.85,38.52,3618511,1654473599999,141881000.0,243413,1756090.0,68904500.0
1654473600000,38.53,44.87,38.33,42.39,6823258,1654559999999,290291000.0,488023,3410300.0,144912000.0
1654560000000,42.39,42.8,37.12,39.31,7677287,1654646399999,302649000.0,523590,3884410.0,152954000.0
1654646400000,39.32,40.96,38.28,38.83,3988154,1654732799999,156636000.0,283280,2012250.0,79064600.0
1654732800000,38.83,41.97,38.44,39.96,4587328,1654819199999,185342000.0,285547,2186660.0,88273400.0
1654819200000,39.96,40.9,36.8,37.17,4364643,1654905599999,168826000.0,313613,2165680.0,83896500.0
1654905600000,37.17,37.93,33.17,33.93,4638154,1654991999999,164203000.0,300132,2293780.0,81214400.0
1654992000000,33.94,34.5,30.56,30.61,6810748,1655078399999,222246000.0,400837,3329550.0,108692000.0
1655078400000,30.6,31.11,26.05,28.6,13336972,1655164799999,372532000.0,802782,6520920.0,182336000.0
1655164800000,28.59,32.32,25.86,29.59,11437619,1655251199999,335149000.0,671181,5712050.0,167628000.0
1655251200000,29.59,34.86,26.79,34.76,12673444,1655337599999,376046000.0,806141,6299580.0,187204000.0
1655337600000,34.75,36.0,29.52,30.12,10418713,1655423999999,335024000.0,605517,5211000.0,167584000.0
1655424000000,30.12,32.19,29.26,30.71,6274371,1655510399999,195306000.0,359804,3117540.0,97092500.0
1655510400000,30.72,32.06,27.15,32.02,9330644,1655596799999,275582000.0,555711,4481660.0,132470000.0
1655596800000,32.01,35.4,28.68,34.19,9253123,1655683199999,294049000.0,592879,4564400.0,145353000.0
1655683200000,34.19,36.9,31.73,35.24,8218147,1655769599999,281821000.0,564975,4105640.0,140943000.0
1655769600000,35.25,39.19,34.2,36.42,7429099,1655855999999,275003000.0,524268,3705270.0,137254000.0
1655856000000,36.42,36.87,33.65,34.12,6494707,1655942399999,227730000.0,407107,3259380.0,114343000.0
1655942400000,34.13,38.65,33.91,38.15,7002610,1656028799999,257121000.0,443012,3602470.0,132276000.0
1656028800000,38.15,42.92,37.67,41.91,6583046,1656115199999,263461000.0,463015,3266630.0,130693000.0
1656115200000,41.91,42.64,39.73,42.22,4294211,1656201599999,177460000.0,334804,2090890.0,86415100.0
1656201600000,42.22,42.49,39.14,39.39,4024144,1656287999999,164663000.0,308030,1885380.0,77188500.0
1656288000000,39.39,41.25,37.9,38.52,4172937,1656374399999,164428000.0,289594,2035850.0,80247500.0
1656374400000,38.5,39.9,35.02,35.35,5581336,1656460799999,209748000.0,361164,2750700.0,103482000.0
1656460800000,35.34,36.12,33.1,34.05,5755278,1656547199999,199587000.0,362853,2854590.0,99023500.0
1656547200000,34.06,34.2,30.92,33.76,5337105,1656633599999,171919000.0,344452,2679030.0,86322400.0
1656633600000,33.76,35.4,31.82,32.84,6155757,1656719999999,204979000.0,368256,2978240.0,99231800.0
1656720000000,32.85,34.14,31.87,33.36,2740500,1656806399999,90108900.0,183520,1360450.0,44764100.0
1656806400000,33.36,33.77,32.14,33.39,2394572,1656892799999,78904900.0,154731,1189040.0,39209100.0
1656892800000,33.4,36.94,32.45,36.71,4064615,1656979199999,140036000.0,246563,2059930.0,70983900.0
1656979200000,36.71,36.99,33.03,35.4,6098472,1657065599999,213296000.0,352757,2941940.0,102868000.0
1657065600000,35.41,37.65,34.8,37.04,5298553,1657151999999,190912000.0,333851,2579300.0,93001700.0
1657152000000,37.04,39.29,36.39,38.46,4091777,1657238399999,154788000.0,262606,2020440.0,76457100.0
1657238400000,38.46,39.72,36.46,38.12,5277993,1657324799999,200787000.0,354548,2745120.0,104521000.0
1657324800000,38.12,38.95,37.77,38.06,2088074,1657411199999,80090500.0,145253,1033160.0,39643200.0
1657411200000,38.06,38.14,36.26,36.71,2181588,1657497599999,80772200.0,148125,1082290.0,40063900.0
1657497600000,36.71,36.73,33.24,33.42,2927967,1657583999999,102667000.0,204049,1387780.0,48699100.0
1657584000000,33.42,34.61,32.6,32.68,3202970,1657670399999,107887000.0,204957,1596770.0,53809800.0
1657670400000,32.69,35.08,31.82,34.94,4798032,1657756799999,159907000.0,275893,2380870.0,79382000.0
1657756800000,34.94,37.31,33.58,37.15,5214767,1657843199999,183611000.0,275359,2663220.0,93813200.0
1657843200000,37.14,39.1,36.49,37.36,4440629,1657929599999,167467000.0,281361,2166720.0,81763500.0
1657929600000,37.36,40.41,36.35,39.58,3945225,1658015999999,152185000.0,259342,2010020.0,77636100.0
1658016000000,39.59,41.09,38.29,38.62,3795951,1658102399999,150591000.0,253441,1952170.0,77493200.0
1658102400000,38.61,44.07,38.55,43.52,6300283,1658188799999,261137000.0,446880,3226520.0,133790000.0
1658188800000,43.52,47.36,42.54,44.87,7876652,1658275199999,355431000.0,674599,3975230.0,179363000.0
1658275200000,44.87,46.3,41.24,42.04,6380442,1658361599999,282470000.0,477417,3162290.0,140148000.0
1658361600000,42.03,44.24,39.64,43.11,6134099,1658447999999,256607000.0,428346,3109670.0,130165000.0
1658448000000,43.1,44.33,40.03,40.54,4495730,1658534399999,190643000.0,328365,2210130.0,93787100.0
1658534400000,40.54,41.91,38.6,39.97,3421971,1658620799999,137542000.0,249647,1661150.0,66809000.0
1658620800000,39.97,42.1,39.47,40.93,3327219,1658707199999,135780000.0,227835,1682850.0,68687400.0
1658707200000,40.93,41.09,36.56,36.65,4237920,1658793599999,163308000.0,308984,2041960.0,78707800.0
1658793600000,36.66,36.84,34.67,36.25,4496179,1658879999999,160615000.0,324317,2166360.0,77380100.0
1658880000000,36.26,40.55,35.68,40.23,5860676,1658966399999,223453000.0,388367,3107730.0,118584000.0
1658966400000,40.23,44.15,39.03,42.91,6754342,1659052799999,276873000.0,450997,3459300.0,141823000.0
1659052800000,42.92,44.42,41.13,41.91,4949319,1659139199999,210838000.0,385431,2378960.0,101337000.0
1659139200000,41.92,46.65,41.41,43.84,5388479,1659225599999,237289000.0,403313,2643130.0,116262000.0
1659225600000,43.84,45.21,42.22,42.35,3287571,1659311999999,143781000.0,264416,1636290.0,71611400.0
1659312000000,42.34,43.26,40.57,41.65,3302835,1659398399999,139083000.0,238614,1631570.0,68745600.0
1659398400000,41.65,42.45,39.5,39.79,3598241,1659484799999,147271000.0,283917,1802560.0,73850200.0
1659484800000,39.78,40.99,37.43,38.54,8391442,1659571199999,328867000.0,566505,4203510.0,164695000.0
1659571200000,38.54,39.85,37.96,38.83,4151097,1659657599999,161520000.0,260009,2092880.0,81436200.0
1659657600000,38.83,41.33,38.71,40.55,3510688,1659743999999,140932000.0,264360,1802580.0,72360200.0
1659744000000,40.55,40.89,39.85,40.07,1600652,1659830399999,64746200.0,128622,778857.0,31514400.0
1659830400000,40.07,41.57,39.21,40.6,1745898,1659916799999,70500100.0,135772,909272.0,36731100.0
1659916800000,40.6,43.71,40.55,42.18,3823750,1660003199999,162377000.0,258577,1928980.0,81888500.0
1660003200000,42.17,42.76,39.73,40.33,2832476,1660089599999,116603000.0,205619,1405360.0,57855500.0
1660089600000,40.34,42.87,39.15,42.47,4467795,1660175999999,183639000.0,302235,2284160.0,93874000.0
1660176000000,42.47,45.32,42.34,42.77,5808859,1660262399999,255477000.0,383537,2966790.0,130523000.0
1660262400000,42.78,45.49,42.12,45.48,3376990,1660348799999,147077000.0,236989,1719530.0,74994900.0
1660348800000,45.49,48.38,45.27,46.6,4706649,1660435199999,221164000.0,385375,2405870.0,112997000.0
1660435200000,46.59,48.06,44.46,44.87,3476179,1660521599999,160581000.0,283531,1628590.0,75309000.0
1660521600000,44.86,47.24,42.75,43.72,4145115,1660607999999,184631000.0,309527,2061750.0,91908200.0
1660608000000,43.72,44.31,42.53,43.08,3604736,1660694399999,156167000.0,238186,1812850.0,78561400.0
1660694400000,43.08,44.75,40.18,40.54,4207333,1660780799999,177307000.0,318727,2041140.0,86047900.0
1660780800000,40.54,41.67,39.31,39.52,2839364,1660867199999,115649000.0,214606,1415150.0,57675800.0
1660867200000,39.51,39.59,35.25,35.81,6209609,1660953599999,229666000.0,433183,3075010.0,113741000.0
1660953600000,35.82,37.27,34.21,35.28,3873077,1661039999999,139348000.0,249750,1967510.0,70766800.0
1661040000000,35.28,37.09,34.51,36.47,3184918,1661126399999,114371000.0,198816,1616500.0,58063200.0
1661126400000,36.48,36.56,33.73,35.41,3740448,1661212799999,130554000.0,258622,1897700.0,66237200.0
1661212800000,35.42,36.11,34.24,35.68,2736678,1661299199999,96791700.0,193865,1366760.0,48343200.0
1661299200000,35.69,36.4,34.31,34.89,2588768,1661385599999,91505100.0,181718,1274550.0,45042100.0
1661385600000,34.9,36.49,34.87,35.27,2472100,1661471999999,88431700.0,162625,1221190.0,43687900.0
1661472000000,35.26,35.79,31.36,31.72,5268728,1661558399999,178601000.0,318521,2592740.0,87974500.0
1661558400000,31.72,32.25,30.86,31.53,3025394,1661644799999,95536300.0,193663,1516170.0,47883300.0
1661644800000,31.53,32.21,30.19,30.44,2245087,1661731199999,70747800.0,145442,1093280.0,34469500.0
1661731200000,30.43,32.64,30.0,32.42,3758901,1661817599999,117287000.0,219480,1949650.0,60828600.0
1661817600000,32.42,33.16,30.64,31.47,3466845,1661903999999,110580000.0,216107,1698100.0,54201300.0
1661904000000,31.47,32.95,31.18,31.5,2705795,1661990399999,87063600.0,194947,1348280.0,43397600.0
1661990400000,31.49,31.79,30.44,31.61,2304168,1662076799999,71765200.0,154540,1151920.0,35900300.0
1662076800000,31.61,32.38,30.76,31.23,2327194,1662163199999,73632600.0,145103,1159970.0,36716600.0
1662163200000,31.23,31.29,30.8,31.12,773414,1662249599999,24037600.0,56763,382337.0,11885300.0
1662249600000,31.11,32.2,31.02,32.16,1302961,1662335999999,41253500.0,87195,653632.0,20701000.0
1662336000000,32.17,32.5,31.15,32.18,1545296,1662422399999,49170500.0,104195,793522.0,25251200.0
1662422400000,32.17,33.9,30.44,30.88,4663062,1662508799999,150579000.0,289160,2295510.0,74228400.0
1662508800000,30.88,32.94,30.31,32.69,2516006,1662595199999,79529400.0,148862,1305770.0,41282600.0
1662595200000,32.7,33.98,31.97,33.61,3062371,1662681599999,100809000.0,197100,1614190.0,53159900.0
1662681600000,33.62,35.96,33.59,34.67,3748304,1662767999999,131064000.0,248404,1948000.0,68071300.0
1662768000000,34.68,35.41,34.27,35.03,1977631,1662854399999,68775300.0,128469,969917.0,33735300.0
1662854400000,35.04,36.0,34.04,34.99,1999936,1662940799999,70012300.0,134812,1022960.0,35824500.0
1662940800000,34.99,38.39,34.4,37.44,5186843,1663027199999,191408000.0,392300,2636360.0,97292800.0
1663027200000,37.44,39.01,32.93,33.0,6401715,1663113599999,232056000.0,423841,3180720.0,115514000.0
1663113600000,33.0,34.35,32.67,34.12,3170484,1663199999999,105994000.0,194025,1584070.0,52973300.0
1663200000000,34.12,34.84,32.42,33.07,3696318,1663286399999,124035000.0,220136,1746310.0,58609300.0
1663286400000,33.08,33.26,31.5,32.25,2180223,1663372799999,70677100.0,138674,1104800.0,35806300.0
1663372800000,32.25,33.89,32.23,33.68,1414903,1663459199999,46775500.0,86672,773519.0,25578000.0
1663459200000,33.69,33.99,30.86,31.1,2299068,1663545599999,74834800.0,147594,1114270.0,36298600.0
1663545600000,31.1,33.08,30.5,32.62,3503472,1663631999999,110989000.0,214301,1742110.0,55209800.0
1663632000000,32.63,32.88,31.29,31.41,2558792,1663718399999,82122200.0,154602,1241270.0,39854300.0
1663718400000,31.42,33.48,30.01,30.65,4545539,1663804799999,144523000.0,276197,2245320.0,71477400.0
1663804800000,30.65,32.87,30.59,32.43,2975326,1663891199999,94798500.0,163673,1515630.0,48289800.0
1663891200000,32.43,33.98,31.2,33.66,3481077,1663977599999,112813000.0,209616,1785170.0,57862300.0
1663977600000,33.67,34.79,33.14,33.38,3102314,1664063999999,105295000.0,207926,1584560.0,53805400.0
1664064000000,33.39,34.05,31.87,32.34,1838509,1664150399999,60952400.0,125301,886269.0,29392800.0
1664150400000,32.33,33.95,31.87,33.88,3284143,1664236799999,108236000.0,194936,1627670.0,53675500.0
1664236800000,33.89,35.41,32.08,32.69,4411115,1664323199999,149902000.0,260817,2193260.0,74561200.0
1664323200000,32.68,33.81,31.65,33.22,3091107,1664409599999,101111000.0,177327,1510130.0,49426400.0
1664409600000,33.23,34.42,32.65,33.93,2735381,1664495999999,92013800.0,189694,1382520.0,46524300.0
1664496000000,33.94,35.22,32.62,33.25,4264290,1664582399999,145451000.0,228264,2083140.0,71053800.0
1664582400000,33.25,33.25,32.34,32.44,1458835,1664668799999,47925200.0,93100,672021.0,22081200.0
1664668800000,32.44,33.0,31.9,32.06,1472849,1664755199999,47873000.0,93186,696038.0,22631700.0
1664755200000,32.06,33.27,31.73,32.89,1890470,1664841599999,61797000.0,111007,924912.0,30242500.0
1664841600000,32.9,34.4,32.84,34.09,1949741,1664927999999,65903600.0,116520,998098.0,33735300.0
1664928000000,34.1,34.37,33.18,34.04,1777551,1665014399999,60090500.0,109550,864660.0,29240100.0
1665014400000,34.04,34.5,33.23,33.36,1799751,1665100799999,61091000.0,105214,880246.0,29890700.0
1665100800000,33.35,33.76,32.43,32.98,1963118,1665187199999,64927500.0,106563,993149.0,32864300.0
1665187200000,32.98,33.08,32.35,32.58,785560,1665273599999,25764300.0,49592,383002.0,12564600.0
1665273600000,32.57,33.14,32.44,32.92,883236,1665359999999,28997600.0,58651,451824.0,14834300.0
1665360000000,32.92,33.46,31.88,31.96,1554680,1665446399999,50718900.0,101777,719479.0,23492200.0
1665446400000,31.95,31.96,30.42,30.8,1923667,1665532799999,60351300.0,118251,916344.0,28762900.0
1665532800000,30.8,31.55,30.67,31.16,1048212,1665619199999,32646300.0,73092,527111.0,16420600.0
1665619200000,31.15,31.21,27.87,30.49,4402649,1665705599999,129679000.0,274408,2166820.0,63809700.0
1665705600000,30.48,31.98,29.62,30.0,2384104,1665791999999,73979100.0,140749,1165130.0,36165700.0
1665792000000,30.0,30.2,29.42,29.59,1009244,1665878399999,30157700.0,61858,499666.0,14936600.0
1665878400000,29.59,30.53,29.56,30.17,934949,1665964799999,28065000.0,59358,505982.0,15192800.0
1665964800000,30.16,31.29,29.84,31.21,1694430,1666051199999,51999200.0,100248,843994.0,25911400.0
1666051200000,31.22,31.48,29.73,30.15,1966281,1666137599999,60139500.0,101641,955142.0,29219900.0
1666137600000,30.14,30.26,28.61,28.86,1713728,1666223999999,50923900.0,92584,832481.0,24752600.0
1666224000000,28.86,29.47,27.98,28.01,2379316,1666310399999,68526400.0,115990,1184810.0,34145200.0
1666310400000,28.01,28.28,26.84,28.1,3208879,1666396799999,88781200.0,151689,1586650.0,43920600.0
1666396800000,28.1,28.22,27.48,28.01,1333383,1666483199999,37200000.0,63573,669201.0,18677400.0
1666483200000,28.01,29.44,27.73,29.28,2150824,1666569599999,61344400.0,109242,1093490.0,31234500.0
1666569600000,29.28,29.5,28.16,28.3,2525865,1666655999999,72407600.0,109684,1210060.0,34677600.0
1666656000000,28.31,32.31,28.05,30.86,4389639,1666742399999,133430000.0,242605,2372190.0,72016300.0
1666742400000,30.87,32.17,30.63,31.29,3909685,1666828799999,122341000.0,192811,2040430.0,63865300.0
1666828800000,31.29,32.36,30.41,30.58,3608322,1666915199999,113362000.0,196068,1793900.0,56415800.0
1666915200000,30.6,32.54,30.11,32.07,3017473,1667001599999,94457100.0,175075,1594840.0,49974900.0
1667001600000,32.06,33.84,31.85,32.87,3316674,1667087999999,109587000.0,199836,1744030.0,57619900.0
1667088000000,32.87,33.54,31.93,32.94,1962512,1667174399999,64151600.0,130251,983962.0,32184000.0
1667174400000,32.93,34.39,32.2,32.56,3082485,1667260799999,102302000.0,217549,1558060.0,51751000.0
1667260800000,32.57,33.39,32.15,32.2,2015731,1667347199999,65891300.0,120950,966622.0,31607400.0
1667347200000,32.2,32.95,30.24,30.8,3423829,1667433599999,107899000.0,222708,1636780.0,51661000.0
1667433600000,30.81,32.25,30.61,30.85,2302866,1667519999999,72414200.0,140610,1195260.0,37587600.0
1667520000000,30.86,34.2,30.66,33.74,4106771,1667606399999,134936000.0,257544,2161910.0,71073800.0
1667606400000,33.73,38.79,33.66,36.9,7466084,1667692799999,272434000.0,523661,3799490.0,138500000.0
1667692800000,36.9,37.06,32.31,32.62,4722074,1667779199999,164783000.0,323910,2251530.0,78743900.0
1667779200000,32.61,33.13,28.0,29.62,9810938,1667865599999,308389000.0,563325,4541820.0,142985000.0
1667865600000,29.62,31.72,19.8,24.38,28156844,1667951999999,745105000.0,1899661,13706000.0,362493000.0
1667952000000,24.38,24.38,12.37,14.08,34965021,1668038399999,604959000.0,2408465,17084700.0,295279000.0
1668038400000,14.08,18.87,13.14,17.66,31278279,1668124799999,494276000.0,1907480,15939800.0,252133000.0
1668124800000,17.65,18.31,15.1,16.45,16952323,1668211199999,283398000.0,937752,8827980.0,147568000.0
1668211200000,16.46,16.53,14.47,14.58,6958266,1668297599999,106604000.0,352695,3257720.0,49876100.0
1668297600000,14.58,14.74,13.02,13.18,7632405,1668383999999,106361000.0,376380,3762990.0,52477800.0
1668384000000,13.18,15.01,12.07,14.0,12412182,1668470399999,171238000.0,591758,6262000.0,86577100.0
1668470400000,14.0,15.1,13.82,14.32,7666656,1668556799999,110581000.0,337257,3952910.0,57018100.0
1668556800000,14.32,14.64,13.64,14.27,4117412,1668643199999,58349500.0,191387,1991640.0,28223400.0
1668643200000,14.27,14.5,12.93,13.65,6589278,1668729599999,90166500.0,282425,3107500.0,42540200.0
1668729600000,13.65,13.89,13.0,13.27,2949495,1668815999999,39653200.0,138052,1463850.0,19675100.0
1668816000000,13.28,13.28,12.58,12.84,2920148,1668902399999,37460000.0,113305,1440950.0,18483800.0
1668902400000,12.84,13.58,12.1,12.27,4790066,1668988799999,61291500.0,177887,2254830.0,28911700.0
1668988800000,12.26,12.29,11.27,11.83,4921177,1669075199999,58064700.0,209806,2339860.0,27606900.0
1669075200000,11.83,12.5,10.94,12.44,5495352,1669161599999,64284800.0,200003,2780630.0,32573300.0
1669161600000,12.43,14.5,12.4,14.36,7872882,1669247999999,105012000.0,304412,3962410.0,52865300.0
1669248000000,14.36,14.96,13.84,14.59,4725296,1669334399999,68013700.0,204547,2364160.0,34036700.0
1669334400000,14.6,14.61,13.91,14.03,2819515,1669420799999,39918700.0,118289,1248810.0,17690700.0
1669420800000,14.03,14.98,13.97,14.17,2911828,1669507199999,42001300.0,126762,1459910.0,21078600.0
1669507200000,14.17,14.45,14.05,14.12,2063327,1669593599999,29473000.0,81599,983336.0,14054400.0
1669593600000,14.11,14.17,12.78,13.32,4718682,1669679999999,63044900.0,186525,2218460.0,29605700.0
1669680000000,13.33,13.96,13.14,13.34,2605636,1669766399999,35266800.0,109799,1292600.0,17496300.0
1669766400000,13.35,14.32,13.21,14.16,3599963,1669852799999,49268900.0,141333,1729960.0,23707400.0
1669852800000,14.17,14.19,13.4,13.51,2567836,1669939199999,35283700.0,102314,1175690.0,16157500.0
1669939200000,13.51,13.84,13.33,13.71,2865009,1670025599999,38880300.0,104197,1343110.0,18234700.0
1670025600000,13.71,13.77,13.2,13.29,1958859,1670111999999,26510400.0,65671,904596.0,12253400.0
1670112000000,13.29,13.75,13.27,13.71,1778119,1670198399999,24011600.0,65320,826513.0,11164700.0
1670198400000,13.71,14.17,13.58,13.82,3962490,1670284799999,55137000.0,124321,1951930.0,27165600.0
1670284800000,13.82,14.38,13.81,14.3,3280085,1670371199999,46177400.0,101962,1671760.0,23556000.0
1670371200000,14.3,14.34,13.39,13.49,2647331,1670457599999,36316600.0,83203,1187970.0,16297900.0
1670457600000,13.49,13.77,13.27,13.69,2218371,1670543999999,29973300.0,71886,992558.0,13416500.0
1670544000000,13.69,14.02,13.51,13.59,2597942,1670630399999,35742000.0,79323,1220390.0,16799700.0
1670630400000,13.58,13.73,13.54,13.58,950118,1670716799999,12943100.0,38836,412115.0,5615740.0
1670716800000,13.58,13.8,13.39,13.42,1210235,1670803199999,16488200.0,44964,524504.0,7147720.0
1670803200000,13.42,13.5,12.82,13.31,2644017,1670889599999,34795900.0,79659,1314580.0,17286900.0
1670889600000,13.31,14.15,12.76,13.89,3963954,1670975999999,53648000.0,123225,1869490.0,25343300.0
1670976000000,13.9,14.96,13.81,14.12,5084591,1671062399999,73011700.0,147840,2510140.0,36078700.0
1671062400000,14.12,14.52,13.86,14.04,2711381,1671148799999,38233200.0,94100,1229430.0,17350300.0
1671148800000,14.05,14.17,12.0,12.25,4522833,1671235199999,59074300.0,143114,2139770.0,27925200.0
1671235200000,12.25,12.6,11.92,12.51,2465880,1671321599999,30275900.0,85988,1248440.0,15342400.0
1671321600000,12.5,12.6,12.25,12.38,1358593,1671407999999,16889800.0,48429,636868.0,7918320.0
1671408000000,12.38,12.59,11.66,11.94,2385053,1671494399999,29005300.0,84083,1150940.0,13998500.0
1671494400000,11.94,12.49,11.84,12.26,1699256,1671580799999,20852700.0,72708,792215.0,9721730.0
1671580800000,12.26,12.29,11.9,12.14,1549775,1671667199999,18693800.0,57613,700803.0,8456660.0
1671667200000,12.14,12.19,11.67,11.82,1805407,1671753599999,21542800.0,62242,825515.0,9849440.0
1671753600000,11.81,12.11,11.72,11.78,1647382,1671839999999,19580700.0,51969,811862.0,9650130.0
1671840000000,11.79,11.79,11.07,11.45,2286878,1671926399999,26033000.0,80202,1083350.0,12336600.0
1671926400000,11.45,11.56,11.24,11.38,916418,1672012799999,10444200.0,36795,430389.0,4905480.0
1672012800000,11.39,11.49,11.06,11.32,1613226,1672099199999,18177900.0,48977,753447.0,8490920.0
1672099200000,11.33,11.44,10.71,11.09,3052198,1672185599999,33580500.0,84884,1428020.0,15721400.0
1672185600000,11.1,11.12,9.39,9.76,7362205,1672271999999,73951700.0,190189,3430710.0,34439000.0
1672272000000,9.76,10.89,8.0,9.64,12093990,1672358399999,110706000.0,276670,5793790.0,53079400.0
1672358400000,9.64,10.26,9.0,9.9,12587080,1672444799999,121033000.0,296354,6062120.0,58360000.0
1672444800000,9.91,10.2,9.66,9.97,3621435,1672531199999,36022000.0,93103,1773300.0,17652600.0
1672531200000,9.97,10.09,9.69,9.99,2287513,1672617599999,22677400.0,66752,1113300.0,11045800.0
1672617600000,9.99,12.0,9.81,11.28,7628265,1672703999999,84247400.0,195532,3946580.0,43628800.0
1672704000000,11.28,13.91,11.0,13.37,14986491,1672790399999,187866000.0,417570,7845420.0,98407800.0
1672790400000,13.37,14.24,12.83,13.43,12612735,1672876799999,171471000.0,393884,6422030.0,87404200.0
1672876800000,13.43,13.89,12.95,13.43,5834354,1672963199999,77737700.0,203316,2824400.0,37636700.0
1672963200000,13.43,13.6,12.69,13.5,5404648,1673049599999,71212500.0,184610,2590000.0,34148300.0
1673049600000,13.51,13.51,13.01,13.1,1904951,1673135999999,25243900.0,79010,850554.0,11273500.0
1673136000000,13.1,14.89,12.85,14.45,6295596,1673222399999,86019800.0,207707,3392040.0,46407200.0
1673222400000,14.46,17.5,14.28,16.25,19481960,1673308799999,316364000.0,619929,9738110.0,158153000.0
1673308800000,16.25,16.73,15.57,16.2,8489418,1673395199999,137351000.0,288818,4165020.0,67453800.0
1673395200000,16.2,16.67,15.28,16.36,6661617,1673481599999,106147000.0,240292,3226710.0,51464800.0
1673481600000,16.37,17.0,15.54,16.59,9608671,1673567999999,156911000.0,343488,4867330.0,79569600.0
1673568000000,16.59,18.65,16.29,18.29,10929884,1673654399999,188440000.0,379935,5748210.0,99321600.0
1673654400000,18.29,24.75,18.2,24.24,25997232,1673740799999,582131000.0,1125883,13012800.0,291117000.0
1673740800000,24.23,25.0,21.98,22.89,11258029,1673827199999,260923000.0,542914,5507550.0,127728000.0
1673827200000,22.9,25.0,22.3,23.58,10043368,1673913599999,236276000.0,504119,4968640.0,117067000.0
1673913600000,23.58,23.95,22.7,22.86,6056943,1673999999999,141744000.0,307729,2807070.0,65753500.0
1674000000000,22.86,23.65,20.34,20.79,11341710,1674086399999,249548000.0,497529,5528110.0,121802000.0
1674086400000,20.78,21.88,20.41,21.4,6113345,1674172799999,129469000.0,224567,3030660.0,64194800.0
1674172800000,21.4,25.82,20.93,25.51,9652433,1674259199999,224450000.0,399397,5017460.0,116905000.0
1674259200000,25.51,26.6,24.24,24.57,12782859,1674345599999,323054000.0,450566,6292160.0,159080000.0
1674345600000,24.56,25.45,23.5,24.21,6496779,1674431999999,161130000.0,228853,3153860.0,78247400.0
1674432000000,24.21,24.93,23.7,24.33,6100484,1674518399999,148820000.0,203735,2978780.0,72673900.0
1674518400000,24.32,25.24,22.25,22.78,6121566,1674604799999,147894000.0,226102,2937230.0,71056400.0
1674604800000,22.77,25.43,22.24,24.52,8332368,1674691199999,197305000.0,312469,4154320.0,98432900.0
1674691200000,24.53,25.23,23.73,24.33,5450404,1674777599999,133760000.0,208276,2686510.0,65974600.0
1674777600000,24.33,24.96,23.27,24.43,4729056,1674863999999,113488000.0,174475,2271740.0,54550800.0
1674864000000,24.43,25.24,23.7,24.0,3377884,1674950399999,82089000.0,127028,1630020.0,39659000.0
1674950400000,24.0,26.8,23.73,26.07,7785906,1675036799999,198404000.0,293221,4089450.0,104221000.0
1675036800000,26.07,26.31,23.11,23.96,7532450,1675123199999,184489000.0,286378,3501640.0,85781000.0
1675123200000,23.97,24.47,23.49,23.92,4062387,1675209599999,97470700.0,143900,1990900.0,47777600.0
1675209600000,23.93,25.22,22.48,25.0,7304888,1675295999999,173856000.0,263058,3627270.0,86434800.0
1675296000000,25.0,26.15,24.05,24.32,7246591,1675382399999,182296000.0,247302,3668020.0,92327600.0
1675382400000,24.32,25.07,24.01,24.69,4759274,1675468799999,116686000.0,154714,2344280.0,57503400.0
1675468800000,24.69,24.95,24.17,24.34,2034159,1675555199999,50018600.0,79307,944258.0,23228400.0
1675555200000,24.34,24.46,23.02,23.47,4822305,1675641599999,114325000.0,140043,2254860.0,53474600.0
1675641600000,23.46,23.72,22.45,22.66,3592829,1675727999999,83162200.0,114330,1706750.0,39530800.0
1675728000000,22.65,23.96,22.54,23.82,4900024,1675814399999,113920000.0,146267,2427520.0,56458500.0
1675814400000,23.82,24.24,22.8,23.22,3970029,1675900799999,93320900.0,122379,1909220.0,44895500.0
1675900800000,23.21,23.35,20.0,20.48,6398791,1675987199999,140853000.0,196997,2979060.0,65594300.0
1675987200000,20.48,21.2,19.68,20.11,5523025,1676073599999,114044000.0,144868,2552210.0,52704900.0
1676073600000,20.1,20.92,20.1,20.81,1859853,1676159999999,37966300.0,58024,924724.0,18884900.0
1676160000000,20.81,22.59,20.62,21.49,4625242,1676246399999,99659700.0,137528,2297470.0,49424100.0
1676246400000,21.49,21.61,19.73,20.77,6685330,1676332799999,137842000.0,177677,3122350.0,64387100.0
1676332800000,20.77,22.37,20.66,21.84,7639522,1676419199999,164389000.0,208822,3808980.0,81996300.0
1676419200000,21.84,23.99,21.45,23.86,5587904,1676505599999,126683000.0,175989,2915230.0,66118900.0
1676505600000,23.86,24.2,22.2,22.24,6832613,1676591999999,160295000.0,212460,3289650.0,77263900.0
1676592000000,22.24,23.54,21.99,23.14,4539818,1676678399999,103726000.0,134439,2273570.0,51995900.0
1676678400000,23.14,23.94,22.92,23.45,2647511,1676764799999,61949000.0,96781,1309180.0,30645900.0
1676764800000,23.46,25.64,23.2,24.84,8316165,1676851199999,203681000.0,292475,4229520.0,103619000.0
1676851200000,24.83,27.12,24.11,26.26,10266239,1676937599999,267715000.0,386554,5223050.0,136261000.0
1676937600000,26.26,26.61,24.5,24.98,6724448,1677023999999,170844000.0,231848,3163280.0,80397400.0
1677024000000,24.98,25.24,23.21,24.16,7174306,1677110399999,171235000.0,232326,3464420.0,82693700.0
1677110400000,24.16,24.69,23.6,23.91,4390966,1677196799999,105960000.0,161088,2173880.0,52477400.0
1677196800000,23.91,24.13,22.46,23.07,4868888,1677283199999,113551000.0,172515,2211170.0,51576100.0
1677283200000,23.07,23.33,21.41,22.37,4541250,1677369599999,101748000.0,144363,2119270.0,47475900.0
1677369600000,22.37,23.53,22.21,23.25,2817875,1677455999999,64558500.0,99292,1411670.0,32359800.0
1677456000000,23.25,23.41,22.32,22.68,3670698,1677542399999,83962000.0,121972,1765520.0,40397600.0
1677542400000,22.68,22.75,21.75,21.89,2291715,1677628799999,51071600.0,96075,1078440.0,24036400.0
1677628800000,21.88,22.91,21.65,22.51,2445603,1677715199999,54847200.0,102268,1262930.0,28337600.0
1677715200000,22.5,22.65,21.67,22.0,2231193,1677801599999,49073800.0,91461,1027960.0,22616900.0
1677801600000,22.0,22.02,20.34,21.42,3635281,1677887999999,76486300.0,140659,1702510.0,35805300.0
1677888000000,21.42,21.62,20.2,20.98,1754083,1677974399999,36745300.0,76327,823707.0,17256600.0
1677974400000,20.98,21.72,20.84,20.97,1733302,1678060799999,36815900.0,87774,870613.0,18496300.0
1678060800000,20.98,21.19,20.47,20.63,2216420,1678147199999,46081000.0,81761,1114500.0,23172400.0
1678147200000,20.62,20.95,19.71,20.25,3104832,1678233599999,63162200.0,121953,1506690.0,30688300.0
1678233600000,20.25,20.39,18.1,18.41,5826804,1678319999999,111199000.0,170148,2695700.0,51419300.0
1678320000000,18.41,18.78,16.69,17.33,7832549,1678406399999,139986000.0,200872,3872020.0,69270300.0
1678406400000,17.34,18.36,16.0,18.17,9520203,1678492799999,163280000.0,260217,4758270.0,81665300.0
1678492800000,18.17,18.89,16.94,18.07,6593106,1678579199999,117331000.0,228203,3288210.0,58527600.0
1678579200000,18.07,20.53,17.71,20.2,6555847,1678665599999,123326000.0,244816,3349990.0,63059200.0
1678665600000,20.19,21.47,18.87,20.4,10652102,1678751999999,213838000.0,364952,5355300.0,107510000.0
1678752000000,20.4,22.12,19.75,20.86,9812864,1678838399999,206265000.0,381197,4968690.0,104458000.0
1678838400000,20.86,21.46,18.7,19.24,7661169,1678924799999,152873000.0,297554,3664350.0,73141100.0
1678924800000,19.25,19.9,18.88,19.67,4381883,1679011199999,85218900.0,175444,2120770.0,41269900.0
1679011200000,19.67,21.69,19.42,21.6,5853746,1679097599999,119478000.0,226642,2932510.0,59911200.0
1679097600000,21.6,22.94,21.05,21.2,7417972,1679183999999,163869000.0,318142,3691520.0,81585400.0
1679184000000,21.2,22.43,21.19,21.86,4290990,1679270399999,93875300.0,176495,2182600.0,47752100.0
1679270400000,21.86,23.91,21.35,22.13,10056429,1679356799999,229184000.0,444627,5104080.0,116311000.0
1679356800000,22.13,23.33,21.51,22.53,6547867,1679443199999,147282000.0,264477,3222000.0,72506500.0
1679443200000,22.52,23.09,20.93,21.42,8602293,1679529599999,190178000.0,332692,4213230.0,93223700.0
1679529600000,21.41,22.95,21.08,22.16,5049411,1679615999999,110888000.0,185723,2641580.0,58086200.0
1679616000000,22.16,22.27,20.26,20.66,4995998,1679702399999,105445000.0,182757,2537430.0,53505500.0
1679702400000,20.66,20.98,20.09,20.41,2338134,1679788799999,48126800.0,98857,1097980.0,22602000.0
1679788800000,20.4,21.14,20.29,20.94,1848599,1679875199999,38525100.0,73413,949982.0,19799800.0
1679875200000,20.94,20.99,19.33,19.91,3556384,1679961599999,71424700.0,131411,1647600.0,33081500.0
1679961600000,19.91,20.88,19.6,20.45,3316462,1680047999999,66838800.0,122189,1625100.0,32764600.0
1680048000000,20.45,21.56,20.43,21.1,3377523,1680134399999,71294800.0,123019,1731860.0,36558500.0
1680134400000,21.1,21.67,20.16,20.55,4349578,1680220799999,90293700.0,149633,2159840.0,44839200.0
1680220800000,20.55,21.49,20.04,21.16,3228391,1680307199999,66841100.0,115061,1616000.0,33486000.0
1680307200000,21.15,21.34,20.74,21.08,1824464,1680393599999,38378000.0,79306,962821.0,20254700.0
1680393600000,21.07,21.3,20.23,20.52,1822346,1680479999999,37792700.0,81028,883241.0,18314200.0
1680480000000,20.52,20.99,19.94,20.45,3984086,1680566399999,81293700.0,146124,1926590.0,39278900.0
1680566400000,20.45,21.26,20.28,20.92,2514864,1680652799999,52336200.0,95627,1297770.0,27013300.0
1680652800000,20.91,21.34,20.58,20.97,2603072,1680739199999,54699600.0,101797,1314650.0,27634700.0
1680739200000,20.96,20.99,20.43,20.62,1674281,1680825599999,34623200.0,68618,805147.0,16656300.0
1680825600000,20.62,20.78,20.22,20.44,1220862,1680911999999,24962500.0,55610,594859.0,12167300.0
1680912000000,20.44,20.74,19.85,20.04,1608993,1680998399999,32613600.0,62582,802899.0,16276700.0
1680998400000,20.04,20.44,19.87,20.28,1051609,1681084799999,21205000.0,49642,534789.0,10787200.0
1681084800000,20.29,20.95,20.08,20.89,1615130,1681171199999,33082300.0,68772,840052.0,17212800.0
1681171200000,20.89,23.68,20.82,22.98,8297860,1681257599999,187821000.0,342838,4258680.0,96261100.0
1681257600000,22.99,24.48,22.29,23.8,10374263,1681343999999,245273000.0,397878,5325950.0,125958000.0
1681344000000,23.81,25.3,23.63,24.43,6063386,1681430399999,148267000.0,225178,3034340.0,74184100.0
1681430400000,24.43,25.49,23.73,24.71,6432127,1681516799999,158988000.0,259938,3252170.0,80479500.0
1681516800000,24.72,24.8,23.81,24.05,2861427,1681603199999,69401200.0,106820,1423070.0,34516400.0
1681603200000,24.05,25.49,23.81,25.34,3471418,1681689599999,85696300.0,145691,1796010.0,44359800.0
1681689600000,25.34,26.0,24.28,24.58,5631538,1681775999999,141639000.0,237722,2712440.0,68264500.0
1681776000000,24.57,25.44,24.0,24.82,3477505,1681862399999,86340700.0,136977,1746460.0,43378100.0
1681862400000,24.82,24.98,21.71,22.66,6650548,1681948799999,154612000.0,278574,3291780.0,76503800.0
1681948800000,22.66,23.18,21.59,22.2,5486213,1682035199999,122984000.0,227359,2609030.0,58427600.0
1682035200000,22.19,22.41,21.0,21.25,4194496,1682121599999,91117900.0,147812,2025720.0,44015500.0
1682121600000,21.26,21.99,21.05,21.79,1831214,1682207999999,39509400.0,75308,959634.0,20717800.0
1682208000000,21.79,22.25,20.91,21.47,2754140,1682294399999,59657700.0,101756,1389710.0,30134100.0
1682294400000,21.47,22.02,21.0,21.38,3120614,1682380799999,67118300.0,116140,1512730.0,32541700.0
1682380800000,21.39,21.97,20.73,21.93,3314600,1682467199999,70039000.0,108215,1694220.0,35823700.0
1682467200000,21.94,22.97,20.36,21.28,6657868,1682553599999,145622000.0,245072,3246660.0,71109500.0
1682553600000,21.28,22.52,21.18,22.33,4703115,1682639999999,103151000.0,164959,2369830.0,51968300.0
1682640000000,22.34,23.5,22.16,23.34,4422324,1682726399999,101037000.0,181675,2292830.0,52385600.0
1682726400000,23.34,23.89,22.9,23.19,3194700,1682812799999,74573300.0,126795,1541550.0,35986800.0
1682812800000,23.18,23.99,22.69,22.74,3110943,1682899199999,72653400.0,135691,1551210.0,36228100.0
1682899200000,22.73,22.88,21.54,21.96,3758634,1682985599999,83028100.0,142085,1905940.0,42128900.0
1682985600000,21.95,22.38,21.75,22.25,2566813,1683071999999,56694500.0,87272,1268630.0,28034900.0
1683072000000,22.25,22.3,21.23,22.24,4181975,1683158399999,90683900.0,138483,2081140.0,45128200.0
1683158400000,22.24,22.49,21.61,21.74,2529636,1683244799999,55794900.0,95797,1218830.0,26891500.0
1683244800000,21.74,23.07,21.56,22.82,3636404,1683331199999,81078000.0,132976,1863450.0,41571600.0
1683331200000,22.82,23.23,21.56,21.91,2849746,1683417599999,63557000.0,128400,1369140.0,30554800.0
1683417600000,21.91,22.78,21.63,21.66,2954385,1683503999999,65622100.0,127435,1498820.0,33317800.0
1683504000000,21.65,21.81,20.0,20.62,5254425,1683590399999,110323000.0,215313,2475510.0,52038000.0
1683590400000,20.63,21.0,20.4,20.65,2375474,1683676799999,49074700.0,89469,1149480.0,23749700.0
1683676800000,20.66,21.31,19.74,20.91,5057170,1683763199999,105186000.0,172064,2532760.0,52700400.0
1683763200000,20.92,20.93,19.69,20.17,3721715,1683849599999,75301800.0,130603,1866300.0,37771200.0
1683849600000,20.17,20.95,19.8,20.9,3076452,1683935999999,62576200.0,130573,1569280.0,31941400.0
1683936000000,20.91,21.29,20.77,20.84,1835422,1684022399999,38541800.0,87138,911956.0,19153400.0
1684022400000,20.83,21.28,20.62,20.93,1553375,1684108799999,32524000.0,55101,801148.0,16779200.0
1684108800000,20.93,21.52,20.6,20.99,2858318,1684195199999,60589500.0,99861,1534790.0,32541400.0
1684195200000,20.98,21.13,20.43,20.67,2722401,1684281599999,56488100.0,82744,1482240.0,30766900.0
1684281600000,20.68,21.23,20.42,21.06,2614414,1684367999999,54381200.0,95994,1391820.0,28968600.0
1684368000000,21.06,21.09,20.07,20.34,2624371,1684454399999,54122900.0,85048,1318240.0,27198500.0
1684454400000,20.35,20.59,20.21,20.36,1214543,1684540799999,24774400.0,44184,610735.0,12461100.0
1684540800000,20.35,20.37,20.08,20.28,856719,1684627199999,17331500.0,32249,434428.0,8790480.0
1684627200000,20.28,20.39,19.33,19.61,1976335,1684713599999,39399100.0,70021,955352.0,19065500.0
1684713600000,19.61,20.03,19.28,19.53,2054927,1684799999999,40435100.0,62601,1075310.0,21163700.0
1684800000000,19.52,20.18,19.42,20.02,2466255,1684886399999,49125100.0,69834,1254030.0,24981300.0
1684886400000,20.02,20.07,18.66,19.22,2780602,1684972799999,53714000.0,95272,1306400.0,25233900.0
1684972800000,19.22,19.58,18.77,19.25,1692743,1685059199999,32636600.0,74514,877797.0,16926600.0
1685059200000,19.25,19.56,19.08,19.35,1034273,1685145599999,19995800.0,40268,533364.0,10312800.0
1685145600000,19.35,20.54,19.33,20.43,1565995,1685231999999,31175000.0,68435,852198.0,16973200.0
1685232000000,20.42,21.19,20.29,20.81,2874460,1685318399999,59442800.0,112931,1456540.0,30127900.0
1685318400000,20.81,20.98,20.26,20.57,2222352,1685404799999,45832400.0,92379,1014280.0,20921200.0
1685404800000,20.57,21.4,20.46,21.25,3192654,1685491199999,67259600.0,119873,1629180.0,34316800.0
1685491200000,21.25,21.33,20.37,20.81,2050626,1685577599999,42487800.0,78634,1013350.0,20987800.0
1685577600000,20.82,20.98,20.41,20.49,1732297,1685663999999,35827100.0,85430,828404.0,17138600.0
1685664000000,20.49,21.37,20.3,21.26,2068166,1685750399999,43533900.0,71386,1062670.0,22368900.0
1685750400000,21.26,21.35,20.95,21.19,1130916,1685836799999,23911800.0,43087,546786.0,11564400.0
1685836800000,21.19,22.3,21.03,21.82,2800007,1685923199999,61235900.0,113651,1501610.0,32829100.0
1685923200000,21.83,22.06,19.03,20.0,6215040,1686009599999,128314000.0,236131,3048530.0,63016900.0
1686009600000,20.01,20.7,19.23,20.38,4383534,1686095999999,87570000.0,151125,2217350.0,44315500.0
1686096000000,20.38,20.53,18.5,18.64,3842271,1686182399999,74564500.0,131089,1829590.0,35510400.0
1686182400000,18.64,19.11,18.23,18.89,2669714,1686268799999,49983600.0,96458,1268290.0,23752900.0
1686268800000,18.88,19.37,17.11,17.4,4755455,1686355199999,86834600.0,151879,2307090.0,42096300.0
1686355200000,17.4,17.43,12.8,15.61,17211735,1686441599999,257900000.0,546884,8603970.0,128942000.0
1686441600000,15.61,16.18,15.11,15.55,6064017,1686527999999,94450300.0,171966,3103670.0,48362700.0
1686528000000,15.55,15.69,14.74,15.19,5195358,1686614399999,79018800.0,143884,2562170.0,38989800.0
1686614400000,15.19,16.0,14.76,15.04,4814274,1686700799999,73501100.0,137385,2458280.0,37550100.0
1686700800000,15.03,15.37,14.06,14.48,3978892,1686787199999,59168900.0,119760,2000450.0,29769600.0
1686787200000,14.49,15.08,14.18,14.77,4700649,1686873599999,68956600.0,150206,2131270.0,31281000.0
1686873600000,14.78,15.47,14.38,15.31,2809890,1686959999999,42032000.0,100067,1386230.0,20750700.0
1686960000000,15.32,16.12,15.16,15.64,2500321,1687046399999,39363100.0,90284,1259830.0,19832600.0
1687046400000,15.65,15.84,15.28,15.45,1603688,1687132799999,24988800.0,64825,800249.0,12471100.0
1687132800000,15.45,16.14,15.34,16.1,1890318,1687219199999,29630700.0,73328,1014410.0,15908200.0
1687219200000,16.1,16.69,15.73,16.64,3005582,1687305599999,48599800.0,115323,1524480.0,24656900.0
1687305600000,16.65,17.4,16.54,17.23,4146919,1687391999999,70175000.0,141146,2061880.0,34901400.0
1687392000000,17.23,17.75,16.57,16.62,3547312,1687478399999,60681200.0,117978,1671580.0,28601200.0
1687478400000,16.62,17.53,16.16,17.13,4851597,1687564799999,81683400.0,152991,2381030.0,40070900.0
1687564800000,17.14,17.53,16.37,16.64,2908702,1687651199999,49434900.0,106882,1418700.0,24111700.0
1687651200000,16.64,17.38,16.57,16.96,2723041,1687737599999,46423200.0,109594,1324670.0,22580500.0
1687737600000,16.96,17.12,15.89,16.27,3056592,1687823999999,50708500.0,118719,1526100.0,25306200.0
1687824000000,16.27,16.93,16.13,16.63,2951107,1687910399999,48945700.0,94192,1506080.0,24974100.0
1687910400000,16.63,16.65,15.6,15.97,4040252,1687996799999,65244700.0,129721,1900520.0,30704800.0
1687996800000,15.98,18.28,15.87,17.99,7948252,1688083199999,138922000.0,281100,4127520.0,72056200.0
1688083200000,18.0,20.03,17.01,18.86,11454016,1688169599999,213782000.0,434580,5690280.0,106223000.0
1688169600000,18.85,19.0,17.9,18.7,3515092,1688255999999,64576700.0,138180,1665230.0,30580800.0
1688256000000,18.7,19.74,18.53,19.45,4872775,1688342399999,93143300.0,197708,2416320.0,46203500.0
1688342400000,19.46,19.66,18.87,19.26,3065187,1688428799999,59024400.0,124367,1357380.0,26140400.0
1688428800000,19.25,19.94,19.06,19.13,3096292,1688515199999,60240000.0,126023,1435850.0,27951200.0
1688515200000,19.14,19.53,18.32,19.0,2415909,1688601599999,45542800.0,114667,1124060.0,21198200.0
1688601600000,18.99,21.0,18.82,19.61,9598017,1688687999999,191793000.0,372425,4716220.0,94125600.0
1688688000000,19.61,21.9,19.26,21.5,9794096,1688774399999,201925000.0,384122,4870780.0,100541000.0
1688774400000,21.51,22.5,21.32,21.81,6473021,1688860799999,141295000.0,264889,3293950.0,71935600.0
1688860800000,21.82,22.38,20.99,21.32,3867362,1688947199999,83516200.0,154175,1900430.0,41070400.0
1688947200000,21.32,21.81,20.47,21.3,5671090,1689033599999,119669000.0,196646,2728850.0,57595700.0
1689033600000,21.3,22.37,21.2,22.07,4616811,1689119999999,101338000.0,157161,2313970.0,50809100.0
1689120000000,22.06,22.8,21.74,21.94,6086114,1689206399999,135360000.0,189342,3109220.0,69158600.0
1689206400000,21.93,26.82,21.42,26.01,16102139,1689292799999,395883000.0,603877,8343690.0,205418000.0
1689292800000,26.01,32.13,25.23,26.67,19571914,1689379199999,548114000.0,885958,10185300.0,285508000.0
1689379200000,26.67,29.12,26.45,27.46,11042659,1689465599999,308186000.0,428646,5518500.0,154096000.0
1689465600000,27.47,28.7,26.46,27.42,6708917,1689551999999,185950000.0,254712,3419300.0,94834400.0
1689552000000,27.41,28.49,25.55,26.8,8662838,1689638399999,233808000.0,303749,4493490.0,121317000.0
1689638400000,26.8,27.09,24.76,25.54,6327316,1689724799999,162539000.0,238967,3206690.0,82407500.0
1689724800000,25.54,26.99,25.35,26.31,4966905,1689811199999,130870000.0,193252,2407820.0,63426000.0
1689811200000,26.31,27.38,25.03,25.38,4977279,1689897599999,130841000.0,194457,2397100.0,63034700.0
1689897600000,25.38,26.0,25.06,25.5,3295444,1689983999999,83937000.0,123630,1642850.0,41846200.0
1689984000000,25.51,25.97,24.0,24.52,2382898,1690070399999,60174200.0,103233,1132350.0,28624800.0
1690070400000,24.52,25.26,24.15,24.76,2341590,1690156799999,57939900.0,89045,1148360.0,28424000.0
1690156800000,24.76,24.83,22.89,23.37,4042066,1690243199999,95589100.0,160445,1881000.0,44479500.0
1690243200000,23.36,23.6,22.73,23.27,2522195,1690329599999,58601400.0,93871,1172230.0,27244000.0
1690329600000,23.28,25.68,23.17,25.17,6033717,1690415999999,148146000.0,227754,2878720.0,70772800.0
1690416000000,25.18,25.65,24.66,25.1,4207657,1690502399999,105905000.0,157065,2061770.0,51895800.0
1690502400000,25.1,25.56,24.54,24.82,2736684,1690588799999,68413800.0,95583,1390720.0,34774900.0
1690588800000,24.82,25.39,24.75,25.17,1768964,1690675199999,44445400.0,66090,948649.0,23838800.0
1690675200000,25.17,25.21,23.47,24.25,2774659,1690761599999,67970600.0,101722,1315640.0,32242600.0
1690761600000,24.25,24.79,23.52,23.73,3167365,1690847999999,76731600.0,105119,1503440.0,36397500.0
1690848000000,23.72,24.07,22.84,24.05,3598080,1690934399999,84313000.0,127563,1800680.0,42226600.0
1690934400000,24.06,24.29,22.82,23.15,3308681,1691020799999,77670100.0,105659,1567360.0,36782500.0
1691020800000,23.14,23.38,22.44,22.65,2981853,1691107199999,68128700.0,101471,1479770.0,33810700.0
1691107200000,22.65,23.57,22.48,22.8,3225054,1691193599999,74192700.0,106095,1568030.0,36089100.0
1691193600000,22.8,22.94,22.23,22.65,1781301,1691279999999,40302200.0,63306,836721.0,18930400.0
1691280000000,22.66,23.48,22.58,23.2,2662471,1691366399999,61527000.0,83194,1358020.0,31383100.0
1691366400000,23.2,23.67,22.27,23.12,3303009,1691452799999,75746900.0,98066,1567070.0,35947200.0
1691452800000,23.11,24.79,23.02,24.22,4652754,1691539199999,111090000.0,148381,2236260.0,53362600.0
1691539200000,24.22,24.99,24.1,24.38,3857675,1691625599999,94808200.0,132872,1823590.0,44799900.0
1691625600000,24.39,24.89,24.13,24.62,2556842,1691711999999,62687000.0,80719,1267750.0,31090800.0
1691712000000,24.63,24.93,24.34,24.62,2415120,1691798399999,59437200.0,66124,1237270.0,30459200.0
1691798400000,24.63,25.24,24.4,24.91,1814019,1691884799999,44812300.0,53245,942511.0,23288700.0
1691884800000,24.91,24.95,24.21,24.23,2013531,1691971199999,49547700.0,57328,880399.0,21675800.0
1691971200000,24.22,25.3,24.06,25.18,2935004,1692057599999,72516500.0,91465,1450930.0,35838900.0
1692057600000,25.19,25.42,23.74,23.9,3856499,1692143999999,94605200.0,117585,1837830.0,45072300.0
1692144000000,23.91,24.03,22.36,22.82,4333224,1692230399999,100698000.0,150330,1936500.0,45027900.0
1692230400000,22.82,23.43,20.0,21.66,6294552,1692316799999,140793000.0,252049,2943360.0,65860200.0
1692316800000,21.67,22.2,20.9,21.34,3890113,1692403199999,84162800.0,138029,1896330.0,41046400.0
1692403200000,21.34,22.18,21.29,21.9,1694233,1692489599999,36834100.0,61202,891842.0,19388600.0
1692489600000,21.89,22.04,21.57,21.77,1053613,1692575999999,22975800.0,39239,511205.0,11152500.0
1692576000000,21.78,21.79,20.3,21.2,2646392,1692662399999,55880100.0,92666,1276840.0,26957500.0
1692662400000,21.2,21.26,19.35,20.59,3635901,1692748799999,74265900.0,111941,1767270.0,36110700.0
1692748800000,20.59,21.82,20.33,21.74,3704351,1692835199999,78082900.0,109572,1947970.0,41102500.0
1692835200000,21.74,22.02,20.67,21.06,2719333,1692921599999,58030700.0,94349,1338950.0,28561800.0
1692921600000,21.05,21.06,20.09,20.42,2321828,1693007999999,47660800.0,84045,1136270.0,23322100.0
1693008000000,20.42,20.44,20.19,20.29,743690,1693094399999,15106400.0,31762,392967.0,7985430.0
1693094400000,20.28,20.92,20.24,20.79,1103527,1693180799999,22767300.0,42259,576127.0,11885800.0
1693180800000,20.79,20.8,20.03,20.56,1622344,1693267199999,33203600.0,57505,790355.0,16180600.0
1693267200000,20.57,22.05,20.12,21.79,5271802,1693353599999,112370000.0,154885,2654120.0,56639800.0
1693353600000,21.79,21.99,20.6,20.82,2462707,1693439999999,52277000.0,87991,1152390.0,24457400.0
1693440000000,20.82,21.07,19.43,19.74,3342647,1693526399999,67332500.0,100944,1657050.0,33382000.0
1693526400000,19.74,19.93,19.02,19.33,2517375,1693612799999,49096800.0,79529,1256450.0,24513800.0
1693612800000,19.33,19.69,19.13,19.5,1419244,1693699199999,27635800.0,46090,690736.0,13457700.0
1693699200000,19.5,19.67,19.23,19.57,1032118,1693785599999,20100300.0,34732,544544.0,10612000.0
1693785600000,19.57,20.05,19.15,19.52,2206040,1693871999999,43282200.0,70789,1135400.0,22294100.0
1693872000000,19.52,20.6,19.03,20.26,4197172,1693958399999,83331700.0,129532,2095170.0,41622700.0
1693958400000,20.26,20.39,19.14,19.64,3429947,1694044799999,67450800.0,106644,1631470.0,32100200.0
1694044800000,19.63,20.0,19.32,19.92,2375627,1694131199999,46704800.0,64638,1252700.0,24648400.0
1694131200000,19.92,20.28,19.37,19.61,1972055,1694217599999,38871200.0,62435,936710.0,18476500.0
1694217600000,19.6,19.61,19.38,19.44,646380,1694303999999,12603400.0,25500,286415.0,5586500.0
1694304000000,19.43,19.44,17.78,18.24,5630976,1694390399999,103501000.0,183349,2553850.0,46914400.0
1694390400000,18.23,18.46,17.33,17.72,4755173,1694476799999,84740700.0,148667,2415620.0,43080900.0
1694476800000,17.72,18.8,17.57,17.92,4818249,1694563199999,87276900.0,140802,2481670.0,44970700.0
1694563200000,17.91,18.56,17.69,18.4,4063710,1694649599999,73823300.0,131254,2102790.0,38216500.0
1694649600000,18.4,19.33,18.38,18.85,4397747,1694735999999,83152600.0,134383,2212520.0,41834400.0
1694736000000,18.85,19.5,18.55,19.14,2087888,1694822399999,39672400.0,82808,1033870.0,19644100.0
1694822400000,19.15,19.46,18.86,19.12,1416419,1694908799999,27107900.0,57493,730062.0,13971400.0
1694908800000,19.12,19.14,18.63,18.81,1073240,1694995199999,20277100.0,41993,515203.0,9734210.0
1694995200000,18.81,20.15,18.58,19.64,3731852,1695081599999,72857400.0,130244,1861680.0,36366500.0
1695081600000,19.65,20.42,19.58,20.03,3110481,1695167999999,62239300.0,211645,1330560.0,26616600.0
1695168000000,20.02,20.54,19.8,20.29,2588399,1695254399999,52138200.0,98759,1280100.0,25796900.0
1695254400000,20.29,20.29,19.29,19.46,2959370,1695340799999,58335200.0,98554,1403440.0,27676700.0
1695340800000,19.45,19.81,19.15,19.43,1857771,1695427199999,36258700.0,63414,951441.0,18571900.0
1695427200000,19.42,19.57,19.29,19.49,897913,1695513599999,17455700.0,30406,425799.0,8279150.0
1695513600000,19.48,19.68,19.2,19.36,1091027,1695599999999,21286800.0,38377,543178.0,10602800.0
1695600000000,19.36,19.74,19.07,19.39,1702995,1695686399999,33180600.0,52018,816927.0,15927400.0
1695686400000,19.39,19.53,18.84,19.03,1977196,1695772799999,38045900.0,51826,959380.0,18470900.0
1695772800000,19.03,19.48,18.73,19.14,2446438,1695859199999,46717100.0,69839,1226210.0,23433900.0
1695859200000,19.13,19.98,19.1,19.96,2804835,1695945599999,54608700.0,75243,1403120.0,27337400.0
1695945600000,19.97,20.46,19.85,20.28,2724984,1696031999999,55001600.0,79328,1239850.0,25027500.0
1696032000000,20.28,21.81,20.07,21.37,3565358,1696118399999,75104200.0,120229,1762150.0,37138400.0
1696118400000,21.37,24.5,21.13,23.87,6416329,1696204799999,147394000.0,250790,3136850.0,71991200.0
1696204800000,23.88,24.8,22.9,23.37,6313086,1696291199999,151138000.0,266005,3020460.0,72357900.0
1696291200000,23.38,24.77,23.21,23.6,5894722,1696377599999,141346000.0,242698,2957010.0,70948200.0
1696377600000,23.61,23.86,22.58,23.13,3945261,1696463999999,91358900.0,164119,1964930.0,45529100.0
1696464000000,23.13,23.76,22.53,22.7,3287723,1696550399999,75895800.0,128809,1778180.0,41054100.0
1696550400000,22.7,23.76,22.66,23.41,4366362,1696636799999,101516000.0,158535,2224010.0,51656900.0
1696636800000,23.41,24.21,23.08,23.3,2949842,1696723199999,69543100.0,101895,1529360.0,36078800.0
1696723200000,23.29,23.64,23.06,23.22,1934466,1696809599999,45188000.0,73711,994130.0,23228300.0
1696809600000,23.21,23.37,21.59,22.1,4186290,1696895999999,93745900.0,199566,1879900.0,42087700.0
1696896000000,22.09,22.48,21.69,22.11,2334716,1696982399999,51580600.0,90922,1194000.0,26390500.0
1696982400000,22.11,22.43,21.62,22.01,2734212,1697068799999,60337400.0,95593,1444310.0,31889300.0
1697068800000,22.01,22.05,20.93,21.28,2921129,1697155199999,62502300.0,89434,1321690.0,28263400.0
1697155200000,21.29,22.23,21.11,21.84,2403623,1697241599999,51985400.0,74853,1240630.0,26829400.0
1697241600000,21.85,22.31,21.8,22.0,1303775,1697327999999,28705600.0,43884,631090.0,13900600.0
1697328000000,22.0,22.17,21.66,21.93,1455966,1697414399999,31891000.0,48984,704314.0,15430900.0
1697414400000,21.93,24.75,21.89,23.95,6973643,1697500799999,163525000.0,247014,3500860.0,82095700.0
1697500800000,23.95,24.56,23.46,23.93,4456015,1697587199999,107192000.0,165585,2134060.0,51367000.0
1697587200000,23.94,24.43,23.36,23.42,2982410,1697673599999,71109900.0,96869,1527950.0,36465300.0
1697673600000,23.41,25.77,23.11,24.93,5889169,1697759999999,144450000.0,195325,3050620.0,74837900.0
1697760000000,24.92,27.5,24.73,27.03,7266627,1697846399999,192705000.0,279364,3735080.0,99002500.0
1697846400000,27.02,30.31,26.65,29.32,9576359,1697932799999,275425000.0,346600,4770220.0,137278000.0
1697932800000,29.33,30.01,28.09,29.05,5567480,1698019199999,161191000.0,213565,2664170.0,77189700.0
1698019200000,29.06,32.81,28.74,31.88,12178546,1698105599999,368359000.0,470731,6458230.0,195339000.0
1698105600000,31.88,32.61,29.5,30.17,11152278,1698191999999,348658000.0,462785,5518750.0,172691000.0
1698192000000,30.18,33.9,30.0,32.44,10582633,1698278399999,342328000.0,441499,5365360.0,173742000.0
1698278400000,32.43,33.28,30.73,32.77,6940181,1698364799999,222596000.0,300882,3335260.0,107049000.0
1698364800000,32.78,33.35,31.2,31.73,6273331,1698451199999,202864000.0,267809,3131950.0,101332000.0
1698451200000,31.73,32.51,31.35,31.63,2594478,1698537599999,82954800.0,115942,1217580.0,38955700.0
1698537600000,31.62,33.19,31.27,32.83,3483835,1698623999999,113025000.0,143590,1759310.0,57082300.0
1698624000000,32.83,35.35,32.28,34.94,7627255,1698710399999,260896000.0,302180,3885550.0,132963000.0
1698710400000,34.94,38.62,34.82,38.4,9267666,1698796799999,337466000.0,418248,4696940.0,171173000.0
1698796800000,38.41,46.9,37.81,41.15,19486360,1698883199999,804675000.0,1118913,9945010.0,410886000.0
1698883200000,41.16,44.57,38.65,40.23,14743831,1698969599999,615194000.0,803736,7547560.0,315208000.0
1698969600000,40.24,40.26,37.98,39.45,10290073,1699055999999,402363000.0,499933,5238980.0,204989000.0
1699056000000,39.45,42.72,39.0,42.41,7452582,1699142399999,307758000.0,375836,3781120.0,156078000.0
1699142400000,42.41,42.85,40.1,41.15,4117962,1699228799999,170745000.0,243247,1986930.0,82407500.0
1699228800000,41.16,42.2,39.66,42.16,4866559,1699315199999,197527000.0,311052,2442750.0,99189400.0
1699315200000,42.16,44.78,40.08,42.93,8826660,1699401599999,372908000.0,533222,4365760.0,184489000.0
1699401600000,42.93,43.88,42.25,43.13,4580371,1699487999999,197445000.0,257006,2266130.0,97699500.0
1699488000000,43.12,48.88,41.36,45.29,12546941,1699574399999,572434000.0,827876,6280530.0,286654000.0
1699574400000,45.3,57.54,45.05,56.67,14708555,1699660799999,748150000.0,1162737,7517260.0,382654000.0
1699660800000,56.67,63.95,53.55,56.34,13790858,1699747199999,802941000.0,1270979,6887290.0,401166000.0
1699747200000,56.36,61.86,54.5,56.28,10246085,1699833599999,593064000.0,937454,5027320.0,291266000.0
1699833600000,56.27,59.86,51.28,51.6,11066863,1699919999999,619758000.0,1105038,5340560.0,299484000.0
1699920000000,51.6,57.99,51.12,56.81,12213778,1700006399999,669746000.0,1083209,6111330.0,335358000.0
1700006400000,56.81,67.12,56.15,65.43,12800109,1700092799999,793158000.0,1286609,6595560.0,408705000.0
1700092800000,65.43,68.2,56.31,57.8,13868327,1700179199999,873422000.0,1258736,6991650.0,440547000.0
1700179200000,57.81,60.57,54.1,58.51,11968304,1700265599999,691078000.0,992117,6097100.0,352275000.0
1700265600000,58.52,59.37,54.7,58.56,7374947,1700351999999,423498000.0,554041,3635560.0,208823000.0
1700352000000,58.56,62.1,56.61,61.1,7009650,1700438399999,420647000.0,552196,3518220.0,211134000.0
1700438400000,61.1,61.33,56.0,56.57,7127562,1700524799999,419236000.0,593999,3631920.0,213594000.0
1700524800000,56.57,57.4,51.23,51.65,10741089,1700611199999,586407000.0,810170,5316180.0,290277000.0
1700611200000,51.65,58.94,51.43,57.56,7891465,1700697599999,437327000.0,471290,3969490.0,219824000.0
1700697600000,57.55,59.63,56.14,56.51,4925635,1700783999999,284148000.0,383230,2415860.0,139427000.0
1700784000000,56.52,58.79,56.2,56.86,3905652,1700870399999,224922000.0,319344,1935950.0,111531000.0
1700870400000,56.86,59.82,55.7,58.82,4095129,1700956799999,239441000.0,314780,2050700.0,120000000.0
1700956800000,58.81,59.04,56.12,57.57,3097837,1701043199999,178464000.0,250802,1529320.0,88157400.0
1701043200000,57.57,58.09,53.47,55.06,4618870,1701129599999,255150000.0,357965,2288370.0,126353000.0
1701129600000,55.06,58.65,53.94,58.18,5642916,1701215999999,318406000.0,367903,2971070.0,167670000.0
1701216000000,58.18,61.78,57.72,59.31,7574393,1701302399999,452934000.0,484253,3841910.0,229719000.0
1701302400000,59.31,61.7,58.75,59.3,4597104,1701388799999,275587000.0,341750,2349330.0,140860000.0
1701388800000,59.3,61.9,58.6,59.75,5422494,1701475199999,328237000.0,382246,2811550.0,170212000.0
1701475200000,59.74,63.9,59.67,63.66,4898504,1701561599999,303922000.0,364915,2606940.0,161751000.0
1701561600000,63.66,65.53,62.22,62.98,4675199,1701647999999,297939000.0,360268,2344820.0,149565000.0
1701648000000,62.99,65.25,59.75,61.64,7696216,1701734399999,480297000.0,525683,3912970.0,244110000.0
1701734400000,61.63,62.6,59.11,61.03,6032438,1701820799999,365960000.0,399777,3071780.0,186430000.0
1701820800000,61.04,66.68,61.03,61.85,11121136,1701907199999,708230000.0,848401,5600960.0,356858000.0
1701907200000,61.85,69.37,61.64,67.74,10648583,1701993599999,693832000.0,771637,5627630.0,367174000.0
1701993600000,67.74,75.3,67.74,74.94,11314830,1702079999999,813635000.0,814049,5808220.0,417590000.0
1702080000000,74.93,77.78,71.5,72.3,8809964,1702166399999,661734000.0,695172,4318990.0,324564000.0
1702166400000,72.31,74.89,70.67,74.87,5886808,1702252799999,429356000.0,434901,3020250.0,220434000.0
1702252800000,74.88,75.0,64.18,70.25,12970688,1702339199999,901956000.0,974088,6403380.0,445350000.0
1702339200000,70.24,72.42,65.75,68.6,7763464,1702425599999,541671000.0,588718,3808250.0,265720000.0
1702425600000,68.6,72.6,63.67,70.62,8271925,1702511999999,559579000.0,603343,4085050.0,276713000.0
1702512000000,70.62,76.24,68.18,75.68,7493589,1702598399999,543474000.0,633186,3743100.0,271784000.0
1702598400000,75.68,79.5,72.13,72.51,8834567,1702684799999,673034000.0,786885,4658170.0,355055000.0
1702684800000,72.51,77.22,71.18,73.72,5513080,1702771199999,410808000.0,466725,2849930.0,212362000.0
1702771200000,73.71,75.05,70.36,70.87,5108641,1702857599999,372478000.0,422507,2505360.0,182722000.0
1702857600000,70.85,75.46,67.0,74.42,7219822,1702943999999,509564000.0,611266,3748880.0,264906000.0
1702944000000,74.41,76.37,71.78,73.0,6086806,1703030399999,452724000.0,527336,3163100.0,235321000.0
1703030400000,73.0,84.14,72.96,82.21,10701294,1703116799999,844729000.0,949815,5495660.0,433777000.0
1703116800000,82.22,95.54,81.03,93.84,12129644,1703203199999,1071630000.0,1243866,6121730.0,540603000.0
1703203200000,93.86,99.5,90.34,97.9,11975122,1703289599999,1142230000.0,1304087,5989880.0,571587000.0
1703289600000,97.91,110.0,92.8,107.88,8336421,1703375999999,834086000.0,993004,4206560.0,421616000.0
1703376000000,107.88,118.1,107.3,112.45,12261699,1703462399999,1381820000.0,1666365,6115060.0,689414000.0
1703462400000,112.45,126.36,107.92,120.91,11114498,1703548799999,1304700000.0,1530670,5849530.0,687527000.0
1703548800000,120.91,121.36,102.09,112.49,12300095,1703635199999,1381920000.0,1600432,5982010.0,672000000.0
1703635200000,112.48,115.3,104.58,106.91,8972639,1703721599999,984653000.0,1233525,4485830.0,492092000.0
1703721600000,106.92,109.66,97.14,101.8,10194201,1703807999999,1043680000.0,1255836,4926940.0,504735000.0
1703808000000,101.8,110.0,99.0,106.17,9432539,1703894399999,998025000.0,1208220,4851390.0,513548000.0
1703894400000,106.17,107.47,100.62,101.9,4178340,1703980799999,432370000.0,527519,2025410.0,209655000.0
1703980800000,101.9,105.21,99.54,101.72,3821991,1704067199999,393155000.0,490129,1891120.0,194679000.0
1704067200000,101.72,109.93,101.44,109.91,4403310,1704153599999,464764000.0,563530,2246700.0,237205000.0
1704153600000,109.93,116.95,106.02,106.73,7831366,1704239999999,872702000.0,1029366,4008480.0,446827000.0
1704240000000,106.72,109.9,85.0,98.52,12221060,1704326399999,1229680000.0,1428502,6232540.0,627434000.0
1704326400000,98.52,108.15,96.6,104.91,7235483,1704412799999,737464000.0,828177,3653790.0,372489000.0
1704412800000,104.91,105.48,95.23,99.94,6703567,1704499199999,670655000.0,792668,3291710.0,329377000.0
1704499200000,99.93,100.3,91.53,93.77,5151478,1704585599999,489617000.0,613981,2480900.0,235955000.0
1704585600000,93.77,96.8,87.68,89.44,5547334,1704671999999,518107000.0,610413,2580920.0,241283000.0
1704672000000,89.44,99.97,85.16,97.88,9677497,1704758399999,898941000.0,1011344,4710090.0,438203000.0
1704758400000,97.88,104.89,95.25,99.36,8574931,1704844799999,856997000.0,1264291,4321290.0,432339000.0
1704844800000,99.36,105.52,91.68,102.0,8634280,1704931199999,844273000.0,1171099,4381450.0,428848000.0
1704931200000,101.99,107.32,97.67,99.9,8986683,1705017599999,917868000.0,1293558,4538500.0,463764000.0
1705017600000,99.89,100.49,87.0,92.12,6462190,1705103999999,617728000.0,875300,3043360.0,291131000.0
1705104000000,92.14,97.05,89.51,95.85,4054011,1705190399999,378015000.0,483031,2011240.0,187620000.0
1705190400000,95.85,102.87,93.62,93.81,5767905,1705276799999,563899000.0,756466,2891150.0,282744000.0
1705276800000,93.81,96.96,92.97,94.36,3605978,1705363199999,343223000.0,434916,1739740.0,165668000.0
1705363200000,94.35,98.73,94.16,97.61,3768288,1705449599999,364626000.0,443725,1892830.0,183227000.0
1705449600000,97.6,102.8,96.5,102.1,6932307,1705535999999,694509000.0,890899,3613340.0,362073000.0
1705536000000,102.1,103.59,91.41,94.4,6216673,1705622399999,605242000.0,714584,3072390.0,299430000.0
1705622400000,94.39,95.47,87.04,93.62,6357443,1705708799999,586831000.0,684705,3168210.0,292428000.0
1705708800000,93.62,94.27,90.2,92.88,2799386,1705795199999,258220000.0,301796,1369330.0,126305000.0
1705795200000,92.88,93.93,90.79,91.09,2013752,1705881599999,186423000.0,229723,969329.0,89740100.0
1705881600000,91.08,91.9,82.06,83.84,7065445,1705967999999,613927000.0,708563,3395320.0,295057000.0
1705968000000,83.84,86.0,79.0,84.35,8284305,1706054399999,677658000.0,830273,4120350.0,337302000.0
1706054400000,84.36,89.47,83.3,88.77,6058894,1706140799999,522038000.0,591745,3133570.0,270094000.0
1706140800000,88.77,89.64,85.09,86.91,4002698,1706227199999,350395000.0,475624,2000330.0,175171000.0
1706227200000,86.9,93.72,85.96,92.28,4693819,1706313599999,425941000.0,560673,2402890.0,218010000.0
1706313600000,92.29,94.5,90.68,94.28,2735837,1706399999999,253217000.0,302341,1423850.0,131819000.0
1706400000000,94.27,99.44,93.31,95.98,5618408,1706486399999,541703000.0,648842,2919220.0,281537000.0
1706486400000,95.99,101.98,95.06,101.68,5772520,1706572799999,569955000.0,634094,3007740.0,297077000.0
1706572800000,101.67,106.49,100.95,101.4,6990527,1706659199999,726848000.0,743499,3556510.0,369912000.0
1706659200000,101.4,102.73,95.9,96.96,8609957,1706745599999,859420000.0,914548,4288750.0,428288000.0
1706745600000,96.96,98.11,93.11,97.81,6556006,1706831999999,627562000.0,652301,3228200.0,309093000.0
1706832000000,97.81,102.57,97.39,100.58,5487862,1706918399999,548626000.0,580111,2751200.0,275124000.0
1706918400000,100.57,101.24,96.53,97.96,2787373,1707004799999,274762000.0,292310,1382290.0,136282000.0
1707004800000,97.95,98.59,95.08,95.49,2914876,1707091199999,282911000.0,295763,1423040.0,138173000.0
1707091200000,95.48,98.7,94.11,95.66,3891146,1707177599999,375073000.0,381857,1964210.0,189483000.0
1707177600000,95.66,97.88,92.88,96.88,4279238,1707263999999,408309000.0,407235,2154940.0,205596000.0
1707264000000,96.87,101.58,94.62,101.14,4577672,1707350399999,446039000.0,489245,2329140.0,227261000.0
1707350400000,101.14,104.98,100.51,102.76,5082811,1707436799999,521415000.0,574488,2548370.0,261425000.0
1707436800000,102.77,109.13,102.76,106.94,6686758,1707523199999,705847000.0,724146,3467050.0,366015000.0
1707523200000,106.94,110.86,106.86,109.01,3939526,1707609599999,429172000.0,451222,2005800.0,218541000.0
1707609600000,109.01,110.67,107.24,107.46,2755398,1707695999999,300071000.0,337007,1329300.0,144793000.0
1707696000000,107.46,112.22,103.4,111.64,6169652,1707782399999,665452000.0,684788,3098040.0,334280000.0
1707782400000,111.65,115.15,108.25,112.48,5622826,1707868799999,631903000.0,674183,2771350.0,311406000.0
1707868800000,112.49,118.69,110.61,116.97,4884824,1707955199999,563977000.0,593380,2535100.0,292809000.0
1707955200000,116.97,118.39,111.51,113.5,4927736,1708041599999,567750000.0,658457,2277420.0,262353000.0
1708041600000,113.5,114.25,107.94,110.33,3947133,1708127999999,438071000.0,521407,1907790.0,211814000.0
1708128000000,110.32,111.08,105.0,108.92,2897706,1708214399999,314211000.0,388340,1328720.0,144136000.0
1708214400000,108.92,114.04,107.51,112.24,3083834,1708300799999,343205000.0,414145,1589230.0,176806000.0
1708300800000,112.25,114.87,110.75,111.53,3746705,1708387199999,422130000.0,514577,1822770.0,205431000.0
1708387200000,111.53,112.11,103.0,108.31,5676734,1708473599999,614703000.0,732595,2793430.0,302433000.0
1708473600000,108.32,108.4,100.23,105.03,4752688,1708559999999,493623000.0,638631,2247490.0,233442000.0
1708560000000,105.04,107.1,101.53,101.76,3905642,1708646399999,408029000.0,532651,2017090.0,210745000.0
1708646400000,101.75,103.1,98.64,99.9,3546854,1708732799999,359325000.0,441289,1746510.0,176970000.0
1708732800000,99.91,104.85,98.48,104.01,2334116,1708819199999,237973000.0,300412,1238510.0,126297000.0
1708819200000,104.02,104.43,102.0,103.47,1967185,1708905599999,202983000.0,285185,933488.0,96331600.0
1708905600000,103.47,110.89,100.29,109.9,5392139,1708991999999,570413000.0,723403,2824020.0,298795000.0
1708992000000,109.9,112.3,105.29,108.36,6198164,1709078399999,679933000.0,910828,3061440.0,335848000.0
1709078400000,108.35,119.06,106.85,119.03,11832282,1709164799999,1332840000.0,1812047,6046390.0,681767000.0
1709164800000,119.03,134.65,117.15,125.68,13847087,1709251199999,1758040000.0,2407149,7077790.0,898386000.0
1709251200000,125.68,137.8,125.61,129.43,8376631,1709337599999,1112500000.0,1579108,4210210.0,559324000.0
1709337600000,129.43,131.69,127.2,130.02,4693252,1709423999999,605833000.0,935924,2356730.0,304358000.0
1709424000000,130.03,132.11,124.17,130.16,5228371,1709510399999,674383000.0,957739,2544720.0,328461000.0
1709510400000,130.16,134.95,127.35,133.27,8053685,1709596799999,1054040000.0,1354011,3948900.0,517039000.0
1709596800000,133.26,142.72,105.0,125.31,17035243,1709683199999,2212990000.0,2728801,8429670.0,1097210000.0
1709683200000,125.31,134.95,120.0,130.79,9581617,1709769599999,1233990000.0,1528038,4775650.0,614998000.0
1709769600000,130.8,149.3,130.52,143.82,10952975,1709855999999,1553230000.0,1976430,5566170.0,789451000.0
1709856000000,143.82,152.64,142.0,144.79,8096746,1709942399999,1186460000.0,1440300,4090160.0,599571000.0
1709942400000,144.79,149.15,143.54,144.29,3686877,1710028799999,539026000.0,669430,1716520.0,250937000.0
1710028800000,144.3,148.5,140.43,144.39,4489519,1710115199999,651014000.0,754488,2233250.0,323813000.0
1710115200000,144.39,150.2,136.49,148.83,7743384,1710201599999,1126190000.0,1296958,3991340.0,580053000.0
1710201600000,148.83,155.0,141.5,151.05,8930538,1710287999999,1337740000.0,1590998,4504140.0,675063000.0
1710288000000,151.06,166.73,148.71,163.9,7627286,1710374399999,1188030000.0,1411841,3999750.0,623239000.0
1710374400000,163.9,178.5,159.2,176.65,10423586,1710460799999,1755160000.0,2198598,5336100.0,899064000.0
1710460800000,176.65,188.98,164.5,183.95,17484962,1710547199999,3111250000.0,3444279,8939610.0,1592460000.0
1710547200000,183.95,197.95,176.78,182.05,13017058,1710633599999,2445060000.0,2909824,6537190.0,1228560000.0
1710633600000,182.05,205.2,178.55,201.86,10524537,1710719999999,2004360000.0,2323291,5418700.0,1032570000.0
1710720000000,201.85,210.18,193.8,195.92,11583736,1710806399999,2344960000.0,2540129,5989730.0,1213320000.0
1710806400000,195.92,198.68,166.0,169.82,16935299,1710892799999,3057450000.0,3396222,8742850.0,1578050000.0
1710892800000,169.82,193.19,162.45,191.77,12365785,1710979199999,2168360000.0,2660068,6335220.0,1112460000.0
1710979200000,191.76,195.68,175.84,179.46,8064317,1711065599999,1503730000.0,1955883,4312580.0,804179000.0
1711065600000,179.46,181.95,167.57,175.21,6152107,1711151999999,1071850000.0,1468995,3026580.0,527565000.0
1711152000000,175.21,179.0,170.38,172.65,3504717,1711238399999,614081000.0,859128,1719500.0,301275000.0
1711238400000,172.65,186.78,171.25,183.88,3578259,1711324799999,633070000.0,800450,1818340.0,321879000.0
1711324800000,183.87,194.6,180.92,188.99,5240092,1711411199999,990572000.0,1122467,2696880.0,509959000.0
1711411200000,188.98,196.57,186.0,190.46,4465611,1711497599999,855870000.0,968440,2252720.0,431665000.0
1711497600000,190.46,192.74,180.0,186.33,5173929,1711583999999,963119000.0,1098295,2584250.0,481344000.0
1711584000000,186.34,190.93,180.92,189.63,3602194,1711670399999,670716000.0,749165,1821400.0,339253000.0
1711670400000,189.64,193.0,183.39,192.01,3580116,1711756799999,671639000.0,728399,1814540.0,340476000.0
1711756800000,192.02,200.0,190.71,194.2,3491334,1711843199999,684129000.0,758168,1781910.0,349261000.0
1711843200000,194.19,203.17,193.69,202.45,2398135,1711929599999,474009000.0,522989,1280800.0,253313000.0
1711929600000,202.45,204.46,186.87,192.24,4599777,1712015999999,898621000.0,932165,2229760.0,435786000.0
1712016000000,192.24,192.24,175.92,181.53,5766777,1712102399999,1054470000.0,1161554,2858040.0,522807000.0
1712102400000,181.53,192.0,176.92,185.05,5010276,1712188799999,936613000.0,961764,2602010.0,486706000.0
1712188800000,185.05,190.13,180.02,184.0,3773747,1712275199999,698793000.0,728988,1864340.0,345450000.0
1712275200000,184.0,185.07,167.84,174.37,5000847,1712361599999,873276000.0,1053497,2322880.0,405538000.0
1712361600000,174.37,179.89,173.54,178.68,2641869,1712447999999,467411000.0,494775,1312170.0,232182000.0
1712448000000,178.69,182.71,176.85,179.52,2235798,1712534399999,402864000.0,460972,1110620.0,200129000.0
1712534400000,179.51,184.68,175.25,180.68,3690702,1712620799999,666301000.0,659397,1913260.0,345486000.0
1712620800000,180.68,180.9,169.11,172.42,3401886,1712707199999,595711000.0,638002,1687300.0,295513000.0
1712707200000,172.41,175.5,162.28,173.31,4653468,1712793599999,789367000.0,790630,2339050.0,396782000.0
1712793600000,173.3,176.32,170.07,172.37,3761197,1712879999999,651891000.0,649962,1916370.0,332245000.0
1712880000000,172.37,175.98,141.0,153.16,6842096,1712966399999,1093300000.0,1252007,3237770.0,517878000.0
1712966400000,153.16,155.0,116.0,138.47,15444420,1713052799999,2156730000.0,2344436,7404600.0,1032810000.0
1713052800000,138.47,152.84,130.45,151.25,12428371,1713139199999,1742130000.0,1910814,6267060.0,879302000.0
1713139200000,151.26,156.06,133.56,138.51,9332425,1713225599999,1359050000.0,1498623,4707830.0,686125000.0
1713225600000,138.51,140.57,126.4,136.22,9794712,1713311999999,1308020000.0,1530833,5036790.0,673072000.0
1713312000000,136.21,142.77,126.87,131.84,9559485,1713398399999,1287660000.0,1498645,4804190.0,647503000.0
1713398400000,131.84,144.25,127.62,142.07,7805068,1713484799999,1057710000.0,1213277,3940770.0,534498000.0
1713484800000,142.08,147.49,128.5,142.5,11145362,1713571199999,1564360000.0,1717920,5553880.0,779761000.0
1713571200000,142.5,152.39,139.66,151.22,4855974,1713657599999,705681000.0,796179,2482980.0,361526000.0
1713657600000,151.21,153.5,146.68,148.8,3646802,1713743999999,546976000.0,600110,1849080.0,277505000.0
1713744000000,148.81,158.5,146.63,156.95,4967360,1713830399999,760454000.0,804446,2538190.0,388604000.0
1713830400000,156.94,160.0,153.04,154.75,4102272,1713916799999,641853000.0,683700,1995500.0,312300000.0
1713916800000,154.75,159.8,145.58,147.78,6491963,1714003199999,1000740000.0,1056785,3201520.0,493662000.0
1714003200000,147.79,149.6,142.09,144.84,5417465,1714089599999,792818000.0,783470,2725440.0,399157000.0
1714089600000,144.83,146.19,138.74,139.23,3749354,1714175999999,536537000.0,616776,1873290.0,268157000.0
1714176000000,139.23,143.04,132.88,141.31,3821062,1714262399999,527111000.0,569425,1941660.0,268044000.0
1714262400000,141.31,144.82,137.03,137.99,2951914,1714348799999,420263000.0,438504,1514440.0,215713000.0
1714348800000,137.99,138.93,133.38,137.77,4267883,1714435199999,578946000.0,616036,2127630.0,288670000.0
1714435200000,137.79,139.77,121.21,126.77,6026555,1714521599999,780740000.0,989314,2987510.0,386735000.0
1714521600000,126.76,135.97,118.47,134.64,7991325,1714607999999,1008350000.0,1235535,3938880.0,497180000.0
1714608000000,134.64,140.9,128.19,137.58,5743466,1714694399999,775240000.0,881829,2943520.0,397167000.0
1714694400000,137.58,145.0,135.88,143.69,4524856,1714780799999,636701000.0,758139,2366850.0,333289000.0
1714780800000,143.7,149.14,142.22,146.05,2808003,1714867199999,409395000.0,500318,1391170.0,202858000.0
1714867200000,146.05,148.0,143.1,145.73,2131850,1714953599999,310504000.0,396560,1071040.0,156017000.0
1714953600000,145.74,156.89,145.4,152.82,4787442,1715039999999,729945000.0,854076,2483640.0,378747000.0
1715040000000,152.81,159.19,147.76,148.03,4486380,1715126399999,692684000.0,792273,2168240.0,334964000.0
1715126400000,148.03,152.0,140.0,142.18,4533265,1715212799999,661889000.0,756740,2235970.0,326687000.0
1715212800000,142.17,153.39,140.61,152.57,3912140,1715299199999,571152000.0,692980,2021210.0,295349000.0
1715299200000,152.56,155.75,144.49,146.01,4124775,1715385599999,618548000.0,802880,2015040.0,302574000.0
1715385600000,146.02,147.7,143.12,145.42,2017033,1715471999999,292868000.0,401566,978475.0,142069000.0
1715472000000,145.42,147.8,142.5,143.43,1422548,1715558399999,206518000.0,309808,701712.0,101909000.0
1715558400000,143.42,150.88,137.78,147.54,4407930,1715644799999,636617000.0,766364,2207830.0,319262000.0
1715644800000,147.53,149.09,141.82,142.03,3389933,1715731199999,491651000.0,573013,1661270.0,240957000.0
1715731200000,142.03,158.88,141.21,158.52,4885274,1715817599999,734214000.0,749405,2621800.0,394300000.0
1715817600000,158.52,164.79,156.46,159.37,4200113,1715903999999,675510000.0,763259,2104140.0,338488000.0
1715904000000,159.36,174.0,159.32,169.44,4097187,1715990399999,682670000.0,728905,2174940.0,362595000.0
1715990400000,169.43,176.06,168.65,172.4,2874474,1716076799999,496940000.0,577304,1439360.0,248934000.0
1716076800000,172.4,175.5,165.96,169.93,2696984,1716163199999,460508000.0,502213,1366740.0,233400000.0
1716163200000,169.93,188.32,167.47,186.7,5690569,1716249599999,1022050000.0,1057452,2986610.0,536994000.0
1716249600000,186.69,188.89,174.37,178.15,4727780,1716335999999,854999000.0,877587,2268070.0,409997000.0
1716336000000,178.15,185.0,174.96,176.95,4272900,1716422399999,766149000.0,850875,2219420.0,398102000.0
1716422400000,176.96,181.04,165.35,176.16,5598922,1716508799999,977277000.0,1037830,2906970.0,507396000.0
1716508800000,176.15,176.15,162.5,167.7,4819661,1716595199999,810029000.0,856617,2592690.0,436173000.0
1716595200000,167.7,170.55,165.9,168.35,1911443,1716681599999,321691000.0,405433,913345.0,153729000.0
1716681600000,168.35,168.4,161.0,163.41,3126118,1716767999999,512895000.0,537560,1562640.0,256366000.0
1716768000000,163.42,172.28,163.26,170.15,3260017,1716854399999,547344000.0,591480,1688220.0,283304000.0
1716854400000,170.15,173.24,164.92,168.68,3779251,1716940799999,637523000.0,714064,1882030.0,317687000.0
1716940800000,168.68,173.93,167.0,168.32,2946277,1717027199999,500444000.0,607907,1436220.0,244129000.0
1717027200000,168.32,173.0,163.55,166.88,3307767,1717113599999,555770000.0,592495,1611990.0,271024000.0
1717113600000,166.88,170.94,163.67,165.65,2592736,1717199999999,432816000.0,476139,1258130.0,210094000.0
1717200000000,165.65,167.95,165.64,166.14,1070499,1717286399999,178824000.0,214954,511532.0,85454700.0
1717286400000,166.14,167.1,161.32,163.15,1669578,1717372799999,274723000.0,308808,853473.0,140435000.0
1717372800000,163.14,167.21,161.79,164.89,2378017,1717459199999,392562000.0,409680,1220240.0,201507000.0
1717459200000,164.9,171.87,164.31,171.78,2124954,1717545599999,356126000.0,384488,1139890.0,191094000.0
1717545600000,171.78,175.6,170.0,173.54,2560224,1717631999999,443705000.0,435543,1255150.0,217608000.0
1717632000000,173.55,174.4,167.51,170.15,2116238,1717718399999,363766000.0,360006,1034610.0,177965000.0
1717718400000,170.15,172.85,152.92,162.5,3538852,1717804799999,584574000.0,665965,1649970.0,272719000.0
1717804800000,162.51,163.78,157.37,157.83,1789883,1717891199999,287654000.0,338015,848013.0,136308000.0
1717891200000,157.83,163.04,156.52,162.12,1444905,1717977599999,231109000.0,268602,722609.0,115568000.0
1717977600000,162.12,163.18,157.46,159.05,1760277,1718063999999,281864000.0,349749,879125.0,140740000.0
1718064000000,159.04,159.75,145.2,149.31,3646583,1718150399999,554101000.0,736163,1724840.0,262110000.0
1718150400000,149.31,161.84,145.44,155.22,3851856,1718236799999,598162000.0,801266,1934370.0,300519000.0
1718236800000,155.21,155.21,146.03,147.29,2573289,1718323199999,385605000.0,552143,1231600.0,184544000.0
1718323200000,147.29,149.0,139.67,143.05,3183461,1718409599999,460358000.0,606662,1561430.0,225956000.0
1718409600000,143.04,145.78,142.92,145.52,1346925,1718495999999,194646000.0,304623,697042.0,100741000.0
1718496000000,145.52,151.35,143.08,151.3,1405879,1718582399999,206571000.0,299425,732084.0,107640000.0
1718582400000,151.3,151.79,139.85,143.27,3412960,1718668799999,494336000.0,637261,1676850.0,242736000.0
1718668800000,143.28,143.82,127.95,137.41,6557977,1718755199999,888291000.0,1134962,3200590.0,433493000.0
1718755200000,137.41,141.9,134.47,135.62,3536777,1718841599999,488040000.0,614546,1772960.0,244574000.0
1718841600000,135.62,141.29,131.9,133.55,3507681,1718927999999,475841000.0,659932,1751540.0,237617000.0
1718928000000,133.55,135.38,128.76,134.6,3230074,1719014399999,426674000.0,631539,1664730.0,219970000.0
1719014400000,134.61,136.74,133.0,133.69,1399216,1719100799999,188366000.0,334153,658313.0,88649800.0
1719100800000,133.7,135.09,128.22,128.69,1492401,1719187199999,197001000.0,361092,721333.0,95160600.0
1719187200000,128.68,132.66,122.0,132.33,5583498,1719273599999,709427000.0,1013696,2739800.0,348243000.0
1719273600000,132.34,139.9,131.2,136.58,3963662,1719359999999,541176000.0,777729,1958900.0,267394000.0
1719360000000,136.57,140.41,134.85,136.81,2503428,1719446399999,343613000.0,454579,1272670.0,174703000.0
1719446400000,136.81,151.21,135.2,149.71,4450967,1719532799999,646251000.0,762694,2301440.0,334049000.0
1719532800000,149.71,150.84,139.01,140.03,3339031,1719619199999,481074000.0,646751,1615430.0,232728000.0
1719619200000,140.03,143.26,139.67,140.28,1468986,1719705599999,208157000.0,286106,787515.0,111613000.0
1719705600000,140.28,147.62,137.09,146.61,2086670,1719791999999,296853000.0,461577,1062410.0,151185000.0
1719792000000,146.61,149.36,145.87,146.67,2280253,1719878399999,336552000.0,506412,1159800.0,171193000.0
1719878400000,146.68,155.0,146.14,154.03,2776061,1719964799999,417015000.0,650428,1426510.0,214261000.0
1719964800000,154.03,154.5,139.01,140.84,4189342,1720051199999,607418000.0,942154,2064600.0,298831000.0
1720051200000,140.84,142.75,127.2,127.86,5230812,1720137599999,702763000.0,1340234,2592440.0,348468000.0
1720137600000,127.85,136.58,121.0,134.32,7669471,1720223999999,983389000.0,1888690,3698010.0,474758000.0
1720224000000,134.32,144.35,132.33,143.05,2873919,1720310399999,398979000.0,809402,1392970.0,193709000.0
1720310400000,143.05,143.33,131.23,131.64,2590805,1720396799999,357932000.0,824773,1286900.0,177853000.0
1720396800000,131.64,142.0,127.77,139.81,5708358,1720483199999,778234000.0,1758085,2931970.0,400252000.0
1720483200000,139.81,144.33,136.45,141.42,3363674,1720569599999,474835000.0,933893,1693600.0,239143000.0
1720569600000,141.43,146.2,138.6,141.98,2700826,1720655999999,384434000.0,768227,1399110.0,199167000.0
1720656000000,141.99,146.1,135.64,135.73,3363094,1720742399999,472186000.0,946184,1661830.0,233471000.0
1720742400000,135.73,140.55,133.92,139.46,2929528,1720828799999,400571000.0,829615,1462390.0,200091000.0
1720828800000,139.47,143.6,137.94,141.9,1357178,1720915199999,190214000.0,448463,688087.0,96464200.0
1720915200000,141.89,148.56,141.87,147.66,2997467,1721001599999,435942000.0,768260,1481510.0,215481000.0
1721001600000,147.66,159.95,147.0,159.38,3428849,1721087999999,526088000.0,1139996,1767220.0,271286000.0
1721088000000,159.37,162.49,152.57,160.62,3988105,1721174399999,629159000.0,1421402,1950390.0,307884000.0
1721174400000,160.62,163.8,154.68,155.5,2840583,1721260799999,453685000.0,971401,1375670.0,219933000.0
1721260800000,155.5,161.6,155.07,159.22,2584704,1721347199999,409280000.0,901379,1275990.0,202105000.0
1721347200000,159.22,172.42,156.07,169.13,4685513,1721433599999,774783000.0,1483093,2333400.0,385958000.0
1721433600000,169.12,175.1,167.27,173.6,2047796,1721519999999,350329000.0,702512,1030800.0,176491000.0
1721520000000,173.6,185.17,170.27,184.49,3684536,1721606399999,651749000.0,1188870,1821410.0,322197000.0
1721606400000,184.49,185.0,176.71,178.9,3345610,1721692799999,602525000.0,1095481,1538090.0,277052000.0
1721692800000,178.9,180.54,169.72,173.03,3895827,1721779199999,682470000.0,1371959,1826850.0,320266000.0
1721779200000,173.03,182.5,170.9,178.06,3845178,1721865599999,682706000.0,1269686,1978310.0,351416000.0
1721865600000,178.07,179.59,165.42,171.85,4859387,1721951999999,829733000.0,1699682,2349890.0,401483000.0
1721952000000,171.86,185.01,171.69,183.06,3030603,1722038399999,541456000.0,1012900,1570560.0,280762000.0
1722038400000,183.07,188.33,178.11,183.92,3518852,1722124799999,647090000.0,1221390,1755500.0,323038000.0
1722124800000,183.92,186.77,181.16,184.9,1901474,1722211199999,350662000.0,748871,931214.0,171817000.0
1722211200000,184.91,193.98,181.57,182.57,4024560,1722297599999,759977000.0,1320755,1967220.0,371828000.0
1722297600000,182.57,184.95,175.39,179.16,3074498,1722383999999,555301000.0,1162904,1430910.0,258554000.0
1722384000000,179.16,185.1,171.61,171.71,3250863,1722470399999,582940000.0,1245080,1612650.0,289616000.0
1722470400000,171.7,172.91,157.91,167.37,5523498,1722556799999,917091000.0,1849971,2587950.0,429763000.0
1722556800000,167.37,169.43,150.0,152.77,5553018,1722643199999,880989000.0,2396392,2668250.0,423266000.0
1722643200000,152.78,154.05,140.0,142.52,5444955,1722729599999,803133000.0,1940755,2781020.0,410572000.0
1722729600000,142.53,146.08,131.22,138.33,7037715,1722815999999,979026000.0,2391187,3596280.0,500464000.0
1722816000000,138.32,139.37,110.0,129.78,24267558,1722902399999,3003270000.0,7092579,11769200.0,1457360000.0
1722902400000,129.79,149.59,129.4,144.4,8362644,1722988799999,1184670000.0,3567599,4250030.0,601986000.0
1722988800000,144.4,155.0,142.21,144.77,8372308,1723075199999,1249650000.0,3639741,4172450.0,622750000.0
1723075200000,144.78,163.7,141.4,163.13,7303134,1723161599999,1137210000.0,3235989,3683640.0,573963000.0
1723161600000,163.12,163.54,150.72,156.28,4098735,1723247999999,639908000.0,1938541,2043790.0,319106000.0
1723248000000,156.29,158.75,152.54,154.01,1885839,1723334399999,291665000.0,1077252,942708.0,145823000.0
1723334400000,154.01,158.0,141.2,141.57,3468314,1723420799999,517779000.0,1395573,1610590.0,240858000.0
1723420800000,141.56,150.79,141.2,146.29,4946945,1723507199999,721770000.0,1945549,2479170.0,361710000.0
1723507200000,146.29,149.82,142.92,146.65,2865655,1723593599999,418948000.0,1243626,1444600.0,211242000.0
1723593600000,146.65,152.18,142.36,143.71,3927149,1723679999999,575679000.0,1172123,1922550.0,281925000.0
1723680000000,143.7,147.64,137.78,142.58,4229039,1723766399999,603099000.0,1687515,2061370.0,294188000.0
1723766400000,142.58,144.88,136.1,139.04,4035321,1723852799999,567441000.0,1602737,1916580.0,269787000.0
1723852800000,139.04,141.99,137.61,141.93,1561594,1723939199999,218485000.0,647642,801082.0,112104000.0
1723939200000,141.92,147.31,140.56,142.42,2352047,1724025599999,339317000.0,908299,1147600.0,165549000.0
1724025600000,142.42,146.19,140.33,144.29,2940358,1724111999999,420454000.0,1271189,1438680.0,205787000.0
1724112000000,144.28,148.83,141.0,142.27,3021468,1724198399999,437968000.0,1009714,1488010.0,215809000.0
1724198400000,142.27,144.42,138.7,142.79,2519582,1724284799999,357577000.0,1129613,1184230.0,168106000.0
1724284800000,142.78,144.88,140.63,143.22,1825403,1724371199999,260990000.0,1002758,888734.0,127104000.0
1724371200000,143.23,154.08,142.68,153.26,3781090,1724457599999,557771000.0,1357176,1977970.0,292299000.0
1724457600000,153.27,162.3,151.97,160.67,3739087,1724543999999,588657000.0,1734854,1971470.0,310323000.0
1724544000000,160.67,162.0,155.25,158.92,2629084,1724630399999,416869000.0,1494935,1271740.0,201784000.0
1724630400000,158.92,162.0,155.53,157.12,3318398,1724716799999,526697000.0,1884429,1603780.0,254662000.0
1724716800000,157.12,159.69,145.03,146.79,3650376,1724803199999,559434000.0,1731229,1723420.0,264221000.0
1724803200000,146.78,149.3,140.53,143.95,4270867,1724889599999,619454000.0,2176364,2032790.0,294900000.0
1724889600000,143.96,147.36,138.05,140.0,2921817,1724975999999,418889000.0,1240221,1441750.0,206809000.0
1724976000000,140.01,141.11,132.04,137.99,4038797,1725062399999,552773000.0,1698401,1959790.0,268204000.0
1725062400000,137.99,139.23,134.49,135.35,1230211,1725148799999,168333000.0,591531,621349.0,85020900.0
1725148800000,135.35,136.15,127.66,128.5,2928445,1725235199999,386815000.0,1198069,1436430.0,189836000.0
1725235200000,128.5,135.39,126.8,134.94,3146316,1725321599999,411715000.0,1260396,1605290.0,210238000.0
1725321600000,134.95,138.13,127.15,127.54,2627382,1725407999999,347419000.0,1240227,1230670.0,162992000.0
1725408000000,127.54,134.98,122.6,133.64,3814059,1725494399999,493863000.0,1556072,1890100.0,244864000.0
1725494400000,133.64,135.58,127.85,129.41,2762037,1725580799999,363815000.0,1232457,1307990.0,172462000.0
1725580800000,129.4,134.29,120.0,125.05,5494252,1725667199999,698282000.0,2536448,2519640.0,320867000.0
1725667200000,125.05,129.5,124.13,127.71,2111597,1725753599999,268367000.0,805061,1091450.0,138737000.0
1725753600000,127.72,131.7,126.61,130.15,1971920,1725839999999,254464000.0,796387,982486.0,126782000.0
1725840000000,130.15,137.09,126.96,135.08,3664957,1725926399999,481086000.0,1522972,1858720.0,244054000.0
1725926400000,135.07,138.0,132.5,135.63,2305171,1726012799999,311229000.0,1208968,1132210.0,152941000.0
1726012800000,135.64,135.91,128.2,132.42,3139383,1726099199999,414398000.0,1674623,1554050.0,205192000.0
1726099200000,132.43,136.78,132.38,136.05,2273359,1726185599999,306780000.0,1205435,1167800.0,157599000.0
1726185600000,136.06,139.8,131.7,139.02,2714532,1726271999999,368360000.0,1086185,1342390.0,182301000.0
1726272000000,139.02,139.8,135.6,137.14,1396833,1726358399999,192269000.0,573529,689635.0,94934400.0
1726358400000,137.15,137.95,130.43,131.37,1850457,1726444799999,248848000.0,769118,858818.0,115525000.0
1726444800000,131.38,132.4,128.91,131.47,2136388,1726531199999,279606000.0,1104570,1010350.0,132263000.0
1726531200000,131.47,135.55,130.12,131.54,2339846,1726617599999,310575000.0,1168533,1147980.0,152406000.0
1726617600000,131.54,134.45,127.07,134.34,3309787,1726703999999,430930000.0,1494231,1712980.0,223100000.0
1726704000000,134.34,144.04,134.27,142.89,4130435,1726790399999,577699000.0,1537605,2124830.0,297082000.0
1726790400000,142.88,152.5,141.18,146.66,4488101,1726876799999,664078000.0,1794412,2179100.0,322332000.0
1726876800000,146.67,150.25,144.61,149.41,1916733,1726963199999,282626000.0,706885,962477.0,142042000.0
1726963200000,149.42,149.92,141.12,144.63,2165963,1727049599999,314114000.0,885013,1090230.0,158138000.0
1727049600000,144.64,149.07,142.13,144.79,3226374,1727135999999,467054000.0,1211468,1598540.0,231509000.0
1727136000000,144.79,154.0,143.09,152.73,4015503,1727222399999,592207000.0,1369350,2040120.0,301146000.0
1727222400000,152.74,153.93,147.28,147.98,2728253,1727308799999,411459000.0,1011746,1279500.0,193068000.0
1727308800000,147.97,158.05,146.57,155.55,4251221,1727395199999,653415000.0,1235687,2135760.0,328184000.0
1727395200000,155.54,161.43,153.89,157.64,3725661,1727481599999,588311000.0,1260105,1935510.0,305737000.0
1727481600000,157.63,159.43,155.0,156.75,1580834,1727567999999,248278000.0,704766,772025.0,121279000.0
1727568000000,156.75,161.78,155.09,158.46,2350658,1727654399999,371044000.0,1021753,1216210.0,192036000.0
1727654400000,158.47,159.77,151.73,152.49,3240682,1727740799999,505194000.0,1706379,1548910.0,241514000.0
1727740800000,152.51,157.34,142.29,145.13,4991241,1727827199999,745513000.0,2123355,2320600.0,346606000.0
1727827200000,145.12,148.96,138.61,140.18,3817606,1727913599999,550571000.0,2440923,1891710.0,272948000.0
1727913600000,140.18,142.96,133.11,136.82,3742348,1727999999999,514813000.0,2544894,1896550.0,261034000.0
1728000000000,136.81,144.55,135.95,143.24,3120152,1728086399999,439092000.0,1282445,1658620.0,233396000.0
1728086400000,143.24,144.93,141.06,142.59,1475218,1728172799999,211080000.0,714484,724366.0,103689000.0
1728172800000,142.59,146.75,142.0,146.48,1409071,1728259199999,203955000.0,763554,712534.0,103158000.0
1728259200000,146.47,152.4,143.5,143.96,3607755,1728345599999,535057000.0,1768564,1708410.0,253496000.0
1728345600000,143.97,145.6,141.17,143.49,2153828,1728431999999,309327000.0,1304792,1054120.0,151479000.0
1728432000000,143.5,145.34,138.66,139.33,2071518,1728518399999,293977000.0,1265373,995997.0,141416000.0
1728518400000,139.33,140.92,135.52,139.03,2289783,1728604799999,316767000.0,1253504,1120810.0,155118000.0
1728604800000,139.04,146.62,138.68,145.53,2269089,1728691199999,325025000.0,1028243,1162230.0,166463000.0
1728691200000,145.52,147.32,144.71,146.4,1347680,1728777599999,197164000.0,587595,658169.0,96316100.0
1728777600000,146.39,148.86,144.45,147.74,1599055,1728863999999,234392000.0,827089,804325.0,117966000.0
1728864000000,147.74,158.1,146.8,157.59,3987055,1728950399999,612699000.0,1744075,2100060.0,322742000.0
1728950400000,157.59,159.73,150.3,154.76,4480025,1729036799999,692976000.0,2210459,2204040.0,341126000.0
1729036800000,154.76,158.41,153.0,154.28,2851816,1729123199999,442240000.0,1710126,1391660.0,215889000.0
1729123200000,154.28,155.73,147.66,150.5,2664810,1729209599999,404741000.0,1329012,1303120.0,197909000.0
1729209600000,150.5,156.65,149.56,154.94,1829394,1729295999999,281306000.0,1063679,943353.0,145077000.0
1729296000000,154.93,159.85,153.45,159.79,1724504,1729382399999,269206000.0,678270,886923.0,138502000.0
1729382400000,159.79,167.94,157.58,167.4,3094699,1729468799999,499092000.0,1326223,1622030.0,261874000.0
1729468800000,167.4,171.76,160.99,166.17,4807759,1729555199999,802249000.0,2074468,2411050.0,402494000.0
1729555200000,166.16,170.99,162.99,167.59,4115686,1729641599999,688161000.0,1526765,2110350.0,352958000.0
1729641600000,167.6,174.3,164.13,170.85,4509792,1729727999999,757152000.0,2198916,2295810.0,385823000.0
1729728000000,170.86,179.3,170.5,177.19,3893052,1729814399999,680677000.0,1905295,2088150.0,365234000.0
1729814400000,177.19,177.6,159.12,164.9,5718307,1729900799999,975203000.0,2802265,2655830.0,453382000.0
1729900800000,164.91,173.25,162.43,170.88,3010703,1729987199999,505678000.0,1497920,1642700.0,276044000.0
1729987200000,170.87,178.27,170.26,176.63,2606132,1730073599999,456431000.0,1472999,1361180.0,238376000.0
1730073600000,176.63,179.8,172.45,178.29,3877330,1730159999999,682721000.0,2015079,1912480.0,336903000.0
1730160000000,178.28,183.38,176.41,179.42,4046110,1730246399999,729686000.0,2186480,2112670.0,381174000.0
1730246400000,179.43,181.36,173.01,174.87,2893113,1730332799999,510368000.0,1693721,1334990.0,235674000.0
1730332800000,174.87,176.56,167.56,168.69,2661529,1730419199999,458128000.0,1555163,1237630.0,213030000.0
1730419200000,168.69,174.0,163.43,166.1,3325662,1730505599999,557854000.0,2057625,1640880.0,275304000.0
1730505600000,166.11,168.61,162.11,166.17,1603274,1730591999999,264910000.0,985042,756762.0,125182000.0
1730592000000,166.16,166.61,157.82,162.53,2745310,1730678399999,443631000.0,1259979,1290390.0,208510000.0
1730678400000,162.52,165.04,155.11,157.95,3019251,1730764799999,486901000.0,1767941,1384420.0,223155000.0
1730764800000,157.95,169.3,156.86,166.62,3438157,1730851199999,563102000.0,1606290,1769460.0,289946000.0
1730851200000,166.63,190.01,166.4,186.59,10385236,1730937599999,1909190000.0,3093254,5386860.0,990267000.0
1730937600000,186.59,197.84,185.84,196.35,4210330,1731023999999,805299000.0,2196009,2119940.0,405573000.0
1731024000000,196.36,205.0,195.64,199.85,5129244,1731110399999,1026700000.0,2638632,2660770.0,532772000.0
1731110400000,199.86,203.45,194.86,199.89,2833305,1731196799999,565545000.0,1495027,1380680.0,275723000.0
1731196800000,199.89,215.27,198.68,210.07,7968628,1731283199999,1650290000.0,3972272,4075870.0,844256000.0
1731283200000,210.07,224.0,204.16,222.13,8935307,1731369599999,1923340000.0,4568795,4678280.0,1006640000.0
1731369600000,222.12,225.21,204.71,211.64,9001991,1731455999999,1932230000.0,5190083,4263100.0,916191000.0
1731456000000,211.63,220.44,200.67,215.13,10834053,1731542399999,2287310000.0,6265437,5276570.0,1114450000.0
1731542400000,215.14,222.8,206.78,209.57,7458524,1731628799999,1606850000.0,4182236,3685570.0,794800000.0
1731628800000,209.57,220.5,204.48,218.45,5271092,1731715199999,1117550000.0,3372136,2845880.0,603910000.0
1731715200000,218.44,221.99,213.35,215.71,4204469,1731801599999,915510000.0,2296856,2212510.0,482053000.0
1731801600000,215.72,242.33,212.1,237.47,8433424,1731887999999,1960590000.0,3010544,4311880.0,1001610000.0
1731888000000,237.47,248.44,234.01,239.79,7485850,1731974399999,1804490000.0,3957941,3805350.0,917583000.0
1731974400000,239.79,247.5,233.4,237.63,5595613,1732060799999,1350660000.0,3110191,2789660.0,673738000.0
1732060800000,237.64,242.54,230.37,235.48,5472203,1732147199999,1289750000.0,2032597,2696260.0,635454000.0
1732147200000,235.48,259.8,229.6,256.37,8595940,1732233599999,2120000000.0,4031098,4559690.0,1124570000.0
1732233600000,256.38,264.39,251.47,256.9,5155182,1732319999999,1326800000.0,2948004,2554620.0,657888000.0
1732320000000,256.9,264.0,252.69,254.89,4836783,1732406399999,1248450000.0,2659103,2377510.0,613950000.0
1732406400000,254.9,259.78,240.93,252.73,3665246,1732492799999,918827000.0,2627402,1760700.0,441700000.0
1732492800000,252.74,256.7,231.21,234.18,4699636,1732579199999,1149250000.0,2322351,2311170.0,565768000.0
1732579200000,234.18,239.66,221.8,230.69,5012621,1732665599999,1157330000.0,2836351,2432090.0,561972000.0
1732665600000,230.69,243.33,227.51,241.96,3807284,1732751999999,898274000.0,2039178,1999350.0,471526000.0
1732752000000,241.96,245.28,232.8,237.59,2694033,1732838399999,640997000.0,1578431,1297610.0,308765000.0
1732838400000,237.58,246.77,236.55,243.33,2890806,1732924799999,699720000.0,1929299,1446270.0,350172000.0
1732924800000,243.33,245.4,237.5,237.6,2279257,1733011199999,550411000.0,1597288,1121400.0,270906000.0
1733011200000,237.6,239.89,234.1,236.8,2435873,1733097599999,577329000.0,1318224,1192850.0,282771000.0
1733097600000,236.79,238.2,220.0,225.72,5868060,1733183999999,1332640000.0,3614201,2891680.0,656458000.0
1733184000000,225.73,239.6,215.0,233.92,6918605,1733270399999,1569310000.0,3078327,3583840.0,813327000.0
1733270400000,233.92,241.0,224.67,229.15,4966864,1733356799999,1160640000.0,2318217,2433470.0,568808000.0
1733356800000,229.15,244.77,222.95,235.84,7391550,1733443199999,1743320000.0,4216711,3702870.0,874294000.0
1733443200000,235.84,247.0,230.92,236.87,5136554,1733529599999,1225760000.0,2524507,2594660.0,619367000.0
1733529600000,236.87,243.61,234.12,238.14,2933621,1733615999999,701580000.0,1606160,1555010.0,372038000.0
1733616000000,238.14,241.51,233.22,237.02,2222838,1733702399999,526456000.0,1517123,1051550.0,249206000.0
1733702400000,237.02,237.28,203.0,216.63,7391584,1733788799999,1645630000.0,3396912,3506520.0,781937000.0
1733788800000,216.62,221.06,203.21,213.6,7018708,1733875199999,1494400000.0,3598912,3534130.0,752874000.0
1733875200000,213.6,230.65,211.51,227.29,4688485,1733961599999,1044770000.0,2618186,2446780.0,544705000.0
1733961600000,227.29,234.69,225.67,226.96,3559104,1734047999999,818643000.0,2608984,1735720.0,399322000.0
1734048000000,226.95,228.44,220.6,224.79,2889527,1734134399999,648286000.0,2190401,1434110.0,321881000.0
1734134400000,224.79,227.51,215.13,219.93,2155654,1734220799999,478317000.0,1665180,1064990.0,236469000.0
1734220800000,219.94,225.5,215.68,224.27,2130908,1734307199999,469130000.0,1736084,1153740.0,254039000.0
1734307200000,224.26,227.56,213.26,216.19,3863409,1734393599999,847551000.0,2819674,1935270.0,424478000.0
1734393600000,216.19,228.95,211.36,223.15,5177737,1734479999999,1148990000.0,3540116,2570360.0,570953000.0
1734480000000,223.16,226.04,204.8,206.53,5565927,1734566399999,1191310000.0,3308807,2603000.0,557612000.0
1734566400000,206.53,212.14,187.0,193.81,7402650,1734652799999,1481800000.0,2909503,3442410.0,688754000.0
1734652800000,193.82,199.81,175.26,194.48,9793384,1734739199999,1829760000.0,2947219,4943660.0,924183000.0
1734739200000,194.48,201.98,178.3,181.45,5243573,1734825599999,988401000.0,1709667,2452590.0,462986000.0
1734825600000,181.46,187.87,176.88,180.52,3573369,1734911999999,650667000.0,1394689,1740360.0,317004000.0
1734912000000,180.53,193.48,176.48,190.11,4217664,1734998399999,778371000.0,1557287,2208170.0,407840000.0
1734998400000,190.12,199.0,186.13,197.09,2709578,1735084799999,525182000.0,1127114,1379800.0,267596000.0
1735084800000,197.09,201.85,195.0,197.44,1958644,1735171199999,388542000.0,1035650,997910.0,198046000.0
1735171200000,197.45,199.71,186.54,188.46,2045566,1735257599999,392011000.0,1279313,990227.0,189788000.0
1735257600000,188.46,194.39,182.74,184.22,1946510,1735343999999,366402000.0,1296546,991254.0,186569000.0
1735344000000,184.22,196.1,183.82,195.5,1494848,1735430399999,283725000.0,840578,782995.0,148677000.0
1735430400000,195.5,197.71,188.57,189.94,1560190,1735516799999,302551000.0,861977,762049.0,147914000.0
1735516800000,189.94,196.47,185.89,191.38,2415985,1735603199999,462393000.0,1417191,1219310.0,233426000.0
1735603200000,191.37,199.27,188.04,189.31,2461978,1735689599999,476451000.0,1249847,1259410.0,243744000.0
1735689600000,189.31,195.33,188.0,194.28,1655160,1735775999999,316558000.0,865024,857582.0,163985000.0
1735776000000,194.28,210.48,193.43,208.31,3224924,1735862399999,660170000.0,1615355,1719020.0,351938000.0
1735862400000,208.3,219.83,205.63,217.99,3251087,1735948799999,694371000.0,1394237,1695960.0,362160000.0
1735948800000,218.0,218.18,213.54,216.67,1943711,1736035199999,420200000.0,890249,975960.0,211027000.0
1736035200000,216.67,219.05,211.46,213.41,2101041,1736121599999,451131000.0,902175,988852.0,212590000.0
1736121600000,213.41,223.18,211.56,218.22,2855363,1736207999999,621928000.0,1394456,1485390.0,323715000.0
1736208000000,218.22,219.11,201.8,202.17,3742298,1736294399999,786522000.0,1475754,1916570.0,403122000.0
1736294400000,202.17,203.28,188.34,197.48,4446830,1736380799999,873913000.0,2031142,2338630.0,459705000.0
1736380800000,197.48,199.06,182.0,184.95,3607147,1736467199999,684345000.0,1961684,1801370.0,341922000.0
1736467200000,184.96,193.02,183.51,187.68,3642892,1736553599999,687354000.0,1852360,1741770.0,328494000.0
1736553600000,187.69,191.91,184.01,188.09,2204486,1736639999999,411533000.0,937504,1064110.0,198772000.0
1736640000000,188.09,191.0,185.17,188.51,1330917,1736726399999,250109000.0,723323,677589.0,127323000.0
1736726400000,188.5,191.99,168.88,182.87,5669926,1736812799999,1015650000.0,2547519,2692190.0,482873000.0
1736812800000,182.86,190.11,181.88,187.57,2737355,1736899199999,510259000.0,1379846,1349250.0,251577000.0
1736899200000,187.57,206.04,185.84,205.86,3768611,1736985599999,735465000.0,1825631,1969500.0,384829000.0
1736985600000,205.86,217.14,198.47,211.14,5710256,1737071999999,1196140000.0,2762727,3008390.0,630879000.0
1737072000000,211.15,222.11,209.84,219.51,4384473,1737158399999,952526000.0,2186663,2205430.0,479043000.0
1737158400000,219.52,270.67,217.29,261.97,19971982,1737244799999,4849480000.0,9712182,10428800.0,2531310000.0
1737244800000,261.97,295.83,236.68,252.42,25051668,1737331199999,6733960000.0,16728916,12554000.0,3377670000.0
1737331200000,252.4,273.29,229.44,242.19,16879576,1737417599999,4215740000.0,13411844,8415720.0,2101080000.0
1737417600000,242.18,260.06,230.0,250.33,7882737,1737503999999,1907070000.0,6181509,3813590.0,923048000.0
1737504000000,250.33,272.03,248.43,257.36,6223428,1737590399999,1612460000.0,4791221,3103830.0,804872000.0
1737590400000,257.37,258.48,242.19,253.11,6802763,1737676799999,1698330000.0,5535365,3354270.0,837409000.0
1737676800000,253.12,270.18,247.18,253.37,5214295,1737763199999,1357940000.0,4402292,2659840.0,692912000.0
1737763200000,253.36,260.78,246.33,256.41,3703989,1737849599999,934052000.0,2767492,1825160.0,460242000.0
1737849600000,256.4,260.16,240.32,240.5,3028016,1737935999999,766489000.0,2339798,1478690.0,374516000.0
1737936000000,240.49,242.68,220.89,234.89,8916621,1738022399999,2058030000.0,6699907,4307850.0,994454000.0
1738022400000,234.9,244.0,225.01,227.06,3483450,1738108799999,819685000.0,3282972,1738050.0,409131000.0
1738108800000,227.06,238.49,222.63,228.16,3844194,1738195199999,886980000.0,3509070,1868140.0,431144000.0
1738195200000,228.16,244.7,226.84,238.31,3341266,1738281599999,799767000.0,2468882,1703750.0,407711000.0
1738281600000,238.3,241.82,228.24,231.77,2942166,1738367999999,694072000.0,2082835,1427470.0,336960000.0
1738368000000,231.77,236.46,212.74,213.03,2849749,1738454399999,640184000.0,1972665,1362660.0,306512000.0
1738454400000,213.03,218.9,192.31,203.51,7255500,1738540799999,1496340000.0,5307616,3346730.0,691550000.0
1738540800000,203.52,218.7,175.89,216.28,12836970,1738627199999,2538320000.0,10116876,6239170.0,1235400000.0
1738627200000,216.27,219.97,201.87,206.64,6024194,1738713599999,1265060000.0,4811821,2948760.0,619597000.0
1738713600000,206.64,209.39,195.14,196.12,3154802,1738799999999,639425000.0,2851688,1540120.0,312339000.0
1738800000000,196.12,203.98,187.39,189.54,3444767,1738886399999,674411000.0,2708547,1663270.0,325995000.0
1738886400000,189.53,203.42,188.12,191.99,3925597,1738972799999,767994000.0,3039573,1974030.0,386334000.0
1738972800000,192.0,200.88,189.81,199.32,1967597,1739059199999,382618000.0,1656928,969158.0,188600000.0
1739059200000,199.32,207.37,193.53,200.47,2879138,1739145599999,578325000.0,2101908,1427660.0,286756000.0
1739145600000,200.47,209.05,195.85,200.47,4040841,1739231999999,819921000.0,2637756,2089480.0,423911000.0
1739232000000,200.47,206.18,195.12,197.96,3930238,1739318399999,792183000.0,2289535,1920200.0,387186000.0
1739318400000,197.95,198.56,188.48,196.78,3898533,1739404799999,756076000.0,2807925,1863750.0,361452000.0
1739404800000,196.78,198.47,188.78,194.25,2427772,1739491199999,468975000.0,1950076,1139380.0,220182000.0
1739491200000,194.24,205.34,194.11,199.39,3727686,1739577599999,744993000.0,2047732,1917940.0,383311000.0
1739577600000,199.4,200.27,192.61,194.48,1633300,1739663999999,319980000.0,1231341,778171.0,152425000.0
1739664000000,194.47,196.24,186.3,188.27,2009381,1739750399999,383705000.0,1271986,910716.0,174002000.0
1739750400000,188.26,189.72,174.63,177.53,4287574,1739836799999,779271000.0,2336009,1937640.0,352224000.0
1739836800000,177.53,179.09,160.88,169.32,6319186,1739923199999,1061520000.0,3750135,3089540.0,518910000.0
1739923200000,169.32,174.3,163.75,168.93,3478319,1740009599999,590112000.0,2185100,1718950.0,291753000.0
1740009600000,168.94,176.65,167.66,176.0,2938753,1740095999999,508529000.0,1920797,1457880.0,252304000.0
1740096000000,176.0,180.52,167.15,168.94,4103683,1740182399999,715436000.0,2546452,1970680.0,343739000.0
1740182400000,168.94,174.68,168.07,172.07,1886813,1740268799999,324983000.0,1171019,918331.0,158147000.0
1740268800000,172.07,173.07,166.42,167.94,1488311,1740355199999,252136000.0,987546,698018.0,118267000.0
1740355200000,167.94,169.69,138.0,141.81,7997238,1740441599999,1226690000.0,4109967,3715420.0,570486000.0
1740441600000,141.81,147.09,131.91,144.33,11747010,1740527999999,1635110000.0,6188432,5733720.0,798500000.0
1740528000000,144.33,145.19,130.65,135.32,5368401,1740614399999,736842000.0,3159238,2594770.0,356529000.0
1740614400000,135.33,142.9,134.71,137.68,4322990,1740700799999,599161000.0,2490511,2243930.0,311082000.0
1740700800000,137.68,148.72,125.55,148.18,10039961,1740787199999,1368610000.0,4567953,4871240.0,665271000.0
1740787200000,148.18,151.25,138.57,143.66,4151856,1740873599999,597724000.0,1658774,2055800.0,296000000.0
1740873600000,143.66,179.85,140.04,178.71,13474640,1740959999999,2212050000.0,6490443,7001630.0,1152130000.0
1740960000000,178.72,179.47,139.21,142.16,11096202,1741046399999,1748080000.0,6131716,5308200.0,836507000.0
1741046400000,142.16,147.0,130.66,144.79,10389598,1741132799999,1438320000.0,5773861,5126000.0,709969000.0
1741132800000,144.8,149.73,140.18,146.28,4895521,1741219199999,706791000.0,2591656,2454320.0,354513000.0
1741219200000,146.27,152.9,142.44,143.31,4451880,1741305599999,656677000.0,2442100,2245680.0,331136000.0
1741305600000,143.3,150.88,135.04,139.39,7267413,1741391999999,1039510000.0,3717944,3454290.0,494419000.0
1741392000000,139.39,141.09,135.29,137.01,2135751,1741478399999,295310000.0,1318277,1085800.0,150212000.0
1741478400000,137.01,139.88,125.41,126.51,3909496,1741564799999,514517000.0,1984143,1799830.0,236951000.0
1741564800000,126.52,131.57,115.47,118.32,6654109,1741651199999,820279000.0,3232219,3170430.0,390934000.0
1741651200000,118.32,128.43,112.0,125.35,6435278,1741737599999,783022000.0,2896453,3219260.0,391733000.0
1741737600000,125.35,131.33,121.22,126.62,4410502,1741823999999,552334000.0,2166421,2114380.0,264815000.0
1741824000000,126.61,128.76,120.76,123.37,2824585,1741910399999,352338000.0,1491066,1362850.0,170094000.0
1741910400000,123.36,136.03,122.98,133.54,3607725,1741996799999,468531000.0,1784051,1897740.0,246274000.0
1741996800000,133.53,136.53,132.44,135.86,1918077,1742083199999,257628000.0,976083,1032000.0,138565000.0
1742083200000,135.86,136.71,125.21,126.13,2764261,1742169599999,360794000.0,1521652,1350160.0,176479000.0
1742169600000,126.13,130.64,125.55,128.01,2707611,1742255999999,347310000.0,1381175,1374040.0,176304000.0
1742256000000,128.01,128.19,121.76,125.33,3181790,1742342399999,395406000.0,1359468,1495470.0,185859000.0
1742342400000,125.33,136.08,124.2,135.33,4170498,1742428799999,541158000.0,1839474,2085630.0,270850000.0
1742428800000,135.33,136.12,126.65,127.6,2593288,1742515199999,340144000.0,1266071,1230180.0,161209000.0
1742515200000,127.6,130.18,124.81,128.48,2400422,1742601599999,306106000.0,1095161,1184310.0,151096000.0
1742601600000,128.47,131.84,127.8,128.51,1498168,1742687999999,194061000.0,706271,722864.0,93641900.0
1742688000000,128.5,134.06,128.21,132.84,1763486,1742774399999,232208000.0,799393,867832.0,114286000.0
1742774400000,132.85,144.96,132.04,141.01,4554132,1742860799999,638281000.0,2114604,2282670.0,319784000.0
1742860800000,141.01,147.48,138.17,143.64,3529959,1742947199999,505739000.0,1865843,1736310.0,248873000.0
1742947200000,143.64,145.49,135.89,137.34,3099523,1743033599999,437189000.0,1549733,1460670.0,206173000.0
1743033600000,137.35,140.22,135.63,138.43,2466163,1743119999999,341254000.0,1324639,1238090.0,171415000.0
1743120000000,138.44,139.05,127.69,129.49,3892191,1743206399999,515501000.0,1575782,1791050.0,237376000.0
1743206400000,129.5,130.54,122.68,124.58,2610066,1743292799999,329643000.0,1178810,1302980.0,164623000.0
1743292800000,124.58,127.08,123.0,124.82,1743775,1743379199999,218155000.0,990191,891728.0,111632000.0
1743379200000,124.83,127.81,122.75,124.54,3730629,1743465599999,468043000.0,1618236,1669760.0,209589000.0
1743465600000,124.53,130.55,123.74,126.67,3554278,1743551999999,452579000.0,1528527,1797330.0,228907000.0
1743552000000,126.68,136.21,117.0,117.42,6288909,1743638399999,796943000.0,2817898,3058520.0,388287000.0
1743638400000,117.42,120.94,112.24,117.17,5854867,1743724799999,683638000.0,2171892,3002930.0,350902000.0
1743724800000,117.17,124.0,113.25,122.79,5721072,1743811199999,677703000.0,2469979,2873490.0,340518000.0
1743811200000,122.8,122.85,117.15,120.32,1784381,1743897599999,213708000.0,891779,863016.0,103316000.0
1743897600000,120.33,121.13,103.81,105.91,4934347,1743983999999,547869000.0,2282758,2288420.0,254335000.0
1743984000000,105.9,113.0,95.26,106.99,12630665,1744070399999,1310680000.0,5170857,6133900.0,637113000.0
1744070400000,106.98,112.58,102.96,105.4,5839130,1744156799999,630836000.0,2475283,2843520.0,307238000.0
1744156800000,105.4,121.0,101.26,119.05,9334586,1744243199999,1033140000.0,3699577,4776600.0,529103000.0
1744243200000,119.05,119.3,108.21,112.81,5566325,1744329599999,632204000.0,2144865,2509840.0,285022000.0
1744329600000,112.8,122.65,112.16,121.41,4344067,1744415999999,514951000.0,1940948,2294980.0,272275000.0
1744416000000,121.41,134.11,119.41,132.24,4620266,1744502399999,588559000.0,2075498,2378060.0,303094000.0
1744502400000,132.24,133.96,125.32,128.38,4054371,1744588799999,525576000.0,2065828,1965720.0,255018000.0
1744588800000,128.38,136.13,127.98,129.42,4150251,1744675199999,546941000.0,2656562,2126850.0,280431000.0
1744675200000,129.41,134.45,125.82,126.11,3431482,1744761599999,446715000.0,2155278,1635090.0,212984000.0
1744761600000,126.1,133.91,123.49,131.33,5320769,1744847999999,680728000.0,2740116,2743890.0,351129000.0
1744848000000,131.33,136.2,129.5,134.83,3817460,1744934399999,508521000.0,2093402,1954460.0,260494000.0
1744934400000,134.84,136.02,132.47,134.04,2556342,1745020799999,343312000.0,1202801,1130950.0,151946000.0
1745020800000,134.05,140.5,133.58,139.87,2816038,1745107199999,389745000.0,1276245,1441600.0,199506000.0
1745107200000,139.86,141.96,135.64,137.86,3498099,1745193599999,482908000.0,1308457,1762170.0,243120000.0
1745193600000,137.86,143.25,133.82,136.56,4657401,1745279999999,645692000.0,2024307,2312450.0,320554000.0
1745280000000,136.57,150.23,134.68,148.79,5078410,1745366399999,727917000.0,2263131,2673920.0,383322000.0
1745366400000,148.78,154.21,147.13,151.1,4801378,1745452799999,724658000.0,2567533,2399690.0,362223000.0
1745452800000,151.1,152.9,144.87,152.55,3535860,1745539199999,527261000.0,1929306,1692110.0,252506000.0
1745539200000,152.55,157.0,149.87,150.82,4226768,1745625599999,647251000.0,2143364,2139490.0,327780000.0
1745625600000,150.82,153.17,147.75,149.21,1766806,1745711999999,264884000.0,1204338,823843.0,123606000.0
1745712000000,149.22,150.41,145.51,147.98,1599978,1745798399999,237125000.0,1297845,750978.0,111359000.0
1745798400000,147.97,153.4,144.63,147.84,3507950,1745884799999,522023000.0,1972070,1720130.0,256010000.0
1745884800000,147.84,150.39,145.0,146.31,2498992,1745971199999,369541000.0,1432629,1200320.0,177611000.0
1745971200000,146.3,148.67,140.32,147.54,2780816,1746057599999,403132000.0,1779447,1370180.0,198639000.0
1746057600000,147.54,153.99,147.54,150.85,3037281,1746143999999,458690000.0,1494429,1628880.0,245992000.0
1746144000000,150.85,151.91,147.3,148.05,2216263,1746230399999,332262000.0,1244594,1107190.0,166064000.0
1746230400000,148.04,149.05,145.82,146.71,1406584,1746316799999,207747000.0,808828,701765.0,103647000.0
1746316800000,146.71,147.81,143.5,143.95,1613359,1746403199999,235442000.0,970408,733190.0,107033000.0
1746403200000,143.94,147.73,142.5,146.72,2030996,1746489599999,295411000.0,1298883,1060540.0,154323000.0
1746489600000,146.72,147.23,141.41,146.88,2352311,1746575999999,339458000.0,1435973,1200210.0,173300000.0
1746576000000,146.89,149.54,144.68,147.32,2440566,1746662399999,358910000.0,1388238,1333370.0,196062000.0
1746662400000,147.32,164.6,147.08,164.46,6040623,1746748799999,947386000.0,2680223,3214350.0,504495000.0
1746748800000,164.46,176.15,161.07,172.78,6318575,1746835199999,1066440000.0,3565297,3284440.0,554234000.0
1746835200000,172.77,178.98,168.72,177.89,3339701,1746921599999,576547000.0,2296552,1719180.0,297144000.0
1746921600000,177.89,180.26,169.35,173.19,3210730,1747007999999,560754000.0,2541298,1578170.0,275893000.0
1747008000000,173.2,181.46,168.31,174.22,6245733,1747094399999,1096750000.0,3870262,3195520.0,561440000.0
1747094400000,174.22,184.83,166.18,183.75,4587043,1747180799999,805977000.0,3136625,2392970.0,421208000.0
1747180800000,183.75,184.88,173.23,176.64,3619155,1747267199999,650302000.0,2715293,1741720.0,313165000.0
1747267200000,176.63,178.33,166.7,169.16,3546038,1747353599999,607576000.0,2756715,1722280.0,295112000.0
1747353600000,169.16,174.21,166.36,167.4,2766387,1747439999999,473924000.0,2033247,1376000.0,235827000.0
1747440000000,167.4,169.99,164.01,165.94,2262122,1747526399999,377239000.0,1819659,1080210.0,180205000.0
1747526400000,165.94,176.77,164.54,173.3,3194611,1747612799999,544511000.0,2251214,1562340.0,266283000.0
1747612800000,173.3,173.94,159.44,166.86,4076353,1747699199999,670683000.0,2778183,1997600.0,328971000.0
1747699200000,166.87,173.11,164.51,168.59,3135420,1747785599999,526700000.0,2366165,1631800.0,274288000.0
1747785600000,168.59,175.99,165.51,173.53,4400610,1747871999999,749189000.0,3211242,2237050.0,381031000.0
1747872000000,173.54,180.87,172.59,179.68,3608223,1747958399999,640425000.0,2760365,1861260.0,330468000.0
1747958400000,179.68,187.71,173.23,174.01,6112911,1748044799999,1104030000.0,4081755,3014090.0,544750000.0
1748044800000,174.0,178.33,172.5,175.87,2317965,1748131199999,407151000.0,1707936,1147570.0,201592000.0
1748131200000,175.87,176.88,169.14,175.74,2530364,1748217599999,435708000.0,1870817,1157710.0,199511000.0
1748217600000,175.75,179.02,173.48,174.91,2214725,1748303999999,391143000.0,1720528,1102540.0,194728000.0
1748304000000,174.92,179.41,171.24,176.71,2568509,1748390399999,452739000.0,2144420,1268540.0,223599000.0
1748390400000,176.72,177.45,168.92,172.21,2534661,1748476799999,437379000.0,1739709,1228730.0,212093000.0
1748476800000,172.22,175.34,165.96,166.71,2641790,1748563199999,450903000.0,1933597,1211340.0,206906000.0
1748563200000,166.71,167.51,155.22,156.2,3770280,1748649599999,609076000.0,2744989,1731430.0,279826000.0
1748649600000,156.2,158.01,152.14,156.45,2352258,1748735999999,364886000.0,1971476,1168140.0,181264000.0
1748736000000,156.45,157.92,150.59,157.68,2042131,1748822399999,315216000.0,1648590,984163.0,151955000.0
1748822400000,157.68,158.93,151.67,156.83,2502052,1748908799999,386842000.0,1950497,1206940.0,186617000.0
1748908800000,156.83,163.64,154.14,155.19,2849585,1748995199999,455004000.0,2057700,1394890.0,222851000.0
1748995200000,155.19,157.97,152.94,153.26,1990646,1749081599999,310274000.0,1613483,967100.0,150731000.0
1749081600000,153.27,154.61,141.53,144.29,4258041,1749167999999,634980000.0,2600389,1973620.0,294533000.0
1749168000000,144.28,152.39,144.11,147.83,2167791,1749254399999,322609000.0,1517934,1095610.0,162979000.0
1749254400000,147.82,152.84,146.84,150.06,1408205,1749340799999,212334000.0,1041436,706662.0,106472000.0
1749340800000,150.07,155.3,147.88,152.45,1564000,1749427199999,236874000.0,1073644,807105.0,122246000.0
1749427200000,152.45,161.73,149.58,161.16,3079728,1749513599999,478106000.0,1853346,1563930.0,242781000.0
1749513600000,161.16,165.67,156.32,165.12,3589559,1749599999999,578045000.0,2626493,1837930.0,296018000.0
1749600000000,165.12,168.36,159.21,160.97,4019425,1749686399999,663220000.0,2696532,2037680.0,336515000.0
1749686400000,160.98,161.28,152.02,152.32,2883477,1749772799999,454851000.0,2232785,1329550.0,209786000.0
1749772800000,152.32,152.59,140.21,148.6,5339783,1749859199999,775171000.0,3503943,2611660.0,379038000.0
1749859200000,148.6,148.7,141.97,144.64,1679995,1749945599999,244008000.0,1221540,748132.0,108760000.0
1749945600000,144.65,153.54,144.22,152.97,2832000,1750031999999,422564000.0,1768520,1510010.0,225343000.0
1750032000000,152.97,158.8,150.3,150.72,3573197,1750118399999,556278000.0,2206641,1710410.0,266423000.0
1750118400000,150.73,154.33,145.61,147.57,3395649,1750204799999,508658000.0,2452350,1652490.0,247655000.0
1750204800000,147.58,149.28,143.65,146.34,2800909,1750291199999,409856000.0,1975830,1250280.0,182997000.0
1750291200000,146.35,147.9,142.92,147.04,2285336,1750377599999,332398000.0,1402937,1051370.0,152923000.0
1750377600000,147.04,148.81,135.69,140.11,3393327,1750463999999,483167000.0,2056826,1619400.0,230441000.0
1750464000000,140.11,142.6,130.9,135.43,2826424,1750550399999,390272000.0,1758763,1247420.0,172137000.0
1750550400000,135.43,137.62,126.0,131.71,4252120,1750636799999,557857000.0,3207787,2157850.0,283296000.0
1750636800000,131.71,146.92,130.68,144.51,4573148,1750723199999,627080000.0,2897589,2308160.0,317339000.0
1750723200000,144.51,146.77,142.31,145.92,2741809,1750809599999,395980000.0,1915616,1338050.0,193341000.0
1750809600000,145.93,147.95,142.25,143.57,2233602,1750895999999,324534000.0,1624941,1064710.0,154805000.0
1750896000000,143.57,148.0,138.62,139.06,2522508,1750982399999,360989000.0,1619748,1254830.0,179605000.0
1750982400000,139.05,144.85,137.14,142.09,2471847,1751068799999,349944000.0,1441035,1235240.0,174943000.0
1751068800000,142.09,152.7,141.13,150.72,2657837,1751155199999,391374000.0,1266232,1441150.0,212039000.0
1751155200000,150.73,154.77,149.36,153.32,2150026,1751241599999,325935000.0,1150742,1069720.0,162202000.0
1751241600000,153.32,159.99,149.45,154.81,3871390,1751327999999,598343000.0,1920915,1903820.0,294383000.0
1751328000000,154.82,155.64,144.85,146.88,2770862,1751414399999,413589000.0,1530183,1228900.0,183626000.0
1751414400000,146.87,154.47,145.85,152.27,2652574,1751500799999,399567000.0,1648001,1403040.0,211430000.0
1751500800000,152.28,156.35,149.86,152.36,2686218,1751587199999,411857000.0,1619201,1342710.0,205937000.0
1751587200000,152.35,153.88,145.22,147.7,2308087,1751673599999,344302000.0,1451892,1110930.0,165426000.0
1751673600000,147.69,148.7,145.9,147.55,1173964,1751759999999,173153000.0,710458,569247.0,83942600.0
1751760000000,147.55,153.89,146.78,151.86,2486860,1751846399999,374754000.0,1138325,1322570.0,199304000.0
1751846400000,151.86,153.6,147.7,148.88,2174728,1751932799999,327955000.0,1423398,1081620.0,163191000.0
1751932800000,148.89,152.88,147.85,151.67,2712869,1752019199999,408864000.0,1306748,1323400.0,199366000.0
1752019200000,151.68,157.93,150.53,157.05,2907220,1752105599999,448418000.0,1611497,1458060.0,224945000.0
1752105600000,157.06,165.43,155.64,164.34,3428382,1752191999999,547305000.0,1998915,1771940.0,282957000.0
1752192000000,164.33,168.2,159.54,162.93,4354180,1752278399999,715117000.0,2747985,2146110.0,352783000.0
1752278400000,162.92,163.9,157.74,160.69,2043212,1752364799999,328647000.0,1383540,957497.0,153971000.0
1752364800000,160.7,164.19,159.63,161.15,1929746,1752451199999,312565000.0,1252909,975215.0,157950000.0
1752451200000,161.15,168.65,160.61,162.21,3973707,1752537599999,658265000.0,2368393,1963550.0,325198000.0
1752537600000,162.21,164.26,157.23,163.98,3665296,1752623999999,589074000.0,2245073,1674600.0,269315000.0
1752624000000,163.98,176.0,161.51,173.63,5020288,1752710399999,849925000.0,2574205,2464590.0,417141000.0
1752710400000,173.62,178.19,168.71,175.87,4491556,1752796799999,781437000.0,3024259,2365480.0,411825000.0
1752796800000,175.88,184.67,173.24,177.28,5191853,1752883199999,931893000.0,2947978,2624940.0,471217000.0
1752883200000,177.28,178.61,174.0,176.96,2059315,1752969599999,363940000.0,1475514,1036820.0,183244000.0
1752969600000,176.97,183.66,176.33,181.43,3694855,1753055999999,666377000.0,2315101,1889160.0,340911000.0
1753056000000,181.44,199.28,178.25,195.72,6495907,1753142399999,1245490000.0,3865007,3434140.0,658618000.0
1753142400000,195.72,206.3,193.75,205.7,8635627,1753228799999,1728390000.0,5218083,4435810.0,888656000.0
1753228800000,205.7,205.75,183.97,189.4,5548137,1753315199999,1070980000.0,3511850,2437730.0,469975000.0
1753315200000,189.4,191.87,179.21,182.87,5217065,1753401599999,971502000.0,3520500,2440710.0,455057000.0
1753401600000,182.88,186.85,175.63,186.76,4481310,1753487999999,806409000.0,3217256,2252210.0,405374000.0
1753488000000,186.75,189.78,184.29,184.88,1773454,1753574399999,331236000.0,1197596,829262.0,155004000.0
1753574400000,184.89,190.7,184.53,188.64,2233060,1753660799999,418621000.0,1619218,1136210.0,213027000.0
1753660800000,188.64,195.26,182.16,183.11,4067872,1753747199999,768873000.0,2788739,1867600.0,353278000.0
1753747200000,183.1,186.68,178.3,181.48,2541912,1753833599999,463597000.0,2159517,1147050.0,209463000.0
1753833600000,181.47,182.56,170.29,177.77,3297250,1753919999999,585983000.0,2502481,1509980.0,268212000.0
1753920000000,177.77,182.7,171.44,172.22,2624842,1754006399999,466405000.0,1927344,1277200.0,226987000.0
1754006400000,172.22,172.26,159.2,162.71,4317529,1754092799999,722230000.0,3348302,2013720.0,336714000.0
1754092800000,162.71,165.3,155.83,158.48,2208175,1754179199999,355113000.0,1637688,1053810.0,169575000.0
1754179200000,158.49,163.14,156.28,161.97,2297909,1754265599999,370496000.0,1081075,1177580.0,189873000.0
1754265600000,161.98,169.8,161.26,169.55,2688954,1754351999999,444266000.0,1905885,1399730.0,231489000.0
1754352000000,169.55,171.73,161.3,164.09,2554958,1754438399999,425083000.0,2110779,1214760.0,202364000.0
1754438400000,164.09,169.93,161.13,168.09,1797491,1754524799999,297880000.0,1632609,892898.0,148105000.0
1754524800000,168.1,175.51,166.7,175.36,3014663,1754611199999,515713000.0,1828953,1594770.0,272891000.0
1754611200000,175.37,179.66,173.43,176.78,3678791,1754697599999,648765000.0,2321015,1897300.0,334758000.0
1754697600000,176.79,183.45,176.64,179.95,3325504,1754783999999,600714000.0,1827513,1624630.0,293553000.0
1754784000000,179.96,186.18,177.51,182.66,4197287,1754870399999,764488000.0,2213416,2055260.0,374668000.0
1754870400000,182.67,186.8,173.43,174.84,3960744,1754956799999,716297000.0,2540822,1858870.0,336337000.0
1754956800000,174.83,193.76,173.6,191.78,5074348,1755043199999,928619000.0,2634085,2662520.0,487020000.0
1755043200000,191.77,204.96,191.48,201.51,7148726,1755129599999,1420650000.0,3943926,3533760.0,702450000.0
1755129600000,201.51,209.86,186.68,192.47,8965607,1755215999999,1785080000.0,5852370,4255320.0,849177000.0
1755216000000,192.46,198.07,183.3,185.72,4360287,1755302399999,829106000.0,3117056,2216480.0,421787000.0
1755302400000,185.71,190.06,185.2,189.6,2099818,1755388799999,394160000.0,1394994,1083920.0,203590000.0
1755388800000,189.61,195.89,187.35,190.99,2261556,1755475199999,434881000.0,1584860,1168980.0,224830000.0
1755475200000,191.0,191.33,180.0,182.94,3374075,1755561599999,618793000.0,2339848,1582240.0,290004000.0
1755561600000,182.94,185.87,175.69,176.22,3260090,1755647999999,585480000.0,2553489,1617840.0,290745000.0
1755648000000,176.22,187.97,176.04,187.94,3464958,1755734399999,631569000.0,2509424,1726100.0,314791000.0
1755734400000,187.95,190.1,179.43,180.29,2914512,1755820799999,539342000.0,2294252,1489630.0,275709000.0
1755820800000,180.3,202.4,177.27,200.69,6594118,1755907199999,1256890000.0,4028924,3444840.0,656639000.0
1755907200000,200.69,208.62,195.26,204.14,4788641,1755993599999,973537000.0,2877535,2425380.0,493499000.0
1755993600000,204.15,211.99,201.09,205.98,7165649,1756079999999,1481730000.0,4288191,3663670.0,758084000.0
1756080000000,205.99,213.6,185.33,187.2,7953101,1756166399999,1582420000.0,5377684,3746270.0,746391000.0
1756166400000,187.19,198.1,185.58,195.86,4734420,1756252799999,902012000.0,3831434,2382190.0,454568000.0
1756252800000,195.85,212.08,193.78,202.95,7835140,1756339199999,1604540000.0,5143734,4132660.0,846890000.0
1756339200000,202.95,216.89,201.72,214.43,7247307,1756425599999,1535410000.0,3790488,3839940.0,813990000.0
1756425600000,214.43,218.0,199.85,205.08,8607487,1756511999999,1804670000.0,4655834,4284920.0,899333000.0
1756512000000,205.09,207.06,197.52,202.7,3894576,1756598399999,788507000.0,1971665,1755640.0,355896000.0
1756598400000,202.7,206.66,200.28,200.62,3303224,1756684799999,673805000.0,1543137,1690470.0,344970000.0
1756684800000,200.62,204.58,194.19,197.32,4464768,1756771199999,888775000.0,2833944,1892050.0,376727000.0
1756771200000,197.32,209.68,196.77,209.65,4894638,1756857599999,995253000.0,2854002,2697480.0,548854000.0
1756857600000,209.64,213.02,207.42,210.77,4063192,1756943999999,853869000.0,2104093,2185710.0,459360000.0
1756944000000,210.77,211.94,201.84,202.32,2726779,1757030399999,562141000.0,1685149,1294290.0,266871000.0
1757030400000,202.32,210.0,200.95,203.36,4121395,1757116799999,845694000.0,2398880,2046390.0,419899000.0
1757116800000,203.37,204.68,199.32,200.16,1481501,1757203199999,299268000.0,793661,681165.0,137686000.0
1757203200000,200.17,207.95,200.12,206.35,2217511,1757289599999,452766000.0,891331,1156910.0,236128000.0
1757289600000,206.35,217.11,205.59,214.11,5729679,1757375999999,1218760000.0,2394975,3251130.0,691180000.0
1757376000000,214.11,219.79,210.79,217.21,4979305,1757462399999,1074350000.0,2271930,2520700.0,544138000.0
1757462400000,217.22,226.0,215.09,224.07,4824185,1757548799999,1068150000.0,2291606,2546470.0,563809000.0
1757548800000,224.06,228.95,221.72,228.73,4352357,1757635199999,982825000.0,2350356,2369150.0,535294000.0
1757635200000,228.73,244.04,228.11,242.18,5891654,1757721599999,1401490000.0,2743953,3085700.0,733916000.0
1757721600000,242.18,244.14,235.73,242.38,3305661,1757807999999,797411000.0,1663122,1725530.0,416592000.0
1757808000000,242.38,249.6,239.23,239.76,4165171,1757894399999,1020860000.0,2465676,2094370.0,513630000.0
1757894400000,239.75,244.0,230.15,234.31,4733590,1757980799999,1116800000.0,2667457,2368650.0,558866000.0
1757980800000,234.32,240.95,231.26,236.96,3181627,1758067199999,751087000.0,1950517,1706720.0,403030000.0
1758067200000,236.96,246.62,232.23,244.84,4771529,1758153599999,1131150000.0,2695846,2483020.0,589107000.0
1758153600000,244.84,253.51,242.58,247.5,3916891,1758239999999,969548000.0,2112417,2160110.0,534966000.0
1758240000000,247.5,248.57,235.12,238.53,3384986,1758326399999,816472000.0,1817232,1600940.0,386323000.0
1758326400000,238.53,241.22,236.91,239.48,1550489,1758412799999,370630000.0,954135,799562.0,191188000.0
1758412800000,239.48,241.82,235.32,236.16,1392438,1758499199999,332350000.0,1012982,648385.0,154795000.0
1758499200000,236.16,236.96,214.5,220.38,5836594,1758585599999,1306700000.0,2962747,2900080.0,649181000.0
1758585600000,220.39,221.71,212.34,213.3,3448908,1758671999999,749395000.0,2084709,1671870.0,363771000.0
1758672000000,213.29,216.45,204.81,211.6,4427458,1758758399999,934724000.0,2319661,2344080.0,494768000.0
1758758400000,211.61,212.44,191.32,192.74,6761257,1758844799999,1356870000.0,3572335,3075520.0,618287000.0
1758844800000,192.73,205.52,190.8,205.17,5623203,1758931199999,1107440000.0,2949417,3032350.0,597863000.0
1758931200000,205.16,205.43,199.88,203.46,2104933,1759017599999,426788000.0,1142963,1053850.0,213666000.0
1759017600000,203.47,211.0,198.0,210.83,2194260,1759103999999,447175000.0,1301607,1169510.0,238733000.0
1759104000000,210.83,214.74,204.58,212.75,3213099,1759190399999,674793000.0,1908731,1700430.0,357306000.0
1759190400000,212.74,213.67,204.29,208.68,3264781,1759276799999,679647000.0,1922286,1629040.0,338975000.0
1759276800000,208.68,222.77,206.31,222.04,4050261,1759363199999,873666000.0,2119007,2112500.0,455862000.0
1759363200000,222.04,234.99,219.52,234.74,4590696,1759449599999,1041740000.0,2550516,2430900.0,552208000.0
1759449600000,234.74,237.0,227.13,232.84,4216612,1759535999999,977119000.0,2632758,1989450.0,461370000.0
1759536000000,232.84,234.05,224.07,227.86,1841411,1759622399999,420090000.0,1292594,848008.0,193530000.0
1759622400000,227.86,237.22,226.45,228.56,3099634,1759708799999,718004000.0,2035300,1591310.0,368655000.0
1759708800000,228.56,237.79,227.55,232.35,2981928,1759795199999,696238000.0,2186112,1415490.0,330543000.0
1759795200000,232.35,235.21,219.7,219.97,4401046,1759881599999,999073000.0,2553696,1883970.0,427721000.0
1759881600000,219.98,229.72,217.3,229.02,3103761,1759967999999,692169000.0,2154720,1521160.0,339467000.0
1759968000000,229.03,229.69,216.53,220.93,3272953,1760054399999,728443000.0,2359051,1555360.0,346194000.0
1760054400000,220.93,224.46,168.79,188.43,9622835,1760140799999,1933760000.0,5852243,4390740.0,881580000.0
1760140800000,188.43,191.05,172.58,177.62,7292387,1760227199999,1336670000.0,6001725,3467400.0,636072000.0
1760227200000,177.63,199.0,173.0,197.0,6487000,1760313599999,1212030000.0,4248027,3425890.0,640165000.0
1760313600000,196.99,209.28,190.02,208.69,6253162,1760399999999,1243650000.0,3592866,3232560.0,643355000.0
1760400000000,208.69,211.25,191.03,202.44,7349168,1760486399999,1468180000.0,4266429,3571740.0,713282000.0
1760486400000,202.45,208.91,192.04,193.84,5369155,1760572799999,1077460000.0,3462246,2559190.0,514573000.0
1760572800000,193.84,198.42,182.03,184.85,5404641,1760659199999,1031910000.0,3984585,2588040.0,494416000.0
1760659200000,184.84,187.55,174.06,181.96,6102909,1760745599999,1105130000.0,4990043,3079630.0,557987000.0
1760745600000,181.97,188.26,181.75,187.56,2105841,1760831999999,390465000.0,1671152,1082760.0,200836000.0
1760832000000,187.55,192.29,183.19,187.86,2483965,1760918399999,467903000.0,1924138,1248480.0,235316000.0
1760918400000,187.86,194.5,183.82,189.71,3178001,1761004799999,603125000.0,2433576,1619220.0,307160000.0
1761004800000,189.71,197.71,182.72,185.63,4651083,1761091199999,882668000.0,2993729,2158520.0,410075000.0
1761091200000,185.62,187.45,177.04,180.12,3977005,1761177599999,728436000.0,2949085,1937460.0,355265000.0
1761177600000,180.13,193.45,179.68,191.35,3501959,1761263999999,660476000.0,2124848,1737070.0,327534000.0
1761264000000,191.36,197.0,188.83,193.59,3356763,1761350399999,645504000.0,1753520,1673210.0,321992000.0
1761350400000,193.58,195.25,191.19,193.84,1626839,1761436799999,314666000.0,874157,759627.0,146905000.0
1761436800000,193.84,202.43,191.9,200.03,2577750,1761523199999,509121000.0,1351806,1288240.0,254676000.0
1761523200000,200.03,205.33,197.34,198.7,3515609,1761609599999,708337000.0,2185287,1655180.0,333516000.0
1761609600000,198.71,203.99,190.22,194.15,4329170,1761695999999,859454000.0,2719480,2062270.0,409837000.0
1761696000000,194.16,201.7,189.37,193.88,4620888,1761782399999,904296000.0,3083485,2104960.0,412094000.0
1761782400000,193.89,198.19,178.65,184.69,5054538,1761868799999,951567000.0,3681828,2375170.0,447163000.0
1761868800000,184.69,190.26,183.7,187.21,3193394,1761955199999,595976000.0,2136994,1676920.0,313116000.0
1761955200000,187.21,187.55,183.79,186.35,1484505,1762041599999,276117000.0,977810,737046.0,137067000.0
1762041600000,186.35,188.34,182.0,187.71,1761298,1762127999999,326634000.0,1245796,887278.0,164646000.0
1762128000000,187.71,189.13,163.15,166.06,7327613,1762214399999,1264050000.0,3910583,3337770.0,575999000.0
1762214400000,166.06,168.42,145.85,155.03,8288578,1762300799999,1304790000.0,5573905,4105830.0,647242000.0
1762300800000,155.04,163.97,147.29,162.37,4650532,1762387199999,731570000.0,3444083,2395790.0,377263000.0
1762387200000,162.37,162.91,153.45,155.28,3576753,1762473599999,566131000.0,2732485,1700930.0,269317000.0
1762473600000,155.27,164.48,149.82,161.79,4213078,1762559999999,661452000.0,3662708,2180970.0,342240000.0
1762560000000,161.8,164.89,155.8,158.02,2502927,1762646399999,399996000.0,1841390,1156640.0,184916000.0
1762646400000,158.01,166.57,155.11,164.53,3231790,1762732799999,520708000.0,1970862,1726820.0,278546000.0
1762732800000,164.53,170.48,163.42,167.31,3628961,1762819199999,607111000.0,2502580,1661120.0,278070000.0
1762819200000,167.31,171.94,153.93,154.63,4702104,1762905599999,766450000.0,2677284,2103700.0,343313000.0
1762905600000,154.63,161.14,151.2,153.42,4139205,1762991999999,645569000.0,2512619,1891360.0,294920000.0
1762992000000,153.43,157.2,141.04,144.73,5418190,1763078399999,812546000.0,3262498,2669830.0,400357000.0
1763078400000,144.74,145.68,135.76,138.92,6176425,1763164799999,871176000.0,4481602,2954410.0,416674000.0
1763164800000,138.93,144.69,138.61,139.61,2351478,1763251199999,332993000.0,1548121,1215580.0,172120000.0
1763251200000,139.6,143.38,134.42,137.17,3385434,1763337599999,468360000.0,2470289,1619330.0,224202000.0
1763337600000,137.17,143.28,128.82,130.99,5624721,1763423999999,766513000.0,3486901,2856240.0,389197000.0
1763424000000,131.0,142.17,129.0,140.69,5528849,1763510399999,757005000.0,3294195,2878690.0,394427000.0
1763510400000,140.68,142.84,130.53,137.06,4268467,1763596799999,583712000.0,2768770,2025650.0,277083000.0
1763596800000,137.06,144.8,131.11,133.67,7048254,1763683199999,972668000.0,3544605,3512010.0,484200000.0
1763683200000,133.67,135.06,121.66,128.68,8285886,1763769599999,1059210000.0,5098676,3956810.0,505745000.0
1763769600000,128.69,129.94,125.08,127.59,2612488,1763855999999,332301000.0,1893811,1347120.0,171366000.0
1763856000000,127.6,133.54,127.56,130.58,2818715,1763942399999,368727000.0,1686146,1506630.0,197176000.0
1763942400000,130.58,139.87,128.44,138.44,4744857,1764028799999,632870000.0,2659938,2276140.0,303451000.0
1764028800000,138.43,140.5,133.13,138.96,2994820,1764115199999,409226000.0,2110444,1420040.0,194242000.0
1764115200000,138.96,144.75,135.5,143.02,4021863,1764201599999,562095000.0,2100192,1886600.0,263450000.0
1764201600000,143.01,144.29,140.47,140.85,2331673,1764287999999,331918000.0,1218711,1158260.0,164844000.0
1764288000000,140.85,143.6,136.01,137.33,3502510,1764374399999,490599000.0,1614078,1714580.0,240464000.0
1764374400000,137.33,138.1,134.76,135.91,1859321,1764460799999,254173000.0,749092,815022.0,111395000.0
1764460800000,135.92,140.19,133.26,133.48,2608165,1764547199999,357882000.0,991552,1170670.0,160730000.0
1764547200000,133.48,133.74,123.11,126.66,5007504,1764633599999,635199000.0,2539012,2414290.0,306112000.0
1764633600000,126.66,140.88,126.01,138.68,5022857,1764719999999,675107000.0,2502692,2542110.0,340663000.0
1764720000000,138.67,146.08,137.76,144.67,3954145,1764806399999,560511000.0,2140894,2059430.0,292177000.0
1764806400000,144.67,146.91,137.8,139.01,2694242,1764892799999,383629000.0,1819447,1288390.0,183480000.0
1764892800000,139.01,140.75,130.73,133.29,3367359,1764979199999,457172000.0,1904907,1710080.0,232062000.0
1764979200000,133.29,134.13,131.28,132.19,1341595,1765065599999,178277000.0,893052,668327.0,88826400.0
1765065600000,132.2,136.35,127.7,132.24,3131804,1765151999999,413797000.0,1814091,1510560.0,199613000.0
1765152000000,132.25,139.36,131.52,133.25,3245115,1765238399999,440266000.0,2042892,1666580.0,225926000.0
1765238400000,133.24,144.93,131.62,137.88,4508522,1765324799999,623534000.0,2422599,2211760.0,305880000.0
1765324800000,137.87,142.57,135.39,136.26,4520230,1765411199999,624546000.0,2617344,2287650.0,316219000.0
1765411200000,136.26,137.79,129.0,136.41,4377697,1765497599999,581262000.0,2353342,2061910.0,273749000.0
1765497600000,136.41,140.12,130.35,132.27,4005608,1765583999999,542915000.0,2200099,2010330.0,272692000.0
1765584000000,132.28,134.28,131.6,133.14,1472484,1765670399999,195791000.0,667045,694047.0,92243600.0
1765670400000,133.13,133.66,127.98,129.4,1731615,1765756799999,227173000.0,961625,796820.0,104591000.0
1765756800000,129.39,135.43,123.63,127.81,3922431,1765843199999,505572000.0,2137229,1985010.0,255671000.0
1765843200000,127.81,130.14,124.87,129.15,2884784,1765929599999,368319000.0,1843584,1399670.0,178835000.0
1765929600000,129.15,133.99,121.36,123.27,4525580,1766015999999,574313000.0,2357854,2252920.0,285684000.0
1766016000000,123.28,129.05,116.88,119.6,4790795,1766102399999,589277000.0,2419617,2455730.0,302050000.0
1766102400000,119.6,127.87,117.61,126.27,4090549,1766188799999,508625000.0,2082071,2067560.0,257066000.0
1766188800000,126.27,126.89,125.3,125.81,1229354,1766275199999,155071000.0,488206,570926.0,72008400.0
1766275200000,125.8,126.62,123.4,126.03,1812103,1766361599999,227009000.0,839564,888951.0,111370000.0
1766361600000,126.03,128.78,124.2,125.93,2667589,1766447999999,337357000.0,1282063,1390770.0,175862000.0
1766448000000,125.93,126.93,122.16,124.01,2440031,1766534399999,303159000.0,1214338,1172900.0,145754000.0
1766534400000,124.02,124.3,120.63,122.53,1605450,1766620799999,196266000.0,891219,824072.0,100755000.0
1766620800000,122.52,124.46,119.71,120.06,1818325,1766707199999,222666000.0,620763,889312.0,108874000.0
1766707200000,120.05,125.14,119.24,122.26,3326517,1766793599999,407794000.0,1242795,1709920.0,209643000.0
1766793600000,122.27,125.08,121.86,124.73,1357802,1766879999999,167428000.0,458614,705415.0,86930100.0
1766880000000,124.74,125.64,123.08,125.27,1828960,1766966399999,227050000.0,519293,1001150.0,124250000.0
1766966400000,125.27,130.16,122.36,123.28,4307595,1767052799999,543723000.0,1525275,2170740.0,273980000.0
1767052800000,123.28,126.52,122.58,125.01,2480632,1767139199999,308731000.0,955705,1282140.0,159510000.0
1767139200000,125.02,132.75,122.99,124.65,2941644,1767225599999,368494000.0,966712,1511490.0,189642000.0
1767225600000,124.64,127.25,124.15,126.9,1733665,1767311999999,217069000.0,515257,852972.0,106762000.0
1767312000000,126.91,133.25,125.84,132.29,2924227,1767398399999,378213000.0,1348954,1522740.0,197011000.0
1767398400000,132.28,133.99,129.6,133.37,1520623,1767484799999,200296000.0,637040,750642.0,98885500.0
1767484800000,133.37,135.54,133.12,134.12,1809269,1767571199999,242985000.0,892859,891018.0,119678000.0
1767571200000,134.12,139.87,133.18,137.9,3327567,1767657599999,452911000.0,1633145,1712600.0,233187000.0
1767657600000,137.91,143.48,136.19,141.08,3771795,1767743999999,526491000.0,1877400,1879680.0,262463000.0
1767744000000,141.08,141.4,134.41,136.39,2321642,1767830399999,319140000.0,1424664,1134920.0,155995000.0
1767830400000,136.39,140.07,132.67,138.37,3113438,1767916799999,425212000.0,1555663,1570300.0,214667000.0
1767916800000,138.37,141.17,134.98,135.97,3778548,1768003199999,522670000.0,1559427,1915950.0,265155000.0
1768003200000,135.96,137.05,135.37,135.84,1000837,1768089599999,136346000.0,419628,495751.0,67555500.0
1768089600000,135.85,141.6,135.75,139.7,2209913,1768175999999,306185000.0,857832,1211660.0,167843000.0
1768176000000,139.69,144.4,138.34,139.22,4160120,1768262399999,587560000.0,1815385,2063460.0,291426000.0
1768262400000,139.21,148.74,137.82,145.51,4195082,1768348799999,598713000.0,1781041,2143170.0,306019000.0
1768348800000,145.52,148.44,143.37,146.69,3695077,1768435199999,539088000.0,1481363,1801990.0,262900000.0
1768435200000,146.7,146.73,140.9,142.4,2462143,1768521599999,354150000.0,1301300,1160860.0,167001000.0
1768521600000,142.41,145.55,140.26,144.89,1900879,1768607999999,271759000.0,1014424,919897.0,131586000.0
1768608000000,144.9,144.99,143.32,143.72,835155,1768694399999,120390000.0,392089,412415.0,59436100.0
1768694400000,143.73,144.0,137.74,137.87,1877439,1768780799999,266417000.0,712971,837210.0,118866000.0
1768780800000,137.87,137.87,130.0,133.44,2972525,1768867199999,397766000.0,1113535,1483330.0,198479000.0
1768867200000,133.44,134.63,124.68,125.8,3532424,1768953599999,456200000.0,1665250,1594050.0,205966000.0
1768953600000,125.81,132.17,125.26,129.54,3161736,1769039999999,406728000.0,1568002,1657610.0,213333000.0
1769040000000,129.53,130.94,126.73,128.47,1811586,1769126399999,233571000.0,1016749,905017.0,116761000.0
1769126400000,128.47,130.2,125.28,127.43,2044063,1769212799999,261244000.0,1068593,1074380.0,137350000.0
1769212800000,127.43,128.12,126.64,127.21,807420,1769299199999,102805000.0,331896,367986.0,46858100.0
1769299200000,127.22,127.46,117.15,118.85,4540879,1769385599999,549165000.0,1232391,2403990.0,289868000.0
1769385600000,118.85,125.6,118.53,124.24,2355751,1769471999999,289768000.0,1187889,1159270.0,142565000.0
1769472000000,124.24,127.84,123.12,127.19,2036509,1769558399999,255048000.0,1006079,1012080.0,126770000.0
1769558400000,127.18,128.34,124.78,125.35,1997864,1769644799999,252934000.0,1065285,990296.0,125371000.0
1769644800000,125.34,125.51,115.39,117.82,3730613,1769731199999,444598000.0,1444201,1863130.0,221883000.0
1769731200000,117.82,119.12,112.14,117.59,4761007,1769817599999,552023000.0,1991218,2428170.0,281724000.0
1769817600000,117.6,118.85,96.4,105.58,8567398,1769903999999,920582000.0,3248600,4092930.0,439149000.0
1769904000000,105.58,106.69,98.02,100.79,4204256,1769990399999,432840000.0,2202213,2052280.0,211366000.0
1769990400000,100.78,106.12,95.95,104.55,5574033,1770076799999,566609000.0,2856979,2663020.0,270961000.0
1770076800000,104.54,105.1,96.64,97.89,4514018,1770163199999,455865000.0,2135637,2227610.0,225045000.0
1770163200000,97.89,99.67,89.3,92.12,6251459,1770249599999,589864000.0,2940009,3095940.0,291854000.0
1770249600000,92.11,93.43,77.6,78.35,10243355,1770335999999,874789000.0,4871571,4836740.0,413637000.0
1770336000000,78.34,89.84,67.5,87.46,11811096,1770422399999,944308000.0,3980604,5773160.0,462251000.0
1770422400000,87.45,89.2,84.16,87.59,4486649,1770508799999,389575000.0,1746041,2188180.0,190058000.0
1770508800000,87.59,89.08,85.77,86.99,2534999,1770595199999,222108000.0,1040850,1312310.0,115049000.0
1770595200000,86.99,88.69,82.86,86.77,3667652,1770681599999,315212000.0,1641253,1730490.0,148561000.0
1770681600000,86.77,87.49,81.91,82.99,2975212,1770767999999,251318000.0,1118002,1398750.0,118134000.0
1770768000000,82.99,84.39,78.04,79.3,3814913,1770854399999,308205000.0,1519961,1909860.0,154266000.0
1770854400000,79.31,82.25,76.6,78.4,3196230,1770940799999,254146000.0,1324436,1622270.0,128983000.0
1770940800000,78.39,85.63,77.53,84.33,3370390,1771027199999,275784000.0,1245544,1651860.0,135222000.0
1771027200000,84.34,88.9,84.21,88.06,2698607,1771113599999,234371000.0,771870,1378610.0,119689000.0
1771113600000,88.06,91.26,84.89,86.16,3929085,1771199999999,346251000.0,1210120,1880760.0,165907000.0
1771200000000,86.15,86.93,82.55,86.45,3559752,1771286399999,302547000.0,1097748,1807370.0,153613000.0
1771286400000,86.45,87.69,82.92,85.08,2774656,1771372799999,235673000.0,1064339,1385560.0,117666000.0
1771372800000,85.09,86.09,80.48,81.61,3137604,1771459199999,261290000.0,1026899,1549830.0,129068000.0
1771459200000,81.61,82.67,79.61,82.5,2848277,1771545599999,231386000.0,946105,1441050.0,117016000.0
1771545600000,82.5,85.49,81.77,84.67,3754557,1771631999999,314352000.0,1184887,1792750.0,150107000.0
1771632000000,84.68,86.72,83.97,85.17,1780749,1771718399999,152191000.0,501200,853622.0,72985000.0
1771718400000,85.17,85.6,82.48,82.79,1798853,1771804799999,151393000.0,478017,884361.0,74389800.0
1771804800000,82.8,82.85,77.15,77.9,5163373,1771891199999,407884000.0,1508435,2566540.0,202627000.0
1771891200000,77.91,79.62,75.63,78.99,3592828,1771977599999,278003000.0,1232135,1792010.0,138725000.0
1771977600000,78.99,92.1,78.73,88.06,5632749,1772063999999,481433000.0,2076213,2958340.0,252976000.0
1772064000000,88.05,89.27,84.34,85.91,3356891,1772150399999,292271000.0,1381041,1672940.0,145700000.0
1772150400000,85.91,88.29,80.32,81.85,3370499,1772236799999,282372000.0,1290836,1608090.0,134784000.0
1772236800000,81.84,85.65,77.12,84.35,4737700,1772323199999,381018000.0,1652423,2316940.0,186421000.0
1772323200000,84.35,88.9,81.69,83.6,4435194,1772409599999,379705000.0,1639105,2143440.0,183460000.0
1772409600000,83.61,90.29,82.37,86.64,5123433,1772495999999,441466000.0,2012450,2558010.0,220641000.0
1772496000000,86.65,87.46,82.5,86.97,4136743,1772582399999,352408000.0,1899723,2088430.0,177974000.0
1772582400000,86.98,94.05,84.78,90.85,6329931,1772668799999,569096000.0,2311936,3204720.0,288371000.0
1772668800000,90.86,92.96,87.91,88.77,3753711,1772755199999,338381000.0,1560359,1826590.0,164679000.0
1772755200000,88.78,89.31,83.64,84.7,3135325,1772841599999,270442000.0,1074615,1431060.0,123508000.0
1772841600000,84.69,85.07,82.28,83.22,1465282,1772927999999,122964000.0,449215,717082.0,60206500.0
1772928000000,83.22,84.13,80.26,81.59,2102966,1773014399999,172996000.0,874561,1060650.0,87336200.0
1773014400000,81.6,87.06,81.54,84.96,3594057,1773100799999,303763000.0,1435938,1842760.0,155733000.0
1773100800000,84.95,88.8,84.83,85.88,3643895,1773187199999,315748000.0,1345421,1804360.0,156408000.0
1773187200000,85.88,88.09,84.36,86.58,3182176,1773273599999,274584000.0,1160083,1642730.0,141774000.0
1773273600000,86.58,87.69,84.72,86.84,2913681,1773359999999,251462000.0,1011244,1514670.0,130736000.0
1773360000000,86.83,92.98,86.71,88.18,4940379,1773446399999,444383000.0,1573489,2461290.0,221407000.0
1773446400000,88.17,88.71,86.51,88.03,1498143,1773532799999,131023000.0,452790,752963.0,65820000.0
1773532800000,88.04,93.23,87.36,92.3,2614547,1773619199999,234767000.0,884525,1425870.0,128121000.0
1773619200000,92.31,97.68,91.18,96.2,5621651,1773705599999,528050000.0,1713091,2939860.0,276308000.0
1773705600000,96.19,96.95,93.15,94.62,2833558,1773791999999,268102000.0,1112613,1375920.0,130286000.0
1773792000000,94.61,95.65,88.55,90.08,3293862,1773878399999,300917000.0,1252844,1605380.0,146544000.0
1773878400000,90.07,91.41,87.0,88.89,2609543,1773964799999,232100000.0,969701,1320190.0,117437000.0
1773964800000,88.9,90.45,88.13,89.84,2201412,1774051199999,196421000.0,829967,1141150.0,101842000.0
1774051200000,89.85,90.81,87.14,87.56,1241845,1774137599999,111256000.0,430506,589405.0,52823100.0
1774137600000,87.55,89.2,85.14,86.2,2138087,1774223999999,186560000.0,792987,1065010.0,92967600.0
1774224000000,86.21,92.26,85.11,91.43,4561706,1774310399999,408669000.0,1666603,2388140.0,214071000.0
1774310400000,91.44,92.22,88.42,90.8,3086043,1774396799999,278960000.0,1020843,1573210.0,142300000.0
1774396800000,90.8,93.47,90.71,91.7,2652535,1774483199999,244373000.0,844728,1385530.0,127649000.0
1774483200000,91.7,91.98,85.45,86.53,3566193,1774569599999,313849000.0,864864,1628290.0,143148000.0
1774569600000,86.52,87.04,81.86,83.11,2840562,1774655999999,239097000.0,817296,1374890.0,115499000.0
1774656000000,83.11,84.29,81.69,82.09,1667010,1774742399999,138586000.0,451858,839406.0,69802200.0
1774742400000,82.09,83.24,78.96,81.44,1624673,1774828799999,132619000.0,523110,775502.0,63354400.0
1774828800000,81.45,84.99,81.15,82.54,3025855,1774915199999,252605000.0,887139,1564660.0,130589000.0
1774915200000,82.55,84.62,80.08,83.2,4272567,1775001599999,350169000.0,1157793,2164590.0,177385000.0
1775001600000,83.19,86.65,80.77,81.18,4676736,1775087999999,390375000.0,1221698,2333530.0,194797000.0
1775088000000,81.19,81.77,76.7,78.94,4210024,1775174399999,332877000.0,1149760,2218880.0,175438000.0
1775174400000,78.95,80.91,78.85,80.4,2230840,1775260799999,178180000.0,585265,1241610.0,99223800.0
1775260800000,80.39,81.61,79.57,80.83,1562931,1775347199999,126025000.0,339581,778905.0,62795200.0
1775347200000,80.84,82.13,78.52,81.89,1732439,1775433599999,138744000.0,530668,857731.0,68713400.0
1775433600000,81.89,83.2,79.6,80.03,2730371,1775519999999,223719000.0,836312,1352930.0,110889000.0
1775520000000,80.03,87.02,78.38,85.56,4312599,1775606399999,352019000.0,1320957,2196610.0,179327000.0
1775606400000,85.56,85.9,82.24,82.57,2952759,1775692799999,248177000.0,910454,1433720.0,120513000.0
1775692800000,82.56,85.95,81.4,83.33,2775928,1775779199999,231023000.0,900238,1450800.0,120873000.0
1775779200000,83.33,85.67,82.62,84.83,2186078,1775865599999,183586000.0,684681,1137100.0,95446800.0
1775865600000,84.83,86.26,83.8,84.93,1570902,1775951999999,133251000.0,479797,811280.0,68846600.0
1775952000000,84.94,85.0,81.27,81.53,2174792,1776038399999,179048000.0,639807,1035640.0,85258500.0
